,result_creator,result_id,task_id,outer,inner
0,essatetig,0,275,33.39512807413155,8.208246286296644
1,mabtimoxike,1,275,,
2,mabtimoxike,2,275,,
3,bopevtunagaet,3,275,35.9522831676809,13.707523826269387
4,avteknene,4,275,53.31557789099845,14.891708510319988
5,aturrooqel,5,275,46.709560579271226,13.887558074260944
6,cedasfechece,6,275,39.01656470891,16.530820320006427
7,tehsidetegenichurgew,7,275,,
8,esrood,8,275,39.692681840836805,13.156753158080006
9,heacsuzterilsotnaho,9,275,5.880398986496838,2.1144567731702564
10,itseidlaelextu,10,275,,
11,enilavqo,11,275,49.36473232082764,23.75829444277282
12,tehsidetegenichurgew,12,275,,
13,ranotrete,13,275,6.935988512323951,1.3024394181556012
14,itseidlaelextu,14,275,,
15,seridzaja,15,275,,
16,sozeched,16,275,35.35665639653318,20.63676813069997
17,itseidlaelextu,17,275,,
18,itseidlaelextu,18,275,,
19,asbicapadnitiin,19,275,45.87382573491497,10.424402116612816
20,essatetig,20,778,14.483871715328606,2.843626453090466
21,mabtimoxike,21,778,,
22,mabtimoxike,22,778,,
23,bopevtunagaet,23,778,23.7582944427728,3.246333078377268
24,avteknene,24,778,24.616672920916365,5.400520695668037
25,aturrooqel,25,778,19.33418881574627,4.017801523656917
26,cedasfechece,26,778,14.654141138999613,4.585376382737103
27,tehsidetegenichurgew,27,778,,
28,esrood,28,778,15.05546290861553,5.14258337410566
29,heacsuzterilsotnaho,29,778,9.814417815393517,3.3374826506964284
30,itseidlaelextu,30,778,,
31,enilavqo,31,778,23.75829444277282,7.951351814720652
32,tehsidetegenichurgew,32,778,,
33,ranotrete,33,778,17.15548682033417,4.109646443535088
34,itseidlaelextu,34,778,,
35,seridzaja,35,778,23.75829444277282,23.75829444277282
36,sozeched,36,778,13.203143751578873,6.617280736442331
37,itseidlaelextu,37,778,,
38,itseidlaelextu,38,778,,
39,asbicapadnitiin,39,778,21.07850007142474,3.888868662874584
40,essatetig,40,1420,14.261878992965327,3.468481079857903
41,mabtimoxike,41,1420,,
42,ranotrete,42,1420,18.25029902659745,6.023267021263041
43,bopevtunagaet,43,1420,,
44,avteknene,44,1420,18.969606044988144,4.3573675816245565
45,aturrooqel,45,1420,16.75923105754692,5.961645042266324
46,cedasfechece,46,1420,13.6195841944691,8.191056972796677
47,tehsidetegenichurgew,47,1420,,
48,esrood,48,1420,15.121207600877522,4.836065973144402
49,heacsuzterilsotnaho,49,1420,,
50,itseidlaelextu,50,1420,,
51,enilavqo,51,1420,,
52,tehsidetegenichurgew,52,1420,,
53,ranotrete,53,1420,,
54,itseidlaelextu,54,1420,,
55,seridzaja,55,1420,,
56,sozeched,56,1420,,
57,itseidlaelextu,57,1420,,
58,itseidlaelextu,58,1420,,
59,asbicapadnitiin,59,1420,18.070939245303435,4.6513492185162
60,essatetig,60,13,8.6220883482905,1.4480576902188398
61,mabtimoxike,61,13,,
62,mabtimoxike,62,13,,
63,bopevtunagaet,63,13,,
64,avteknene,64,13,,
65,aturrooqel,65,13,,
66,aturrooqel,66,13,,
67,tehsidetegenichurgew,67,13,,
68,tehsidetegenichurgew,68,13,,
69,heacsuzterilsotnaho,69,13,,
70,itseidlaelextu,70,13,,
71,enilavqo,71,13,,
72,tehsidetegenichurgew,72,13,,
73,ranotrete,73,13,,
74,itseidlaelextu,74,13,,
75,seridzaja,75,13,,
76,sozeched,76,13,8.464436982765603,3.693376088072744
77,itseidlaelextu,77,13,,
78,itseidlaelextu,78,13,,
79,asbicapadnitiin,79,13,12.034693399388068,2.4145252220680677
80,essatetig,80,2246,31.050380182072388,11.026134912646278
81,mabtimoxike,81,2246,,
82,ranotrete,82,2246,,
83,bopevtunagaet,83,2246,,
84,avteknene,84,2246,30.879557246328098,12.64768225835692
85,aturrooqel,85,2246,37.17618678193447,13.68311429657834
86,cedasfechece,86,2246,31.40367430934673,15.76691505896257
87,tehsidetegenichurgew,87,2246,,
88,esrood,88,2246,32.90624948659892,15.354544390661331
89,heacsuzterilsotnaho,89,2246,28.65807785105518,16.693180745298324
90,itseidlaelextu,90,2246,,
91,enilavqo,91,2246,,
92,tehsidetegenichurgew,92,2246,,
93,ranotrete,93,2246,,
94,itseidlaelextu,94,2246,,
95,seridzaja,95,2246,23.75829444277282,23.7582944427728
96,sozeched,96,2246,,
97,itseidlaelextu,97,2246,,
98,itseidlaelextu,98,2246,,
99,asbicapadnitiin,99,2246,38.03732227969663,15.32319354123956
100,ixobilem,100,281,23.75829444277282,3.896521037163205
101,otolonechmegonit,101,281,17.483084527798262,4.573922599430549
102,quaemboizniluganic,102,281,58.101964627908345,31.97465854023209
103,echlimiseej,103,281,17.177708865616676,6.561049782163412
104,saekep,104,281,23.75829444277282,5.312799113172519
105,echlyidocteniemte,105,281,,
106,ecenivri,106,281,28.479074126200988,3.900280411910364
107,nehabazexzic,107,281,46.64837688752526,5.258885469723906
108,ingifokraelgaimche,108,281,,
109,essatetig,109,281,26.83243902002356,8.833141771289284
110,tehsidetegenichurgew,110,281,,
111,wiunatiwma,111,281,23.75829444277282,6.477606813492364
112,nyvulamru,112,281,18.962016684347063,5.866379490915834
113,epposnysarapbetar,113,281,23.75829444277282,23.75829444277281
114,suchorsexumowesfo,114,281,23.75829444277283,23.75829444277282
115,enalatsineles,115,281,23.7582944427728,4.729447909846839
116,ardoro,116,281,49.892498105707766,5.542185325061349
117,vudichtinechutiniqe,117,281,43.03152185666876,13.255069204160602
118,ladgioldigotytageh,118,281,14.766738503239145,5.66968639456426
119,nateqpaquydalji,119,281,29.7348705830042,5.66450269111828
120,ixobilem,120,1022,14.59333585284752,4.718813802807432
121,otolonechmegonit,121,1022,13.157917206105964,2.8393750272524847
122,quaemboizniluganic,122,1022,,
123,echlimiseej,123,1022,12.330808823030615,4.196576040251718
124,saekep,124,1022,11.713772990321292,3.2231852141388084
125,echlyidocteniemte,125,1022,,
126,ecenivri,126,1022,17.664181436639897,3.0802604527169
127,nehabazexzic,127,1022,23.75829444277282,8.167775256067193
128,ingifokraelgaimche,128,1022,,
129,essatetig,129,1022,11.110770012107984,3.1079777020724224
130,tehsidetegenichurgew,130,1022,,
131,wiunatiwma,131,1022,14.149011110139114,3.298823314856581
132,nyvulamru,132,1022,11.001880577077818,4.078482832053482
133,epposnysarapbetar,133,1022,,
134,suchorsexumowesfo,134,1022,,
135,enalatsineles,135,1022,11.677692641733575,2.602039218660462
136,ardoro,136,1022,11.765340243166827,4.723616022555279
137,vudichtinechutiniqe,137,1022,11.57179346908526,3.0951493369901684
138,ladgioldigotytageh,138,1022,11.125612141849864,4.5270939803038175
139,nateqpaquydalji,139,1022,14.206644900620883,4.197765377398168
140,ixobilem,140,1255,12.461113083070645,3.9648862704903
141,otolonechmegonit,141,1255,4.612623866414681,1.0946295045652583
142,quaemboizniluganic,142,1255,,
143,echlimiseej,143,1255,,
144,saekep,144,1255,,
145,echlyidocteniemte,145,1255,,
146,ecenivri,146,1255,15.057270468709111,2.427237159105142
147,nehabazexzic,147,1255,,
148,ingifokraelgaimche,148,1255,,
149,essatetig,149,1255,8.752458700468212,1.778254991094108
150,tehsidetegenichurgew,150,1255,,
151,wiunatiwma,151,1255,,
152,nyvulamru,152,1255,9.938808927149,3.327185563227781
153,epposnysarapbetar,153,1255,,
154,suchorsexumowesfo,154,1255,,
155,enalatsineles,155,1255,10.788688316645828,1.7331221038635938
156,ardoro,156,1255,12.566079864057144,4.108477510682988
157,vudichtinechutiniqe,157,1255,,
158,ladgioldigotytageh,158,1255,,
159,nateqpaquydalji,159,1255,,
160,ecenivri,160,1939,,
161,olaqirviif,161,1939,,
162,dorejif,162,1939,,
163,gelgegibnehdo,163,1939,,
164,wegewulcyoquudsas,164,1939,,
165,nateqpaquydalji,165,1939,,
166,ardoro,166,1939,,
167,essatetig,167,1939,,
168,refucejyoq,168,1939,,
169,huecarsaebne,169,1939,,
170,vudichtinechutiniqe,170,1939,,
171,quinutumvepa,171,1939,,
172,omnuoknechrapolich,172,1939,,
173,tiradcharedqiraslesyr,173,1939,,
174,enalatsineles,174,1939,,
175,nepedheffewixeprir,175,1939,23.75829444277282,7.784386104568183
176,ekpiteri,176,1939,,
177,wegewulcyoquudsas,177,1939,,
178,vudichtinechutiniqe,178,1939,,
179,aqtodeunneikvedav,179,1939,,
180,ecenivri,180,56,18.25596769166945,3.2065626863721186
181,olaqirviif,181,56,9.813937089733216,4.534779375951794
182,dorejif,182,56,14.346002373910888,7.137544183135104
183,gelgegibnehdo,183,56,13.729303091576678,5.557548398452109
184,wegewulcyoquudsas,184,56,10.19118045442571,5.467741386145036
185,nateqpaquydalji,185,56,,
186,ardoro,186,56,13.574688839074284,5.978589419641137
187,essatetig,187,56,13.260656097145112,2.2342450711225603
188,refucejyoq,188,56,,
189,huecarsaebne,189,56,15.399053095366094,4.905172983929369
190,vudichtinechutiniqe,190,56,,
191,quinutumvepa,191,56,,
192,omnuoknechrapolich,192,56,13.671965361455976,2.6585161583000074
193,tiradcharedqiraslesyr,193,56,23.75829444277282,23.75829444277282
194,enalatsineles,194,56,18.155409480551324,4.8356128498391096
195,nepedheffewixeprir,195,56,13.988593672918624,5.984203347107065
196,ekpiteri,196,56,,
197,wegewulcyoquudsas,197,56,16.429844942223262,10.241492496147124
198,vudichtinechutiniqe,198,56,,
199,aqtodeunneikvedav,199,56,14.907744996548573,4.120189802365825
200,telegvixanlanefof,200,1964,10.23547778395958,1.7253709886057031
201,mabtimoxike,201,1964,,
202,gelerutec,202,1964,,
203,itseidlaelextu,203,1964,,
204,rosiqxar,204,1964,,
205,ardoro,205,1964,11.555189001942392,5.0217682510758905
206,fizquanla,206,1964,8.528478181953334,2.933189745482805
207,ladgioldigotytageh,207,1964,6.648290992033548,3.3880947977293974
208,vudichtinechutiniqe,208,1964,,
209,lesdohanusre,209,1964,13.687088733538705,4.73084012355237
210,holonsac,210,1964,,
211,wegewulcyoquudsas,211,1964,11.849926991139585,6.979373681127834
212,ecenivri,212,1964,15.65097262321708,2.8914368662472314
213,essatetig,213,1964,9.59879142874521,1.692899811668665
214,itseidlaelextu,214,1964,,
215,ardoro,215,1964,11.344238248878048,4.140397184132141
216,enalatsineles,216,1964,6.849386055431395,0.5005855721128732
217,dykvedutna,217,1964,12.434792080678411,2.9395148115519225
218,vudichtinechutiniqe,218,1964,,
219,xivyxgic,219,1964,,
220,telegvixanlanefof,220,1424,7.659756392493074,1.653634371521293
221,mabtimoxike,221,1424,,
222,gelerutec,222,1424,,
223,itseidlaelextu,223,1424,,
224,rosiqxar,224,1424,,
225,ardoro,225,1424,10.748191953364676,4.620474472903626
226,fizquanla,226,1424,,
227,ladgioldigotytageh,227,1424,4.512232562190756,1.7625548866216412
228,vudichtinechutiniqe,228,1424,,
229,lesdohanusre,229,1424,10.882411477424744,2.917597284842452
230,lesdohanusre,230,1424,,
231,wegewulcyoquudsas,231,1424,,
232,ecenivri,232,1424,15.673316736694344,0.9212005176668476
233,essatetig,233,1424,5.816109673903452,1.38121975489989
234,itseidlaelextu,234,1424,,
235,ardoro,235,1424,8.219173775449438,3.442408238183066
236,enalatsineles,236,1424,8.802978638985705,0.492267853940012
237,dykvedutna,237,1424,,
238,vudichtinechutiniqe,238,1424,,
239,xivyxgic,239,1424,,
240,telegvixanlanefof,240,345,,
241,mabtimoxike,241,345,,
242,gelerutec,242,345,,
243,itseidlaelextu,243,345,23.758294442772844,23.7582944427728
244,rosiqxar,244,345,,
245,ardoro,245,345,10.77588735115582,1.9081633744313715
246,fizquanla,246,345,,
247,ladgioldigotytageh,247,345,6.614143877426192,2.97564188147316
248,vudichtinechutiniqe,248,345,5.998169075611815,2.0841411897214823
249,lesdohanusre,249,345,11.675301580795912,2.361864705329669
250,holonsac,250,345,,
251,wegewulcyoquudsas,251,345,8.852799630319184,6.300785480072619
252,ecenivri,252,345,13.729232312706383,1.2081748436132065
253,essatetig,253,345,7.705621318498671,1.999618133873676
254,itseidlaelextu,254,345,,
255,ardoro,255,345,14.672264026088667,2.12183843668271
256,enalatsineles,256,345,12.01620952169976,2.380962189788695
257,dykvedutna,257,345,9.190007986640136,2.6055551062259803
258,vudichtinechutiniqe,258,345,,
259,xivyxgic,259,345,3.3986972947987004,1.621175367271818
260,telegvixanlanefof,260,318,39.325823299495845,7.621527051812073
261,mabtimoxike,261,318,,
262,gelerutec,262,318,23.75829444277282,23.75829444277282
263,itseidlaelextu,263,318,,
264,rosiqxar,264,318,,
265,ardoro,265,318,13.042557808022387,5.145985984859548
266,fizquanla,266,318,11.729254648242058,3.138650089601478
267,ladgioldigotytageh,267,318,6.681513390176892,3.21364548840525
268,vudichtinechutiniqe,268,318,7.611300774880031,2.188601084963365
269,lesdohanusre,269,318,14.4145734131806,4.55093870941723
270,holonsac,270,318,,
271,wegewulcyoquudsas,271,318,10.935482772285797,5.886279914731296
272,ecenivri,272,318,19.509389437685005,3.778034737262863
273,essatetig,273,318,8.746014875220332,2.011733038779221
274,itseidlaelextu,274,318,,
275,ardoro,275,318,14.09328202015877,4.098076444412567
276,enalatsineles,276,318,17.20282860919931,4.580763326881232
277,dykvedutna,277,318,12.807563909510211,3.3156926599277528
278,vudichtinechutiniqe,278,318,7.966561394793898,2.928380577449616
279,xivyxgic,279,318,,
280,gelerutec,280,11,,
281,itseidlaelextu,281,11,,
282,ardoro,282,11,21.08900398448808,5.819599954565608
283,holonsac,283,11,23.75829444277282,6.038761991073945
284,vudichtinechutiniqe,284,11,,
285,itrewafutxon,285,11,,
286,feysregopuc,286,11,,
287,meiwhoelsirrise,287,11,,
288,gelerutec,288,11,,
289,fiahlamuawetulko,289,11,19.90858020813702,9.52384875918495
290,catafewechu,290,11,,
291,ardoro,291,11,22.08079682975277,6.205031753698394
292,itseidlaelextu,292,11,,
293,gelerutec,293,11,,
294,tiradcharedqiraslesyr,294,11,,
295,ecenivri,295,11,28.381606205511225,7.180880751606071
296,enalatsineles,296,11,18.312846385316348,9.219528867128972
297,itseidlaelextu,297,11,,
298,essatetig,298,11,14.423686524594332,2.9566217347136057
299,gelerutec,299,11,,
300,lesdohanusre,300,1622,23.75829444277283,4.48069355071832
301,tiradcharedqiraslesyr,301,1622,,
302,gelerutec,302,1622,,
303,omquadowro,303,1622,,
304,hedeohfule,304,1622,,
305,itseidlaelextu,305,1622,,
306,sozeched,306,1622,25.977631554784782,11.801844547639512
307,gelerutec,307,1622,,
308,itseidlaelextu,308,1622,,
309,gelerutec,309,1622,,
310,juchlibnaltyve,310,1622,6.894510748468945,2.7546817152988408
311,admezdachar,311,1622,,
312,ekpiteri,312,1622,17.81184623530548,2.975020536005085
313,ardoro,313,1622,13.136399889073047,4.153676157534241
314,tiradcharedqiraslesyr,314,1622,,
315,itseidlaelextu,315,1622,,
316,gelerutec,316,1622,,
317,vumaemof,317,1622,12.032082989026662,2.4950214192507465
318,catafewechu,318,1622,14.448872904149518,1.843202400378587
319,vudichtinechutiniqe,319,1622,,
320,lesdohanusre,320,358,,
321,tiradcharedqiraslesyr,321,358,,
322,gelerutec,322,358,,
323,omquadowro,323,358,,
324,hedeohfule,324,358,,
325,itseidlaelextu,325,358,,
326,sozeched,326,358,,
327,gelerutec,327,358,,
328,itseidlaelextu,328,358,,
329,gelerutec,329,358,,
330,juchlibnaltyve,330,358,19.2890314995735,10.255733186762075
331,admezdachar,331,358,,
332,ekpiteri,332,358,,
333,ardoro,333,358,,
334,tiradcharedqiraslesyr,334,358,,
335,itseidlaelextu,335,358,,
336,gelerutec,336,358,,
337,vumaemof,337,358,,
338,catafewechu,338,358,,
339,vudichtinechutiniqe,339,358,,
340,lesdohanusre,340,1920,,
341,tiradcharedqiraslesyr,341,1920,,
342,gelerutec,342,1920,,
343,omquadowro,343,1920,,
344,hedeohfule,344,1920,,
345,itseidlaelextu,345,1920,,
346,sozeched,346,1920,,
347,gelerutec,347,1920,,
348,itseidlaelextu,348,1920,,
349,gelerutec,349,1920,,
350,juchlibnaltyve,350,1920,7.146120159201486,2.3110601036540657
351,admezdachar,351,1920,,
352,ekpiteri,352,1920,,
353,ardoro,353,1920,,
354,tiradcharedqiraslesyr,354,1920,,
355,itseidlaelextu,355,1920,,
356,gelerutec,356,1920,,
357,vumaemof,357,1920,,
358,catafewechu,358,1920,,
359,vudichtinechutiniqe,359,1920,,
360,lesdohanusre,360,2000,38.51888409892896,15.801913803598731
361,tiradcharedqiraslesyr,361,2000,42.81769924737997,17.17770886557945
362,gelerutec,362,2000,,
363,omquadowro,363,2000,,
364,hedeohfule,364,2000,,
365,itseidlaelextu,365,2000,,
366,sozeched,366,2000,44.061279471872126,24.85745952826565
367,gelerutec,367,2000,,
368,itseidlaelextu,368,2000,,
369,gelerutec,369,2000,,
370,juchlibnaltyve,370,2000,37.25848762832838,16.412486608290237
371,admezdachar,371,2000,,
372,ekpiteri,372,2000,45.0898484935963,18.049385797346943
373,ardoro,373,2000,38.35237012197194,17.365420038101902
374,tiradcharedqiraslesyr,374,2000,35.73946273445229,17.996148425435774
375,itseidlaelextu,375,2000,,
376,gelerutec,376,2000,,
377,vumaemof,377,2000,40.998946749543705,19.227722096281862
378,catafewechu,378,2000,,
379,vudichtinechutiniqe,379,2000,48.27191584033221,23.75829444277282
380,lesdohanusre,380,1252,10.2566898911505,3.079625697163543
381,tiradcharedqiraslesyr,381,1252,11.111873337098867,3.3921463853453933
382,gelerutec,382,1252,,
383,omquadowro,383,1252,13.993236105667712,4.9144257345113225
384,hedeohfule,384,1252,,
385,itseidlaelextu,385,1252,,
386,sozeched,386,1252,17.018682848801703,7.009600282981754
387,gelerutec,387,1252,,
388,itseidlaelextu,388,1252,,
389,gelerutec,389,1252,,
390,juchlibnaltyve,390,1252,,
391,admezdachar,391,1252,16.26933752064366,12.744806880208747
392,ekpiteri,392,1252,14.158377802219755,3.712336226767376
393,ardoro,393,1252,13.275884862937303,4.3203925697829
394,tiradcharedqiraslesyr,394,1252,12.333356591990864,4.009795325772973
395,itseidlaelextu,395,1252,,
396,gelerutec,396,1252,,
397,vumaemof,397,1252,11.249347909291616,2.3526754740437648
398,catafewechu,398,1252,,
399,vudichtinechutiniqe,399,1252,8.954639658450523,3.9557533811208607
400,gelerutec,400,661,,
401,itseidlaelextu,401,661,,
402,quaemboizniluganic,402,661,,
403,tiradcharedqiraslesyr,403,661,,
404,lagebolan,404,661,33.955064939048704,10.74092874243223
405,otolonechmegonit,405,661,3.0355914481591806,0.9590224759636984
406,gelerutec,406,661,,
407,itseidlaelextu,407,661,,
408,vudichtinechutiniqe,408,661,35.334424012062506,14.165101611766234
409,lazagopita,409,661,34.22108518251536,12.117500983572834
410,essatetig,410,661,25.59650437060674,9.469995046580934
411,admezdachar,411,661,,
412,tiradcharedqiraslesyr,412,661,,
413,lesdohanusre,413,661,23.75829444277283,10.062977471969454
414,vudichtinechutiniqe,414,661,31.11940600429639,12.514190303968254
415,chaquyir,415,661,,
416,ekpiteri,416,661,37.45680004195077,12.49582459232276
417,ehonursixefutren,417,661,,
418,neecygiw,418,661,29.98622251865493,12.45449192639725
419,vudichtinechutiniqe,419,661,32.25056191749181,12.057270222326496
420,gelerutec,420,995,,
421,itseidlaelextu,421,995,,
422,quaemboizniluganic,422,995,,
423,tiradcharedqiraslesyr,423,995,16.572097987612853,5.87048251953007
424,lagebolan,424,995,,
425,otolonechmegonit,425,995,15.88504867496339,5.109045355296714
426,gelerutec,426,995,,
427,itseidlaelextu,427,995,,
428,vudichtinechutiniqe,428,995,17.336185865519155,7.995039245649751
429,lazagopita,429,995,15.073656206293713,6.984420532283326
430,essatetig,430,995,18.12883513041313,4.884476591993033
431,admezdachar,431,995,,
432,tiradcharedqiraslesyr,432,995,16.126526845364317,5.57903749877356
433,lesdohanusre,433,995,23.75829444277283,6.856075065086412
434,vudichtinechutiniqe,434,995,16.318272138596246,6.78897643905494
435,chaquyir,435,995,23.75829444277283,23.75829444277281
436,ekpiteri,436,995,22.470182365930533,6.816993426467553
437,ehonursixefutren,437,995,,
438,neecygiw,438,995,19.39646178631041,6.676107192675715
439,vudichtinechutiniqe,439,995,16.22095438615792,4.29833940100242
440,gelerutec,440,120,,
441,itseidlaelextu,441,120,,
442,quaemboizniluganic,442,120,,
443,tiradcharedqiraslesyr,443,120,,
444,lagebolan,444,120,,
445,otolonechmegonit,445,120,8.779327040834453,0.7107982244980521
446,gelerutec,446,120,,
447,itseidlaelextu,447,120,,
448,vudichtinechutiniqe,448,120,,
449,lazagopita,449,120,7.019646893498393,2.525231882943778
450,essatetig,450,120,10.385034505150948,1.0431795273296856
451,admezdachar,451,120,,
452,tiradcharedqiraslesyr,452,120,,
453,lesdohanusre,453,120,9.17129707227859,2.282869353129161
454,vudichtinechutiniqe,454,120,,
455,chaquyir,455,120,,
456,ekpiteri,456,120,13.544521006688862,2.726543736780691
457,ehonursixefutren,457,120,23.75829444277282,23.75829444277282
458,neecygiw,458,120,8.21521917126933,2.1886010849565816
459,vudichtinechutiniqe,459,120,,
460,gelerutec,460,1179,,
461,itseidlaelextu,461,1179,,
462,quaemboizniluganic,462,1179,,
463,tiradcharedqiraslesyr,463,1179,,
464,lagebolan,464,1179,,
465,otolonechmegonit,465,1179,4.829753342576859,1.0217245447918368
466,gelerutec,466,1179,,
467,itseidlaelextu,467,1179,,
468,vudichtinechutiniqe,468,1179,,
469,lazagopita,469,1179,,
470,essatetig,470,1179,,
471,admezdachar,471,1179,,
472,tiradcharedqiraslesyr,472,1179,,
473,lesdohanusre,473,1179,23.7582944427728,2.9645563259428496
474,vudichtinechutiniqe,474,1179,,
475,chaquyir,475,1179,,
476,ekpiteri,476,1179,17.02294116701553,4.296460089185109
477,ehonursixefutren,477,1179,,
478,neecygiw,478,1179,8.764551848858012,2.775735574015908
479,vudichtinechutiniqe,479,1179,,
480,gelerutec,480,2306,,
481,itseidlaelextu,481,2306,,
482,quaemboizniluganic,482,2306,,
483,tiradcharedqiraslesyr,483,2306,14.304588757819134,4.201785640403133
484,lagebolan,484,2306,,
485,otolonechmegonit,485,2306,5.168967252463836,1.4597729646303492
486,gelerutec,486,2306,,
487,itseidlaelextu,487,2306,,
488,vudichtinechutiniqe,488,2306,10.10555593712172,1.7485733501034044
489,lazagopita,489,2306,13.550351534314585,5.461010847132356
490,essatetig,490,2306,8.45425914631853,1.795591405052008
491,admezdachar,491,2306,,
492,tiradcharedqiraslesyr,492,2306,13.55035153435604,3.656412399129716
493,lesdohanusre,493,2306,11.885093039273068,5.581050326084514
494,vudichtinechutiniqe,494,2306,7.300064808750465,1.4540274184742563
495,chaquyir,495,2306,,
496,ekpiteri,496,2306,22.658884037268813,4.281029087603095
497,ehonursixefutren,497,2306,,
498,neecygiw,498,2306,8.451687527993068,2.837628433571402
499,vudichtinechutiniqe,499,2306,8.327401759520534,2.526016662575039
500,gelerutec,500,1473,,
501,itseidlaelextu,501,1473,,
502,quaemboizniluganic,502,1473,,
503,tiradcharedqiraslesyr,503,1473,,
504,lagebolan,504,1473,13.750908622084909,3.116931737643608
505,otolonechmegonit,505,1473,6.5831436555746565,1.4241972126297489
506,gelerutec,506,1473,,
507,itseidlaelextu,507,1473,,
508,vudichtinechutiniqe,508,1473,,
509,lazagopita,509,1473,7.924486485336071,2.7055700119468247
510,essatetig,510,1473,9.238526690278876,1.362490847499341
511,admezdachar,511,1473,,
512,tiradcharedqiraslesyr,512,1473,,
513,lesdohanusre,513,1473,11.94252029571422,2.161295449093684
514,vudichtinechutiniqe,514,1473,,
515,chaquyir,515,1473,,
516,ekpiteri,516,1473,13.488722580881092,4.54503313538894
517,ehonursixefutren,517,1473,,
518,neecygiw,518,1473,12.477345457677195,3.5168745421678294
519,vudichtinechutiniqe,519,1473,,
520,ehacanemreurgias,520,268,,
521,tiradcharedqiraslesyr,521,268,,
522,admezdachar,522,268,18.786386019783126,6.194671663125034
523,ixobilem,523,268,17.435003697466804,6.094624275437875
524,vudichtinechutiniqe,524,268,,
525,catafewechu,525,268,,
526,lesdohanusre,526,268,23.7582944427728,5.032558099188418
527,tiradcharedqiraslesyr,527,268,,
528,lijies,528,268,16.667365601704354,5.767654821108852
529,catafewechu,529,268,23.75829444277282,3.724263867812747
530,catafewechu,530,268,19.43967707096465,5.833440538416322
531,otolonechmegonit,531,268,6.9551094090129215,1.620423703303267
532,ilchivilexidedol,532,268,25.449013672323726,9.94746173313555
533,quaemboizniluganic,533,268,,
534,tiradcharedqiraslesyr,534,268,,
535,admezdachar,535,268,,
536,sozeched,536,268,36.98605593826664,13.817727353485852
537,tiradcharedqiraslesyr,537,268,,
538,fosineqgu,538,268,,
539,lesdohanusre,539,268,23.75829444277282,5.28951051689614
540,ehacanemreurgias,540,1551,,
541,tiradcharedqiraslesyr,541,1551,37.60460402557483,14.481033151818789
542,admezdachar,542,1551,,
543,ixobilem,543,1551,36.01495021076259,15.217342544261438
544,vudichtinechutiniqe,544,1551,38.98412122284262,13.24376640328777
545,catafewechu,545,1551,,
546,lesdohanusre,546,1551,43.54605997482924,10.074651964036685
547,tiradcharedqiraslesyr,547,1551,36.11693611495281,13.195321075892318
548,lijies,548,1551,33.144195975251456,14.873477696386106
549,catafewechu,549,1551,,
550,catafewechu,550,1551,32.62828454378169,13.365408459093487
551,otolonechmegonit,551,1551,27.917336952902215,14.072103180711128
552,ilchivilexidedol,552,1551,50.41840219161846,14.88892304827684
553,quaemboizniluganic,553,1551,,
554,tiradcharedqiraslesyr,554,1551,35.70713316384099,16.35055466339657
555,admezdachar,555,1551,,
556,sozeched,556,1551,39.15927238324417,23.75829444277283
557,tiradcharedqiraslesyr,557,1551,38.07670632470924,15.042553149578296
558,fosineqgu,558,1551,,
559,lesdohanusre,559,1551,42.0076636612788,16.032291529823457
560,ehacanemreurgias,560,1409,,
561,tiradcharedqiraslesyr,561,1409,16.114869254035735,4.144615824937208
562,admezdachar,562,1409,,
563,ixobilem,563,1409,17.435003697466794,5.28769076518997
564,vudichtinechutiniqe,564,1409,23.75829444277282,7.494786957451832
565,catafewechu,565,1409,,
566,lesdohanusre,566,1409,23.75829444277282,6.0669626512212815
567,tiradcharedqiraslesyr,567,1409,16.839198655473094,5.3606820342168575
568,lijies,568,1409,16.804972606565737,6.832822358632764
569,catafewechu,569,1409,,
570,catafewechu,570,1409,,
571,otolonechmegonit,571,1409,17.43417528911995,3.689696911801769
572,ilchivilexidedol,572,1409,17.24461353503068,4.833411099540848
573,quaemboizniluganic,573,1409,,
574,tiradcharedqiraslesyr,574,1409,,
575,admezdachar,575,1409,,
576,sozeched,576,1409,23.75829444277283,10.04739108915059
577,tiradcharedqiraslesyr,577,1409,,
578,fosineqgu,578,1409,,
579,lesdohanusre,579,1409,23.75829444277282,5.715482097631582
580,ehacanemreurgias,580,1078,42.57950062883447,23.75829444277282
581,tiradcharedqiraslesyr,581,1078,20.92511783047216,7.633297742150098
582,admezdachar,582,1078,23.7582944427728,8.832251735967255
583,ixobilem,583,1078,21.18023097864856,9.23903859900456
584,vudichtinechutiniqe,584,1078,23.75829444277283,9.645117042335745
585,catafewechu,585,1078,23.7582944427728,8.689894456717477
586,lesdohanusre,586,1078,21.478128123232292,4.784572587289246
587,tiradcharedqiraslesyr,587,1078,19.859284101807013,7.803882537658196
588,lijies,588,1078,20.046844162331418,7.578049987697791
589,catafewechu,589,1078,23.75829444277281,6.424926034311826
590,catafewechu,590,1078,23.75829444277281,11.294173515158391
591,otolonechmegonit,591,1078,19.94749203410894,8.778245607973505
592,ilchivilexidedol,592,1078,23.7582944427728,7.349993143405542
593,quaemboizniluganic,593,1078,,
594,tiradcharedqiraslesyr,594,1078,22.3358552541141,8.762986828356988
595,admezdachar,595,1078,23.75829444277282,10.309635668514824
596,sozeched,596,1078,23.75829444277283,11.515059430970478
597,tiradcharedqiraslesyr,597,1078,19.70012646147335,8.984577667132916
598,fosineqgu,598,1078,24.31071767819643,7.287584680034426
599,lesdohanusre,599,1078,31.9483405005102,8.508010482168919
600,quaemboizniluganic,600,1504,,
601,nazaledobrirozhyn,601,1504,23.75829444277282,5.985304683481085
602,ekpiteri,602,1504,17.044896177319263,3.5084662654030687
603,evtakalcinoqunenetse,603,1504,19.118735977682967,3.0832335395713755
604,emfigon,604,1504,18.15330727851981,4.570283951255995
605,quaemboizniluganic,605,1504,,
606,quaemboizniluganic,606,1504,,
607,irolserasisareslek,607,1504,,
608,ekpiteri,608,1504,,
609,firtihqoit,609,1504,15.48552044373888,2.3692480858092524
610,fiahlamuawetulko,610,1504,10.415033134416475,4.247005088568254
611,gotuilpos,611,1504,,
612,juchlibnaltyve,612,1504,13.292261974401052,4.117263680811606
613,lesdohanusre,613,1504,23.75829444277282,6.106915157600889
614,fosineqgu,614,1504,,
615,vegliarchiuquun,615,1504,23.75829444277282,23.75829444277282
616,neranesaceakge,616,1504,14.762205439535697,4.739549521869308
617,fizquanla,617,1504,11.999336249177606,4.4963314716821605
618,lijies,618,1504,16.330814874467464,4.446652894133681
619,vusaapro,619,1504,15.126428305367236,3.583488520375371
620,quaemboizniluganic,620,1789,,
621,nazaledobrirozhyn,621,1789,10.66025126665643,2.193459250958796
622,ekpiteri,622,1789,7.452664657740394,2.590562593126777
623,evtakalcinoqunenetse,623,1789,9.685690944898084,1.4584626964208571
624,emfigon,624,1789,8.199184790383217,3.255210636715786
625,quaemboizniluganic,625,1789,,
626,quaemboizniluganic,626,1789,,
627,irolserasisareslek,627,1789,,
628,ekpiteri,628,1789,8.849415748047058,2.725089450734453
629,firtihqoit,629,1789,9.51006463541317,2.096222861630729
630,fiahlamuawetulko,630,1789,5.993388167310167,1.6588331512653092
631,gotuilpos,631,1789,,
632,juchlibnaltyve,632,1789,6.044197957558303,1.6661513343759158
633,lesdohanusre,633,1789,10.531819581584571,2.6156781730353007
634,fosineqgu,634,1789,7.287584680010087,1.5850918215251022
635,vegliarchiuquun,635,1789,,
636,neranesaceakge,636,1789,10.286787272818293,3.2561999974843765
637,fizquanla,637,1789,5.03532445190201,1.6635927816293457
638,lijies,638,1789,7.101420640278585,1.6480759209414606
639,vusaapro,639,1789,8.873216468367286,2.253872784055684
640,quaemboizniluganic,640,235,,
641,nazaledobrirozhyn,641,235,30.89659116223036,8.511892459360517
642,ekpiteri,642,235,31.69488292484441,11.707748527815689
643,evtakalcinoqunenetse,643,235,37.16296719656567,10.83122467632166
644,emfigon,644,235,26.950428192345424,16.029396589921777
645,quaemboizniluganic,645,235,,
646,quaemboizniluganic,646,235,,
647,irolserasisareslek,647,235,29.215656790543704,9.32797907431384
648,ekpiteri,648,235,35.67093062396208,11.578072164527756
649,firtihqoit,649,235,23.75829444277282,8.110584765744827
650,fiahlamuawetulko,650,235,,
651,gotuilpos,651,235,30.241887242786177,11.906518117512682
652,juchlibnaltyve,652,235,31.19986925252195,10.069199777715191
653,lesdohanusre,653,235,33.54135341667032,10.943005424835093
654,fosineqgu,654,235,35.66285936444007,9.81909702635905
655,vegliarchiuquun,655,235,,
656,neranesaceakge,656,235,36.9240348366665,8.29383550004172
657,fizquanla,657,235,34.91232180326657,10.561387761153268
658,lijies,658,235,29.940745471027288,10.667857902470663
659,vusaapro,659,235,27.53955162551055,9.779678116151072
660,quaemboizniluganic,660,460,,
661,nazaledobrirozhyn,661,460,14.6023417736379,4.173298629617659
662,ekpiteri,662,460,18.87123697524287,6.445245682877127
663,evtakalcinoqunenetse,663,460,4.384605669944236,1.0194404199264413
664,emfigon,664,460,,
665,quaemboizniluganic,665,460,,
666,quaemboizniluganic,666,460,,
667,irolserasisareslek,667,460,,
668,ekpiteri,668,460,22.833902324658705,5.595434720341519
669,firtihqoit,669,460,15.023161519281665,2.9322886272686084
670,fiahlamuawetulko,670,460,,
671,gotuilpos,671,460,,
672,juchlibnaltyve,672,460,14.049805888990326,5.034963509218257
673,lesdohanusre,673,460,17.202828609233627,5.8233752728522
674,fosineqgu,674,460,23.22009403475729,4.351045283739198
675,vegliarchiuquun,675,460,,
676,neranesaceakge,676,460,,
677,fizquanla,677,460,,
678,lijies,678,460,16.33364657776911,4.146917750020791
679,vusaapro,679,460,,
680,quaemboizniluganic,680,1442,,
681,nazaledobrirozhyn,681,1442,15.10914533986383,5.767502085441583
682,ekpiteri,682,1442,20.83591669387983,5.532167913480911
683,evtakalcinoqunenetse,683,1442,15.99549270940064,3.714592052152301
684,emfigon,684,1442,,
685,quaemboizniluganic,685,1442,,
686,quaemboizniluganic,686,1442,,
687,irolserasisareslek,687,1442,,
688,ekpiteri,688,1442,23.7582944427728,5.31488514534719
689,firtihqoit,689,1442,12.876995587982885,4.750070177511142
690,fiahlamuawetulko,690,1442,,
691,gotuilpos,691,1442,,
692,juchlibnaltyve,692,1442,11.425002081379027,4.857801092626828
693,lesdohanusre,693,1442,16.41501294490999,5.555830965019972
694,fosineqgu,694,1442,15.032739563946418,4.4009523999852425
695,vegliarchiuquun,695,1442,23.75829444277283,23.75829444277283
696,neranesaceakge,696,1442,13.42426361158762,4.1268657826595785
697,fizquanla,697,1442,,
698,lijies,698,1442,13.96039284603437,3.240901396246297
699,vusaapro,699,1442,16.6414376126136,5.083106116463882
700,lesdohanusre,700,1996,23.75829444277281,3.7545954949610345
701,cerniirdured,701,1996,15.288851710306512,5.166846448021289
702,faquuqucatenarylquy,702,1996,15.786629455309605,6.472367383865662
703,tynevuhjeredysedgen,703,1996,19.87791699127423,5.823375272826261
704,lesdohanusre,704,1996,23.75829444277282,2.909669974461488
705,essatetig,705,1996,20.388576347671226,4.7723495639025
706,ixfatadle,706,1996,15.511518946383108,5.318820129072368
707,catafewechu,707,1996,18.84780956225507,4.169479787312233
708,fosineqgu,708,1996,18.466211820265244,4.260876504487917
709,ekpiteri,709,1996,23.7582944427728,5.253910731708107
710,denaotejweirrenma,710,1996,18.914477216475373,4.579160484392264
711,tailhivosgaf,711,1996,8.537193209586349,3.5678238417401014
712,vegliarchiuquun,712,1996,23.7582944427728,5.101227250435549
713,anloqes,713,1996,,
714,sozeched,714,1996,23.758294442772787,9.768838918350472
715,fizquanla,715,1996,,
716,emliretfulan,716,1996,23.75829444277283,5.015567209081816
717,essatetig,717,1996,14.493270486174978,3.829878196237396
718,lesdohanusre,718,1996,23.7582944427728,4.294853955585533
719,oqtoyzda,719,1996,23.7582944427728,4.982534471971997
720,lesdohanusre,720,1151,23.75829444277282,6.094990973419999
721,cerniirdured,721,1151,16.691018327605363,4.528667468721371
722,faquuqucatenarylquy,722,1151,18.725363941642087,6.308434787418595
723,tynevuhjeredysedgen,723,1151,32.94382181468244,3.165317094640665
724,lesdohanusre,724,1151,14.581111359186332,4.339472772665658
725,essatetig,725,1151,12.554600358378575,4.268519214917284
726,ixfatadle,726,1151,12.886020339896431,4.006461964067805
727,catafewechu,727,1151,12.729806138221226,2.970122643599607
728,fosineqgu,728,1151,21.16621475241593,2.4458426344007145
729,ekpiteri,729,1151,23.75829444277282,5.507474040192813
730,denaotejweirrenma,730,1151,20.388576347671204,4.810910948685167
731,tailhivosgaf,731,1151,5.477694375689726,1.9913777120732925
732,vegliarchiuquun,732,1151,49.466680541585085,23.75829444277282
733,anloqes,733,1151,8.906028035747493,2.099996039271697
734,sozeched,734,1151,23.75829444277282,8.497509682354599
735,fizquanla,735,1151,10.989923709369604,6.237553548111366
736,emliretfulan,736,1151,12.531469751852873,4.616285109456898
737,essatetig,737,1151,13.098004969506867,3.032275708679956
738,lesdohanusre,738,1151,23.75829444277282,2.984915410333365
739,oqtoyzda,739,1151,18.25029902659606,5.247119282128359
740,lesdohanusre,740,2061,35.37106742987436,10.191180454463996
741,cerniirdured,741,2061,24.562937559825205,11.282147523828025
742,faquuqucatenarylquy,742,2061,22.96823729824867,11.546342102926852
743,tynevuhjeredysedgen,743,2061,22.80585083702106,9.05145044502819
744,lesdohanusre,744,2061,30.54047660852802,7.515493841037778
745,essatetig,745,2061,22.47723569428349,7.015776466264657
746,ixfatadle,746,2061,20.277362477209152,8.992662943377203
747,catafewechu,747,2061,,
748,fosineqgu,748,2061,23.67958786703141,9.803534188514554
749,ekpiteri,749,2061,27.843581223676644,11.352565498779038
750,denaotejweirrenma,750,2061,25.824526326538347,5.897232000371271
751,tailhivosgaf,751,2061,15.12783562943339,7.747709902312062
752,vegliarchiuquun,752,2061,28.48221756764964,13.0656389181871
753,anloqes,753,2061,,
754,sozeched,754,2061,52.35940564199933,23.7582944427728
755,fizquanla,755,2061,23.25480629420618,11.052973047729015
756,emliretfulan,756,2061,25.834044219069007,8.455507215155444
757,essatetig,757,2061,24.143046621277858,9.896388348881043
758,lesdohanusre,758,2061,29.1655705128775,6.225396124324472
759,oqtoyzda,759,2061,25.39705849038236,11.816100454770854
760,lesdohanusre,760,642,23.75829444277282,6.669907802010233
761,cerniirdured,761,642,33.446723620773554,9.48691816935548
762,faquuqucatenarylquy,762,642,,
763,tynevuhjeredysedgen,763,642,35.33849737934027,12.01101556879231
764,lesdohanusre,764,642,28.228405541773284,6.606208579379612
765,essatetig,765,642,27.905315683140344,12.122043740580654
766,ixfatadle,766,642,11.368444013866306,3.5452635496861804
767,catafewechu,767,642,,
768,fosineqgu,768,642,,
769,ekpiteri,769,642,33.29074852464869,13.357661750792214
770,denaotejweirrenma,770,642,31.496936108163567,11.318354979681423
771,tailhivosgaf,771,642,3.931927809935448,1.1501480448289334
772,vegliarchiuquun,772,642,66.4835304120238,23.75829444277282
773,anloqes,773,642,,
774,sozeched,774,642,47.72195051162434,23.758294442772787
775,fizquanla,775,642,10.965683003123322,4.773164754643926
776,emliretfulan,776,642,30.59730327249655,11.769267205760976
777,essatetig,777,642,10.335718668858052,2.937191370431547
778,lesdohanusre,778,642,29.052618961618908,9.673236976776508
779,oqtoyzda,779,642,,
780,lesdohanusre,780,1461,16.09624448497856,7.150980494419303
781,cerniirdured,781,1461,12.494259382786176,3.899889026655587
782,faquuqucatenarylquy,782,1461,,
783,tynevuhjeredysedgen,783,1461,16.17652550412059,4.73807786462088
784,lesdohanusre,784,1461,12.151288615989786,3.1359123942914837
785,essatetig,785,1461,14.048953406694617,2.4721138814007757
786,essatetig,786,1461,,
787,catafewechu,787,1461,,
788,fosineqgu,788,1461,13.794438742188207,4.142578440314095
789,ekpiteri,789,1461,20.027358275466955,7.511117159684803
790,denaotejweirrenma,790,1461,14.04263445794336,4.184278124063156
791,tailhivosgaf,791,1461,11.251161900321703,4.392270036087751
792,vegliarchiuquun,792,1461,17.41615592941662,8.651471454525112
793,anloqes,793,1461,10.782246396105563,3.0688815798812974
794,sozeched,794,1461,30.48601418764496,13.178070854475555
795,fizquanla,795,1461,,
796,emliretfulan,796,1461,,
797,essatetig,797,1461,14.114202770866775,3.745375216477624
798,lesdohanusre,798,1461,17.051555073627686,3.2120515532031217
799,oqtoyzda,799,1461,18.78661521381624,3.896820608814017
800,holonsac,800,2008,23.7582944427728,4.561170167432664
801,gelgegibnehdo,801,2008,10.94166367146151,2.1934592509611
802,jawwejaeseszirve,802,2008,,
803,ekpiteri,803,2008,9.412868746810622,2.2349910387940444
804,gelerutec,804,2008,,
805,jawwejaeseszirve,805,2008,,
806,cojyrnehnemihhi,806,2008,10.553822634843096,2.399022844479119
807,lesdohanusre,807,2008,11.159719639745536,3.58268949660355
808,essatetig,808,2008,7.13564768348019,1.2842765709006128
809,feretke,809,2008,4.7191541607643686,2.177981089682523
810,catafewechu,810,2008,8.506060398077256,1.8171303317157264
811,gelerutec,811,2008,,
812,otolonechmegonit,812,2008,6.491592210142523,1.8337922260855288
813,taanreit,813,2008,9.754698646718218,1.6581883912618196
814,attetpodgiyxsunon,814,2008,10.567865048328157,1.1261543796248046
815,denaotejweirrenma,815,2008,10.827801859160898,1.7443158891164088
816,gelerutec,816,2008,,
817,jawwejaeseszirve,817,2008,,
818,raechtiwoteenci,818,2008,12.0720211143736,3.2404516421128617
819,chonegoquqjeve,819,2008,11.330806620582036,3.103463055909552
820,holonsac,820,2199,23.7582944427728,5.094862647488533
821,gelgegibnehdo,821,2199,13.132322048259583,3.2340989650566114
822,jawwejaeseszirve,822,2199,,
823,ekpiteri,823,2199,12.619363830747163,3.99284595415233
824,gelerutec,824,2199,,
825,jawwejaeseszirve,825,2199,,
826,cojyrnehnemihhi,826,2199,17.202828609202268,3.5683793355728906
827,lesdohanusre,827,2199,13.246714926042154,2.2895802421859357
828,essatetig,828,2199,7.027799189301168,2.77453087512196
829,feretke,829,2199,13.20135588007097,4.443449003435182
830,catafewechu,830,2199,10.948203166192208,2.4906041456446357
831,gelerutec,831,2199,,
832,otolonechmegonit,832,2199,8.019215573798316,2.6926520464423715
833,taanreit,833,2199,15.086069066966962,3.278442243067021
834,attetpodgiyxsunon,834,2199,10.708872175903414,3.206880084056825
835,denaotejweirrenma,835,2199,13.062701745064794,2.797023135094189
836,gelerutec,836,2199,,
837,jawwejaeseszirve,837,2199,,
838,raechtiwoteenci,838,2199,10.806016540640824,4.140871172522755
839,chonegoquqjeve,839,2199,14.56652395786381,4.2413460280827
840,holonsac,840,1129,23.75829444277282,6.593773425460531
841,gelgegibnehdo,841,1129,17.09226255488226,7.78874171298628
842,jawwejaeseszirve,842,1129,,
843,ekpiteri,843,1129,23.7582944427728,8.109977566071839
844,gelerutec,844,1129,,
845,jawwejaeseszirve,845,1129,,
846,cojyrnehnemihhi,846,1129,23.75829444277281,7.11388682942243
847,lesdohanusre,847,1129,19.91718301217278,5.028876442373975
848,essatetig,848,1129,15.536581397183392,5.532951673699139
849,feretke,849,1129,10.553487033970054,4.921949771074992
850,catafewechu,850,1129,20.95261471200748,5.075720954341532
851,gelerutec,851,1129,,
852,otolonechmegonit,852,1129,13.178580550605128,4.8923175905478775
853,taanreit,853,1129,21.66523613199896,6.400416484472697
854,attetpodgiyxsunon,854,1129,18.006717757571355,5.555094497325546
855,denaotejweirrenma,855,1129,19.34527827767959,5.552130073252901
856,gelerutec,856,1129,,
857,jawwejaeseszirve,857,1129,,
858,raechtiwoteenci,858,1129,23.75829444277283,6.604547936169041
859,chonegoquqjeve,859,1129,23.75829444277284,7.301170886796461
860,chonegoquqjeve,860,643,,
861,gelgegibnehdo,861,643,,
862,jawwejaeseszirve,862,643,,
863,ekpiteri,863,643,,
864,gelerutec,864,643,,
865,jawwejaeseszirve,865,643,,
866,cojyrnehnemihhi,866,643,23.75829444277283,4.606492319041887
867,lesdohanusre,867,643,,
868,essatetig,868,643,,
869,feretke,869,643,8.615089556207819,3.201154263063552
870,catafewechu,870,643,,
871,gelerutec,871,643,,
872,otolonechmegonit,872,643,4.47461517555717,1.1920361461404108
873,taanreit,873,643,,
874,attetpodgiyxsunon,874,643,4.705853583431416,0.9987048845327798
875,denaotejweirrenma,875,643,18.90119209557909,4.925633384191099
876,gelerutec,876,643,,
877,jawwejaeseszirve,877,643,,
878,raechtiwoteenci,878,643,,
879,chonegoquqjeve,879,643,,
880,holonsac,880,746,23.7582944427728,3.0800756611295057
881,gelgegibnehdo,881,746,11.609604403478048,2.950557271111092
882,jawwejaeseszirve,882,746,,
883,ekpiteri,883,746,,
884,gelerutec,884,746,,
885,jawwejaeseszirve,885,746,,
886,cojyrnehnemihhi,886,746,13.5919917784831,2.6401766413909997
887,lesdohanusre,887,746,12.444986877697849,2.300296089654775
888,essatetig,888,746,9.494033896986066,3.306491776583836
889,feretke,889,746,6.689941311817738,1.585567864945021
890,catafewechu,890,746,11.74876548175793,2.6828732245840747
891,gelerutec,891,746,,
892,otolonechmegonit,892,746,4.555254492314488,1.314272107179655
893,taanreit,893,746,12.649486465897947,1.881568195913623
894,attetpodgiyxsunon,894,746,9.183513224205024,2.182348840936851
895,denaotejweirrenma,895,746,12.960717264061058,2.8290809538442465
896,gelerutec,896,746,,
897,jawwejaeseszirve,897,746,,
898,raechtiwoteenci,898,746,9.993367237086458,3.5941566577395694
899,chonegoquqjeve,899,746,13.235998448130024,3.507835915245788
900,holonsac,900,1328,,
901,gelgegibnehdo,901,1328,12.55001529666373,1.9484103043929235
902,jawwejaeseszirve,902,1328,23.75829444277282,23.75829444277282
903,ekpiteri,903,1328,23.75829444277282,3.498416483896646
904,gelerutec,904,1328,,
905,jawwejaeseszirve,905,1328,,
906,cojyrnehnemihhi,906,1328,23.75829444277282,4.061347562132521
907,lesdohanusre,907,1328,10.549745787772087,2.5510309176361328
908,essatetig,908,1328,7.468028904620584,2.042694345967509
909,feretke,909,1328,10.713838282315876,4.767859787819906
910,catafewechu,910,1328,,
911,gelerutec,911,1328,,
912,otolonechmegonit,912,1328,7.380746650809402,1.6755516206381136
913,taanreit,913,1328,,
914,attetpodgiyxsunon,914,1328,17.53707165443089,2.36096260111472
915,denaotejweirrenma,915,1328,23.75829444277282,3.565333343287711
916,gelerutec,916,1328,,
917,jawwejaeseszirve,917,1328,,
918,raechtiwoteenci,918,1328,17.581958067112264,3.691010846135196
919,chonegoquqjeve,919,1328,13.32321910948018,3.114042054581386
920,holonsac,920,864,23.7582944427728,6.015888963773634
921,gelgegibnehdo,921,864,17.45669104148468,2.490604145629159
922,jawwejaeseszirve,922,864,23.75829444277282,23.75829444277282
923,ekpiteri,923,864,21.87523808613502,6.181192592458631
924,gelerutec,924,864,,
925,jawwejaeseszirve,925,864,,
926,cojyrnehnemihhi,926,864,17.244613535077995,3.321444082589957
927,lesdohanusre,927,864,16.6414376126136,3.1180234690630977
928,essatetig,928,864,14.775628325635262,3.4031007049085145
929,feretke,929,864,17.407660577296042,5.62584262447178
930,catafewechu,930,864,17.476864536499882,3.6192011719762194
931,gelerutec,931,864,,
932,otolonechmegonit,932,864,17.38270110351753,2.8133818676296625
933,taanreit,933,864,16.887446557010428,2.4804530716642885
934,attetpodgiyxsunon,934,864,17.591736166246136,2.034219289966026
935,denaotejweirrenma,935,864,17.73835679371473,4.360500040508286
936,gelerutec,936,864,,
937,jawwejaeseszirve,937,864,,
938,raechtiwoteenci,938,864,18.74997009057647,3.71093452487085
939,chonegoquqjeve,939,864,20.11136126012661,3.980026574613381
940,argomjeteafraquwi,940,1904,23.75829444277282,5.739558706264889
941,raechtiwoteenci,941,1904,11.843861197515013,5.003903817161434
942,gelerutec,942,1904,,
943,sozeched,943,1904,23.75829444277283,10.436548794163215
944,ekpiteri,944,1904,20.19436077028405,6.594808728642184
945,vesewehernylecher,945,1904,10.616264184759745,2.7460076975842904
946,catafewechu,946,1904,17.354703124569653,4.69679410465066
947,liosoklarulbiqcipa,947,1904,27.72932722789893,6.501230322766337
948,ichenax,948,1904,,
949,raechtiwoteenci,949,1904,16.188057377900527,3.1855571862068537
950,firpervagowohannod,950,1904,13.812890897292348,3.647185728006998
951,argomjeteafraquwi,951,1904,10.838965796982707,4.364167331729747
952,raechtiwoteenci,952,1904,12.872340666851166,2.908054836948502
953,quaemboizniluganic,953,1904,,
954,ansomelfik,954,1904,15.430580884693931,5.558645198787206
955,ecenivri,955,1904,20.064977707222805,3.8858339567852624
956,noxeorohbagkotustuc,956,1904,12.2599338247083,4.051784136511463
957,raechtiwoteenci,957,1904,12.855201831032993,3.776043606091199
958,vegliarchiuquun,958,1904,23.75829444277282,4.558272243872389
959,isnoenochfeonkaec,959,1904,15.76027131012263,3.798977559169696
960,argomjeteafraquwi,960,1031,,
961,raechtiwoteenci,961,1031,31.959486957996237,9.381040880270607
962,gelerutec,962,1031,,
963,sozeched,963,1031,39.50688488185011,17.61291189845118
964,sozeched,964,1031,,
965,vesewehernylecher,965,1031,31.211829363504656,9.56096034913139
966,catafewechu,966,1031,23.75829444277282,12.512968798828377
967,liosoklarulbiqcipa,967,1031,34.77575356755938,12.336317854269556
968,ichenax,968,1031,,
969,raechtiwoteenci,969,1031,32.31247215524254,11.135089084351677
970,firpervagowohannod,970,1031,40.37018755156273,9.310308681682784
971,argomjeteafraquwi,971,1031,,
972,raechtiwoteenci,972,1031,32.281788694835846,9.897004008357673
973,quaemboizniluganic,973,1031,,
974,ansomelfik,974,1031,32.73119051379311,16.257348050648794
975,ecenivri,975,1031,36.95396510945762,11.49915593208309
976,noxeorohbagkotustuc,976,1031,31.033161798044866,11.741097514660972
977,raechtiwoteenci,977,1031,29.64322066916079,12.686740639070344
978,vegliarchiuquun,978,1031,40.01553762663115,13.991290101481663
979,isnoenochfeonkaec,979,1031,35.36577250403254,12.091104692752156
980,argomjeteafraquwi,980,436,,
981,raechtiwoteenci,981,436,26.71061981352569,12.294622013127078
982,gelerutec,982,436,,
983,sozeched,983,436,,
984,ekpiteri,984,436,31.48506600118649,12.962954353171304
985,vesewehernylecher,985,436,29.017306210001333,12.935005514922269
986,catafewechu,986,436,,
987,liosoklarulbiqcipa,987,436,39.169957336524526,11.74449748290885
988,ichenax,988,436,34.12575316084102,12.030141555614346
989,raechtiwoteenci,989,436,34.461671423951394,9.886700246798696
990,firpervagowohannod,990,436,36.56176059582226,10.975871318808572
991,argomjeteafraquwi,991,436,,
992,raechtiwoteenci,992,436,26.18676626041316,11.557457243637396
993,quaemboizniluganic,993,436,,
994,ansomelfik,994,436,24.724666601426243,13.757068213452548
995,ecenivri,995,436,40.58146703527528,12.52996722336812
996,noxeorohbagkotustuc,996,436,31.33206552749249,13.442398856057103
997,raechtiwoteenci,997,436,32.6716481827838,12.863506624023604
998,vegliarchiuquun,998,436,44.24801611228899,16.72517822414974
999,isnoenochfeonkaec,999,436,29.290312571057463,9.802455068969186
1000,argomjeteafraquwi,1000,2003,,
1001,raechtiwoteenci,1001,2003,,
1002,gelerutec,1002,2003,,
1003,sozeched,1003,2003,,
1004,ekpiteri,1004,2003,,
1005,vesewehernylecher,1005,2003,,
1006,catafewechu,1006,2003,,
1007,liosoklarulbiqcipa,1007,2003,,
1008,ichenax,1008,2003,,
1009,raechtiwoteenci,1009,2003,,
1010,firpervagowohannod,1010,2003,,
1011,argomjeteafraquwi,1011,2003,,
1012,raechtiwoteenci,1012,2003,,
1013,quaemboizniluganic,1013,2003,,
1014,ansomelfik,1014,2003,,
1015,ecenivri,1015,2003,,
1016,noxeorohbagkotustuc,1016,2003,,
1017,raechtiwoteenci,1017,2003,,
1018,vegliarchiuquun,1018,2003,,
1019,isnoenochfeonkaec,1019,2003,,
1020,argomjeteafraquwi,1020,2225,,
1021,raechtiwoteenci,1021,2225,,
1022,gelerutec,1022,2225,,
1023,sozeched,1023,2225,18.79458017667128,8.909069127259329
1024,ekpiteri,1024,2225,12.620024063473313,4.613976212037117
1025,vesewehernylecher,1025,2225,,
1026,catafewechu,1026,2225,,
1027,liosoklarulbiqcipa,1027,2225,17.153114117467435,3.715499944528119
1028,ichenax,1028,2225,11.208278129195085,5.393826796157816
1029,raechtiwoteenci,1029,2225,15.553939644656596,4.905150637508271
1030,firpervagowohannod,1030,2225,13.190584399276252,3.12629794491331
1031,argomjeteafraquwi,1031,2225,16.10518436039809,4.688549558226224
1032,raechtiwoteenci,1032,2225,14.153861356459164,6.556796700201305
1033,quaemboizniluganic,1033,2225,,
1034,ansomelfik,1034,2225,,
1035,ecenivri,1035,2225,18.446959917099317,2.9905930055318257
1036,noxeorohbagkotustuc,1036,2225,,
1037,raechtiwoteenci,1037,2225,11.663568091422375,3.949563083389344
1038,vegliarchiuquun,1038,2225,17.705868933476438,4.556983686324004
1039,isnoenochfeonkaec,1039,2225,10.887058491491038,3.784464345477791
1040,ecenivri,1040,134,10.082800614712626,1.158067422204565
1041,ilchivilexidedol,1041,134,17.889856068833495,2.7367021004482552
1042,raechtiwoteenci,1042,134,,
1043,denaotejweirrenma,1043,134,13.004837616400076,1.7690384803687436
1044,quaemboizniluganic,1044,134,,
1045,tasuddoha,1045,134,,
1046,firpervagowohannod,1046,134,,
1047,raechtiwoteenci,1047,134,11.89117544287068,1.7508808679708383
1048,tailhivosgaf,1048,134,5.840343464219248,2.374911450183124
1049,jawwejaeseszirve,1049,134,,
1050,ipenam,1050,134,,
1051,neofjaetgaqacic,1051,134,8.680917849001933,1.524716622738555
1052,gicengaquoolaqhichet,1052,134,,
1053,gelerutec,1053,134,,
1054,vegliarchiuquun,1054,134,23.7582944427728,1.704826048967122
1055,ecenivri,1055,134,16.66932008107131,1.8053623751714192
1056,eptanu,1056,134,14.067631780706488,3.2340989650720515
1057,vofengocdeech,1057,134,,
1058,ekpiteri,1058,134,18.307742443125168,2.0231949612130067
1059,essatetig,1059,134,5.3556676580543865,1.675683803347913
1060,ecenivri,1060,2054,18.483531484460503,3.039757781097232
1061,ilchivilexidedol,1061,2054,17.705868933476438,5.828717773862459
1062,raechtiwoteenci,1062,2054,11.601191530959644,3.39489368487249
1063,denaotejweirrenma,1063,2054,14.701748255842013,3.265408292015906
1064,quaemboizniluganic,1064,2054,,
1065,tasuddoha,1065,2054,,
1066,firpervagowohannod,1066,2054,17.177708865569173,3.719906546552848
1067,raechtiwoteenci,1067,2054,10.981263384606317,3.646682213315334
1068,tailhivosgaf,1068,2054,10.209302114769253,3.6523345062507024
1069,jawwejaeseszirve,1069,2054,,
1070,ipenam,1070,2054,17.792779793214144,4.173834872687736
1071,neofjaetgaqacic,1071,2054,17.550719739672118,4.975463658481031
1072,gicengaquoolaqhichet,1072,2054,12.487735599515329,4.547477424461826
1073,gelerutec,1073,2054,,
1074,vegliarchiuquun,1074,2054,14.128029558882846,6.518889592844073
1075,ecenivri,1075,2054,18.332984719018235,4.003268911841506
1076,eptanu,1076,2054,15.902094283416426,5.57508866909188
1077,vofengocdeech,1077,2054,,
1078,ekpiteri,1078,2054,,
1079,essatetig,1079,2054,11.161791543875784,3.785439057985609
1080,ecenivri,1080,1530,13.781947969863372,2.146373886836078
1081,ilchivilexidedol,1081,1530,11.66310167929464,4.4348498384059525
1082,raechtiwoteenci,1082,1530,14.431227215193934,3.683536126799009
1083,denaotejweirrenma,1083,1530,11.554001733582687,2.9913816234557853
1084,quaemboizniluganic,1084,1530,,
1085,tasuddoha,1085,1530,9.38582751514988,3.501819017843117
1086,firpervagowohannod,1086,1530,11.229688452838626,3.2022778461607238
1087,raechtiwoteenci,1087,1530,11.242180436178757,3.4896658043304862
1088,tailhivosgaf,1088,1530,6.458305117048116,2.750428441101709
1089,jawwejaeseszirve,1089,1530,,
1090,ipenam,1090,1530,13.387143652551444,2.3441638755462475
1091,neofjaetgaqacic,1091,1530,17.96735926498971,3.451336671011508
1092,gicengaquoolaqhichet,1092,1530,12.518531448203206,3.0181525762172807
1093,gelerutec,1093,1530,,
1094,vegliarchiuquun,1094,1530,13.756267896534377,5.6516711333843705
1095,ecenivri,1095,1530,17.395727503462354,2.3253890543478333
1096,eptanu,1096,1530,15.5869810190495,5.159379078799693
1097,vofengocdeech,1097,1530,11.889805291330145,3.739409912977785
1098,ekpiteri,1098,1530,14.226638502305844,3.684811368708546
1099,essatetig,1099,1530,9.41577095221065,1.7619982143081656
1100,ecenivri,1100,618,26.78419294276,4.192158464182412
1101,ilchivilexidedol,1101,618,20.986935152251228,9.52582179603811
1102,raechtiwoteenci,1102,618,23.75829444277283,6.238259646293497
1103,denaotejweirrenma,1103,618,18.547938549427865,4.686974237374389
1104,quaemboizniluganic,1104,618,,
1105,tasuddoha,1105,618,18.07725450720797,6.180286381019776
1106,firpervagowohannod,1106,618,23.7582944427728,5.6949922833675695
1107,raechtiwoteenci,1107,618,23.7582944427728,5.857989373687772
1108,tailhivosgaf,1108,618,10.966754068075272,3.771528384026392
1109,jawwejaeseszirve,1109,618,,
1110,ipenam,1110,618,21.504764084852063,6.601155348305531
1111,neofjaetgaqacic,1111,618,23.75829444277281,6.226937507840538
1112,gicengaquoolaqhichet,1112,618,19.89959098138612,5.110630402347068
1113,gelerutec,1113,618,,
1114,vegliarchiuquun,1114,618,23.75829444277282,7.426974752101255
1115,ecenivri,1115,618,27.7768083808018,4.576319709388671
1116,eptanu,1116,618,24.498342435578515,5.68394756456811
1117,vofengocdeech,1117,618,,
1118,ekpiteri,1118,618,24.56985086628127,9.514733572433345
1119,essatetig,1119,618,18.264988624037887,5.463228407444473
1120,gelerutec,1120,673,,
1121,jawwejaeseszirve,1121,673,45.02661716455886,23.7582944427728
1122,igsadodadfa,1122,673,17.33047491365662,4.097413629703104
1123,taturac,1123,673,16.30478965491709,5.3556676580721145
1124,enylnanodeiqvosu,1124,673,14.66679301782164,6.201689677328035
1125,byehmir,1125,673,13.394979607823604,3.739097937317768
1126,juchlibnaltyve,1126,673,15.205318231471823,6.124906144228203
1127,tehsidetegenichurgew,1127,673,23.75829444277282,17.376692282637922
1128,ipenam,1128,673,18.07071511560362,5.65743531129393
1129,gelerutec,1129,673,,
1130,tasuddoha,1130,673,18.21828678059318,7.816665318635246
1131,nyvulamru,1131,673,17.177708865600916,6.163975442797134
1132,gelerutec,1132,673,,
1133,elabqueolloguovzo,1133,673,16.18819006475996,9.56452167350292
1134,ardoro,1134,673,16.65857278649362,8.431425272321999
1135,ansomelfik,1135,673,23.75829444277283,8.60613513956081
1136,etdomfuh,1136,673,,
1137,wolajafseemijxyhe,1137,673,17.374241424182973,5.670856022724809
1138,gelerutec,1138,673,,
1139,essatetig,1139,673,18.95937906595565,6.078009016594328
1140,gelerutec,1140,2314,,
1141,jawwejaeseszirve,1141,2314,23.467173822944584,7.471714187570933
1142,igsadodadfa,1142,2314,11.26356651228299,2.080146607951364
1143,taturac,1143,2314,7.86394896992462,2.5931288024821946
1144,enylnanodeiqvosu,1144,2314,,
1145,byehmir,1145,2314,13.201900823311178,4.872498695334675
1146,juchlibnaltyve,1146,2314,6.809892476624668,2.094348681651433
1147,tehsidetegenichurgew,1147,2314,,
1148,ipenam,1148,2314,,
1149,gelerutec,1149,2314,,
1150,tasuddoha,1150,2314,12.143293080933253,4.964512421626236
1151,nyvulamru,1151,2314,4.66728582949018,1.5032765310077625
1152,gelerutec,1152,2314,,
1153,elabqueolloguovzo,1153,2314,,
1154,ardoro,1154,2314,8.261787233762634,3.5329108926089687
1155,ansomelfik,1155,2314,8.201312227726044,2.4729155181179627
1156,etdomfuh,1156,2314,,
1157,wolajafseemijxyhe,1157,2314,13.915777640096314,2.3450182068259475
1158,gelerutec,1158,2314,,
1159,essatetig,1159,2314,10.428047614816023,1.72979753500594
1160,gelerutec,1160,2016,,
1161,jawwejaeseszirve,1161,2016,,
1162,igsadodadfa,1162,2016,16.321841226214406,3.6679422051065154
1163,taturac,1163,2016,12.15956841676822,4.752696702551296
1164,enylnanodeiqvosu,1164,2016,11.60105878915644,4.597786807507717
1165,byehmir,1165,2016,9.785546312256532,2.7323531405289065
1166,juchlibnaltyve,1166,2016,12.604717301186712,3.8667864345046215
1167,tehsidetegenichurgew,1167,2016,,
1168,ipenam,1168,2016,,
1169,gelerutec,1169,2016,,
1170,tasuddoha,1170,2016,,
1171,nyvulamru,1171,2016,16.115926070740088,2.850948621565415
1172,gelerutec,1172,2016,,
1173,elabqueolloguovzo,1173,2016,13.647260679409117,5.604348912246035
1174,ardoro,1174,2016,14.095923045527805,7.32342520869407
1175,ansomelfik,1175,2016,16.14035929913432,5.461010847133758
1176,etdomfuh,1176,2016,,
1177,wolajafseemijxyhe,1177,2016,14.5158381003997,3.839435843857269
1178,gelerutec,1178,2016,,
1179,essatetig,1179,2016,11.830942397263044,2.767046640230481
1180,koynvumo,1180,1341,10.956916421188703,3.631027334767458
1181,fosineqgu,1181,1341,,
1182,etgybanrogche,1182,1341,,
1183,etgybanrogche,1183,1341,,
1184,elabqueolloguovzo,1184,1341,,
1185,lalvourequom,1185,1341,15.646582283988558,2.5829929491160897
1186,dotoghad,1186,1341,,
1187,ekpiteri,1187,1341,7.872439191649714,2.3490531847772123
1188,wegewulcyoquudsas,1188,1341,,
1189,gelgegibnehdo,1189,1341,,
1190,gelerutec,1190,1341,,
1191,lajdifochanihbetichre,1191,1341,7.451193044344622,1.39851414024981
1192,essatetig,1192,1341,5.472009169844228,1.4306148767281044
1193,juchlibnaltyve,1193,1341,7.678016554408952,2.254063864062244
1194,ansomelfik,1194,1341,23.75829444277282,23.75829444277282
1195,gelerutec,1195,1341,,
1196,tehsidetegenichurgew,1196,1341,,
1197,fosineqgu,1197,1341,,
1198,jawwejaeseszirve,1198,1341,,
1199,catafewechu,1199,1341,,
1200,koynvumo,1200,2050,26.63862271780765,9.287740431186569
1201,fosineqgu,1201,2050,24.95560358193116,6.945305564625586
1202,etgybanrogche,1202,2050,19.007046434542275,6.352669655096674
1203,tehsidetegenichurgew,1203,2050,23.75829444277283,16.311051196246712
1204,elabqueolloguovzo,1204,2050,,
1205,lalvourequom,1205,2050,18.36757339555458,7.235490970578949
1206,dotoghad,1206,2050,,
1207,ekpiteri,1207,2050,28.31495690265261,9.484363747885572
1208,wegewulcyoquudsas,1208,2050,,
1209,gelgegibnehdo,1209,2050,,
1210,gelerutec,1210,2050,,
1211,lajdifochanihbetichre,1211,2050,22.091373540060125,7.840789202352616
1212,essatetig,1212,2050,22.706537783255136,7.025709758851076
1213,juchlibnaltyve,1213,2050,,
1214,ansomelfik,1214,2050,23.75829444277282,6.1937367740231775
1215,gelerutec,1215,2050,,
1216,tehsidetegenichurgew,1216,2050,,
1217,fosineqgu,1217,2050,,
1218,jawwejaeseszirve,1218,2050,48.008019375862325,19.05288948928512
1219,catafewechu,1219,2050,,
1220,koynvumo,1220,1165,23.159726376306367,7.460751272565653
1221,fosineqgu,1221,1165,23.621282019788897,5.261612400440548
1222,etgybanrogche,1222,1165,15.221575755291571,5.587821461802736
1223,tehsidetegenichurgew,1223,1165,,
1224,elabqueolloguovzo,1224,1165,22.321916050635107,13.003592980237135
1225,lalvourequom,1225,1165,24.102895864623708,10.84577706090049
1226,dotoghad,1226,1165,,
1227,ekpiteri,1227,1165,31.064904846425367,9.283945773565076
1228,wegewulcyoquudsas,1228,1165,22.418777764784437,8.196479667302912
1229,gelgegibnehdo,1229,1165,20.193306548683022,11.31487062262511
1230,gelerutec,1230,1165,,
1231,lajdifochanihbetichre,1231,1165,21.685856488522752,5.411361394669807
1232,essatetig,1232,1165,23.219208806921312,5.472009169828318
1233,juchlibnaltyve,1233,1165,24.29737508136339,9.327916335315091
1234,ansomelfik,1234,1165,25.50689091066485,8.384891446555102
1235,gelerutec,1235,1165,,
1236,tehsidetegenichurgew,1236,1165,,
1237,fosineqgu,1237,1165,29.57110972535335,7.823666892608392
1238,jawwejaeseszirve,1238,1165,37.74141256412516,17.051555073622243
1239,catafewechu,1239,1165,27.46150673760857,8.942268623629843
1240,koynvumo,1240,1293,14.165101611763994,4.799422481592814
1241,fosineqgu,1241,1293,18.571979095689397,4.681377739210335
1242,etgybanrogche,1242,1293,12.347695697615023,4.0587340229525335
1243,tehsidetegenichurgew,1243,1293,,
1244,elabqueolloguovzo,1244,1293,12.876354872249651,4.243288377164044
1245,lalvourequom,1245,1293,23.75829444277283,4.967294132906146
1246,dotoghad,1246,1293,,
1247,ekpiteri,1247,1293,23.75829444277282,5.445867050424034
1248,wegewulcyoquudsas,1248,1293,,
1249,gelgegibnehdo,1249,1293,,
1250,gelerutec,1250,1293,,
1251,lajdifochanihbetichre,1251,1293,9.422029166744236,3.624210471720871
1252,essatetig,1252,1293,14.35864857225711,3.882250181897614
1253,juchlibnaltyve,1253,1293,15.697548800438458,5.038350565419633
1254,ansomelfik,1254,1293,23.75829444277283,7.672444419090744
1255,gelerutec,1255,1293,,
1256,tehsidetegenichurgew,1256,1293,,
1257,fosineqgu,1257,1293,17.823455140193047,4.538187368924267
1258,jawwejaeseszirve,1258,1293,23.7582944427728,10.7919029926321
1259,catafewechu,1259,1293,16.804972606575383,5.367114389617899
1260,koynvumo,1260,69,,
1261,fosineqgu,1261,69,,
1262,etgybanrogche,1262,69,13.493595019953467,3.992494382463843
1263,tehsidetegenichurgew,1263,69,15.369076691382816,14.407034196711514
1264,elabqueolloguovzo,1264,69,,
1265,lalvourequom,1265,69,10.302151076717202,4.2314707667023335
1266,dotoghad,1266,69,23.75829444277282,23.75829444277282
1267,ekpiteri,1267,69,10.747856756891965,4.129995321795193
1268,wegewulcyoquudsas,1268,69,18.72009163121966,11.739286821504356
1269,gelgegibnehdo,1269,69,10.988467434694854,3.923779192813397
1270,gelerutec,1270,69,,
1271,lajdifochanihbetichre,1271,69,,
1272,essatetig,1272,69,10.662929696712656,2.7430788074454604
1273,juchlibnaltyve,1273,69,,
1274,ansomelfik,1274,69,11.268712493202813,5.151861019873949
1275,gelerutec,1275,69,,
1276,tehsidetegenichurgew,1276,69,16.667365601751772,14.595506310905067
1277,fosineqgu,1277,69,,
1278,jawwejaeseszirve,1278,69,30.658076106336637,15.596661968757685
1279,catafewechu,1279,69,,
1280,koynvumo,1280,718,,
1281,fosineqgu,1281,718,,
1282,etgybanrogche,1282,718,23.855440110630244,11.800780204607982
1283,tehsidetegenichurgew,1283,718,,
1284,elabqueolloguovzo,1284,718,,
1285,lalvourequom,1285,718,35.7106095834554,14.863751024499743
1286,dotoghad,1286,718,,
1287,ekpiteri,1287,718,37.36193815659651,6.444548132718103
1288,wegewulcyoquudsas,1288,718,56.951978204553065,12.597403489961415
1289,gelgegibnehdo,1289,718,,
1290,gelerutec,1290,718,,
1291,lajdifochanihbetichre,1291,718,,
1292,essatetig,1292,718,27.30262103685654,6.763138134143167
1293,juchlibnaltyve,1293,718,29.60319259932681,17.445924706599897
1294,ansomelfik,1294,718,,
1295,gelerutec,1295,718,,
1296,tehsidetegenichurgew,1296,718,,
1297,fosineqgu,1297,718,,
1298,jawwejaeseszirve,1298,718,38.72774114485399,18.691817961733573
1299,catafewechu,1299,718,,
1300,axbumanhunat,1300,1624,22.93989368759557,4.065105460294184
1301,gelerutec,1301,1624,,
1302,guwyrihuhequgal,1302,1624,,
1303,tejeohodde,1303,1624,,
1304,elabqueolloguovzo,1304,1624,6.740577696993928,3.71990654656598
1305,etdomfuh,1305,1624,23.519564564247567,4.155370787097126
1306,gelerutec,1306,1624,,
1307,wawaseguadtimuj,1307,1624,8.381397480740214,3.7415120125380095
1308,gelerutec,1308,1624,,
1309,tehsidetegenichurgew,1309,1624,,
1310,otolonechmegonit,1310,1624,7.715373162680758,2.131455117665138
1311,essatetig,1311,1624,11.056585495116115,2.4906041456446366
1312,ardoro,1312,1624,24.62144026969536,6.337013578235878
1313,catafewechu,1313,1624,,
1314,emteirospanew,1314,1624,,
1315,ajacovelopudtet,1315,1624,,
1316,etgybanrogche,1316,1624,7.590415161263799,2.189892498504822
1317,tehsidetegenichurgew,1317,1624,,
1318,wegewulcyoquudsas,1318,1624,,
1319,fosineqgu,1319,1624,22.19773126476524,2.954765322262093
1320,axbumanhunat,1320,1577,10.578389514270745,2.9808547175754216
1321,gelerutec,1321,1577,,
1322,guwyrihuhequgal,1322,1577,,
1323,tejeohodde,1323,1577,,
1324,elabqueolloguovzo,1324,1577,,
1325,etdomfuh,1325,1577,10.337139073821948,2.076907935688051
1326,gelerutec,1326,1577,,
1327,wawaseguadtimuj,1327,1577,,
1328,gelerutec,1328,1577,,
1329,tehsidetegenichurgew,1329,1577,,
1330,otolonechmegonit,1330,1577,,
1331,essatetig,1331,1577,,
1332,ardoro,1332,1577,8.796547809564244,2.9880815378492565
1333,catafewechu,1333,1577,,
1334,emteirospanew,1334,1577,,
1335,ajacovelopudtet,1335,1577,,
1336,etgybanrogche,1336,1577,,
1337,tehsidetegenichurgew,1337,1577,,
1338,wegewulcyoquudsas,1338,1577,,
1339,fosineqgu,1339,1577,,
1340,axbumanhunat,1340,1448,12.289972689257304,4.027842582942552
1341,gelerutec,1341,1448,,
1342,guwyrihuhequgal,1342,1448,12.564824138013917,3.8086381705682815
1343,tejeohodde,1343,1448,11.850100448147597,4.669015647944193
1344,elabqueolloguovzo,1344,1448,12.017736727738152,7.031850913828997
1345,etdomfuh,1345,1448,13.599696740375276,4.900081988277232
1346,gelerutec,1346,1448,,
1347,wawaseguadtimuj,1347,1448,9.85163935086336,3.2733562949468524
1348,gelerutec,1348,1448,,
1349,tehsidetegenichurgew,1349,1448,,
1350,otolonechmegonit,1350,1448,12.646900494213082,3.9695547707074383
1351,essatetig,1351,1448,8.784021942813911,2.57751167887959
1352,ardoro,1352,1448,11.039208679744032,5.83139782107387
1353,catafewechu,1353,1448,14.41633539117142,3.7581913275030128
1354,emteirospanew,1354,1448,8.663539686083574,3.0397171664988973
1355,ajacovelopudtet,1355,1448,,
1356,etgybanrogche,1356,1448,8.731940292167753,2.391702693069315
1357,tehsidetegenichurgew,1357,1448,,
1358,wegewulcyoquudsas,1358,1448,,
1359,fosineqgu,1359,1448,10.81006574856762,3.213131314493105
1360,axbumanhunat,1360,1737,10.422220424849064,3.291694568927747
1361,gelerutec,1361,1737,,
1362,guwyrihuhequgal,1362,1737,,
1363,tejeohodde,1363,1737,7.795082216266094,2.4171307747776067
1364,elabqueolloguovzo,1364,1737,7.776413366409649,4.448633527161899
1365,etdomfuh,1365,1737,15.237350968515662,2.79740247329032
1366,gelerutec,1366,1737,,
1367,wawaseguadtimuj,1367,1737,10.045695330690323,3.9903053290834944
1368,gelerutec,1368,1737,,
1369,tehsidetegenichurgew,1369,1737,,
1370,otolonechmegonit,1370,1737,6.601047286325999,1.3445666071540818
1371,essatetig,1371,1737,10.140342807426666,1.9776911051142576
1372,ardoro,1372,1737,25.878805137361766,3.318878770675863
1373,catafewechu,1373,1737,10.224376569892062,3.165201133233908
1374,emteirospanew,1374,1737,6.654724962411748,2.290116656538925
1375,ajacovelopudtet,1375,1737,,
1376,etgybanrogche,1376,1737,9.168082700968863,3.4563296213080577
1377,tehsidetegenichurgew,1377,1737,,
1378,wegewulcyoquudsas,1378,1737,10.52790156387532,4.41593922739163
1379,fosineqgu,1379,1737,18.55884510484601,2.7392021806388525
1380,axbumanhunat,1380,415,45.45668195563191,13.195321075881605
1381,gelerutec,1381,415,,
1382,guwyrihuhequgal,1382,415,,
1383,tejeohodde,1383,415,,
1384,elabqueolloguovzo,1384,415,,
1385,etdomfuh,1385,415,17.855715874929224,2.5018381092420454
1386,gelerutec,1386,415,,
1387,wawaseguadtimuj,1387,415,,
1388,gelerutec,1388,415,,
1389,tehsidetegenichurgew,1389,415,,
1390,otolonechmegonit,1390,415,23.75829444277282,9.09271867013084
1391,essatetig,1391,415,10.44786267037264,2.8612297534707185
1392,ardoro,1392,415,12.54402813646956,3.985358307726492
1393,catafewechu,1393,415,,
1394,emteirospanew,1394,415,10.90150099864418,2.5979173235195425
1395,ajacovelopudtet,1395,415,,
1396,etgybanrogche,1396,415,10.431522089796823,2.0501527055992743
1397,tehsidetegenichurgew,1397,415,,
1398,wegewulcyoquudsas,1398,415,30.874086624094325,12.629560196867285
1399,fosineqgu,1399,415,,
1400,axbumanhunat,1400,1595,23.75829444277282,3.7134873760489646
1401,gelerutec,1401,1595,,
1402,guwyrihuhequgal,1402,1595,,
1403,tejeohodde,1403,1595,7.442023001189582,3.308112100044477
1404,elabqueolloguovzo,1404,1595,9.52637663901884,5.214827887936121
1405,etdomfuh,1405,1595,18.36822163416944,6.628218537758707
1406,gelerutec,1406,1595,,
1407,wawaseguadtimuj,1407,1595,15.325554179740688,5.958322257445852
1408,gelerutec,1408,1595,,
1409,tehsidetegenichurgew,1409,1595,,
1410,otolonechmegonit,1410,1595,3.562191316987565,0.8123949714947037
1411,essatetig,1411,1595,15.467803987701265,4.201331368722711
1412,ardoro,1412,1595,6.163534921956454,2.535037264815288
1413,catafewechu,1413,1595,17.452037561402175,3.1445152235494107
1414,emteirospanew,1414,1595,14.460696707573067,4.243395382763091
1415,ajacovelopudtet,1415,1595,23.75829444277282,23.75829444277282
1416,etgybanrogche,1416,1595,11.806336254243986,3.6681717359649366
1417,tehsidetegenichurgew,1417,1595,,
1418,wegewulcyoquudsas,1418,1595,18.208028956697,6.076414524860626
1419,fosineqgu,1419,1595,19.06059621706438,4.673066812389564
1420,axbumanhunat,1420,1966,24.938560191500823,10.568641538379335
1421,gelerutec,1421,1966,,
1422,guwyrihuhequgal,1422,1966,24.141705069162853,7.902881155459452
1423,tejeohodde,1423,1966,10.65587068660751,5.73284103375842
1424,elabqueolloguovzo,1424,1966,,
1425,etdomfuh,1425,1966,,
1426,gelerutec,1426,1966,,
1427,wawaseguadtimuj,1427,1966,22.701788052439632,11.641934050842178
1428,gelerutec,1428,1966,,
1429,tehsidetegenichurgew,1429,1966,,
1430,otolonechmegonit,1430,1966,,
1431,essatetig,1431,1966,18.876364918286143,7.620409672739336
1432,ardoro,1432,1966,22.456629551298416,9.520423125628223
1433,catafewechu,1433,1966,23.581918656759388,9.774429777288452
1434,emteirospanew,1434,1966,18.6931173352276,6.2711310556466096
1435,ajacovelopudtet,1435,1966,,
1436,etgybanrogche,1436,1966,20.30247448059121,10.298876701367153
1437,tehsidetegenichurgew,1437,1966,,
1438,wegewulcyoquudsas,1438,1966,,
1439,fosineqgu,1439,1966,30.031722325495146,8.041991010854689
1440,axbumanhunat,1440,2363,13.718337513270535,3.327185563235248
1441,gelerutec,1441,2363,,
1442,guwyrihuhequgal,1442,2363,12.51177450245864,3.734771682183305
1443,tejeohodde,1443,2363,5.138477946572791,1.5361241321674808
1444,elabqueolloguovzo,1444,2363,5.479864996120972,2.2926881913888537
1445,etdomfuh,1445,2363,10.270989652439932,1.5326794742348928
1446,gelerutec,1446,2363,,
1447,wawaseguadtimuj,1447,2363,12.40810886618524,2.813729863725865
1448,gelerutec,1448,2363,,
1449,tehsidetegenichurgew,1449,2363,,
1450,otolonechmegonit,1450,2363,10.572950558172815,1.6066009858838433
1451,essatetig,1451,2363,8.353454659215709,2.0365757869066234
1452,ardoro,1452,2363,13.096780938705962,2.3617173656131905
1453,catafewechu,1453,2363,11.257123824848732,1.7770574155352168
1454,emteirospanew,1454,2363,11.039079771535228,1.4434728994335095
1455,ajacovelopudtet,1455,2363,,
1456,etgybanrogche,1456,2363,11.332228736831205,1.839374415129792
1457,tehsidetegenichurgew,1457,2363,,
1458,wegewulcyoquudsas,1458,2363,11.180894138338868,3.3056035912941724
1459,fosineqgu,1459,2363,13.106008889211818,1.8281135805005249
1460,isorbe,1460,1486,29.204975126127543,13.653628013215355
1461,koynvumo,1461,1486,36.47298343850264,10.718487927179911
1462,catafewechu,1462,1486,,
1463,serettisnortomu,1463,1486,35.81992087927222,10.88229410168586
1464,cagatrinhanimvetol,1464,1486,32.88246599754984,11.475649261193205
1465,etdomfuh,1465,1486,29.44293975125582,13.190152080425442
1466,elabqueolloguovzo,1466,1486,,
1467,ebaqofnogisek,1467,1486,28.788231706109265,10.365052889817015
1468,bopevtunagaet,1468,1486,,
1469,tehsidetegenichurgew,1469,1486,,
1470,otolonechmegonit,1470,1486,32.15662805833058,10.223202467115351
1471,essatetig,1471,1486,27.531121691430364,9.708166495326388
1472,catafewechu,1472,1486,,
1473,tehsidetegenichurgew,1473,1486,,
1474,otolonechmegonit,1474,1486,23.75829444277283,9.295621297863825
1475,okalnehfetarotizlon,1475,1486,29.95822608695117,12.3014036032322
1476,vigiejpimod,1476,1486,33.70851427685558,13.89061112923405
1477,wegewulcyoquudsas,1477,1486,,
1478,catafewechu,1478,1486,,
1479,fosineqgu,1479,1486,,
1480,isorbe,1480,153,10.691743953464238,5.151861019873949
1481,koynvumo,1481,153,10.982299508289984,2.9566217347070243
1482,catafewechu,1482,153,12.499577462994663,3.460255754914504
1483,serettisnortomu,1483,153,12.472576511248803,4.452855933075937
1484,cagatrinhanimvetol,1484,153,10.813559821797371,4.3392314089179855
1485,etdomfuh,1485,153,11.249347909277926,3.132164663730737
1486,elabqueolloguovzo,1486,153,8.628216343598535,4.146917750019789
1487,ebaqofnogisek,1487,153,15.805964441635275,4.748959122819768
1488,bopevtunagaet,1488,153,,
1489,tehsidetegenichurgew,1489,153,,
1490,otolonechmegonit,1490,153,15.553147646941817,3.153893415722352
1491,essatetig,1491,153,9.951224683309489,2.835353466034006
1492,catafewechu,1492,153,11.378951659473952,2.719210536208325
1493,tehsidetegenichurgew,1493,153,,
1494,otolonechmegonit,1494,153,12.46742697304528,1.8631012713154855
1495,okalnehfetarotizlon,1495,153,11.376132415416665,2.8047411610845323
1496,vigiejpimod,1496,153,11.408557089060606,3.089808264256984
1497,wegewulcyoquudsas,1497,153,14.403149693743345,3.316830429264266
1498,catafewechu,1498,153,13.001885840005096,3.646682213303588
1499,fosineqgu,1499,153,11.69277243263115,3.0569175884976243
1500,isorbe,1500,1221,,
1501,koynvumo,1501,1221,13.981279928189393,3.491958005649881
1502,catafewechu,1502,1221,,
1503,serettisnortomu,1503,1221,,
1504,cagatrinhanimvetol,1504,1221,,
1505,etdomfuh,1505,1221,,
1506,elabqueolloguovzo,1506,1221,,
1507,ebaqofnogisek,1507,1221,,
1508,bopevtunagaet,1508,1221,,
1509,tehsidetegenichurgew,1509,1221,,
1510,otolonechmegonit,1510,1221,,
1511,essatetig,1511,1221,4.737706005212639,0.9463597644820272
1512,catafewechu,1512,1221,,
1513,tehsidetegenichurgew,1513,1221,23.75829444277282,12.025385516199243
1514,otolonechmegonit,1514,1221,,
1515,okalnehfetarotizlon,1515,1221,,
1516,vigiejpimod,1516,1221,,
1517,wegewulcyoquudsas,1517,1221,,
1518,catafewechu,1518,1221,,
1519,fosineqgu,1519,1221,,
1520,saekep,1520,121,,
1521,tehsidetegenichurgew,1521,121,,
1522,asbicapadnitiin,1522,121,29.351712317016474,4.996922942316466
1523,rivelyefuvutycceb,1523,121,,
1524,quiwodwiralcy,1524,121,34.52576334403971,8.292640515357915
1525,saekep,1525,121,,
1526,fosineqgu,1526,121,,
1527,saekep,1527,121,,
1528,tehsidetegenichurgew,1528,121,,
1529,essatetig,1529,121,,
1530,cagatrinhanimvetol,1530,121,,
1531,wawaseguadtimuj,1531,121,26.47836872014075,5.006052377032244
1532,otolonechmegonit,1532,121,4.501065630476863,1.407140002680339
1533,cerniirdured,1533,121,,
1534,heacsuzterilsotnaho,1534,121,,
1535,hanfuvetsirallo,1535,121,,
1536,rivelyefuvutycceb,1536,121,,
1537,tehsidetegenichurgew,1537,121,,
1538,rivelyefuvutycceb,1538,121,,
1539,ditlietan,1539,121,15.217553912802485,5.731579904521488
1540,saekep,1540,2161,,
1541,tehsidetegenichurgew,1541,2161,,
1542,asbicapadnitiin,1542,2161,10.727710928127538,2.196322330703752
1543,rivelyefuvutycceb,1543,2161,,
1544,quiwodwiralcy,1544,2161,,
1545,saekep,1545,2161,,
1546,fosineqgu,1546,2161,,
1547,saekep,1547,2161,,
1548,tehsidetegenichurgew,1548,2161,,
1549,essatetig,1549,2161,,
1550,cagatrinhanimvetol,1550,2161,,
1551,wawaseguadtimuj,1551,2161,,
1552,otolonechmegonit,1552,2161,,
1553,cerniirdured,1553,2161,,
1554,heacsuzterilsotnaho,1554,2161,,
1555,hanfuvetsirallo,1555,2161,,
1556,rivelyefuvutycceb,1556,2161,,
1557,tehsidetegenichurgew,1557,2161,,
1558,rivelyefuvutycceb,1558,2161,,
1559,ditlietan,1559,2161,,
1560,saekep,1560,552,56.7008098738039,19.96976443620688
1561,tehsidetegenichurgew,1561,552,56.34489661151584,23.75829444277282
1562,asbicapadnitiin,1562,552,67.41914509406872,16.629689273325354
1563,rivelyefuvutycceb,1563,552,56.226524975749015,18.823448445264848
1564,quiwodwiralcy,1564,552,150.1028383274659,24.61211053070773
1565,saekep,1565,552,,
1566,fosineqgu,1566,552,79.8232143159043,13.786774653493213
1567,saekep,1567,552,,
1568,tehsidetegenichurgew,1568,552,,
1569,essatetig,1569,552,51.26682539007212,15.845350474224958
1570,cagatrinhanimvetol,1570,552,51.42386470462535,19.78099159571498
1571,wawaseguadtimuj,1571,552,,
1572,otolonechmegonit,1572,552,2.9036715701342017,0.6216134799553968
1573,cerniirdured,1573,552,55.59679636926465,17.78671310064879
1574,heacsuzterilsotnaho,1574,552,7.5832792350240625,3.5559526341419265
1575,hanfuvetsirallo,1575,552,,
1576,rivelyefuvutycceb,1576,552,9.083104662161718,1.9306039429015596
1577,tehsidetegenichurgew,1577,552,,
1578,rivelyefuvutycceb,1578,552,86.51052567516568,22.797334745008826
1579,ditlietan,1579,552,38.98400107808551,17.819587926272458
1580,ecenivri,1580,1855,,
1581,rivelyefuvutycceb,1581,1855,,
1582,aturrooqel,1582,1855,,
1583,ecenivri,1583,1855,10.251661045095224,1.7239295213204713
1584,irerozwaanmirtori,1584,1855,33.57995354206139,6.029114263319382
1585,tehsidetegenichurgew,1585,1855,,
1586,tehsidetegenichurgew,1586,1855,,
1587,teremachnottut,1587,1855,,
1588,wyrilbidello,1588,1855,,
1589,nyvulamru,1589,1855,12.033071335139873,5.789238971404079
1590,uhoqquirluddu,1590,1855,18.96758138581488,4.799144366472789
1591,wawaseguadtimuj,1591,1855,,
1592,gelgegibnehdo,1592,1855,,
1593,essatetig,1593,1855,7.041323672514782,1.280555764484095
1594,dotitafluubsijumach,1594,1855,,
1595,tehsidetegenichurgew,1595,1855,,
1596,aturrooqel,1596,1855,,
1597,ospooqidosemin,1597,1855,,
1598,saekep,1598,1855,,
1599,wegewulcyoquudsas,1599,1855,,
1600,ecenivri,1600,1838,23.75829444277284,4.555959339887824
1601,rivelyefuvutycceb,1601,1838,21.266776385047145,7.544792658041415
1602,aturrooqel,1602,1838,18.981881042512047,5.841147849985272
1603,ecenivri,1603,1838,23.75829444277284,5.7565315486663735
1604,irerozwaanmirtori,1604,1838,19.799006681585187,6.9737968734460285
1605,tehsidetegenichurgew,1605,1838,,
1606,tehsidetegenichurgew,1606,1838,,
1607,teremachnottut,1607,1838,,
1608,wyrilbidello,1608,1838,15.78629035113391,5.257799596161863
1609,nyvulamru,1609,1838,11.644361460209572,4.195316374591493
1610,uhoqquirluddu,1610,1838,13.932640764455556,4.036715466607517
1611,wawaseguadtimuj,1611,1838,,
1612,gelgegibnehdo,1612,1838,16.001643490994454,7.889429444053075
1613,essatetig,1613,1838,17.102816163207507,4.046389922406338
1614,dotitafluubsijumach,1614,1838,,
1615,tehsidetegenichurgew,1615,1838,,
1616,aturrooqel,1616,1838,17.64760784332847,5.241296022468497
1617,ospooqidosemin,1617,1838,,
1618,saekep,1618,1838,,
1619,wegewulcyoquudsas,1619,1838,,
1620,ecenivri,1620,2017,17.16411623968164,2.312291260939887
1621,rivelyefuvutycceb,1621,2017,14.552736381872192,4.159608184293107
1622,aturrooqel,1622,2017,15.764006086918084,5.353419255332885
1623,ecenivri,1623,2017,16.28930851486791,2.765059988217365
1624,irerozwaanmirtori,1624,2017,9.92480229549285,2.79740247331327
1625,tehsidetegenichurgew,1625,2017,,
1626,tehsidetegenichurgew,1626,2017,,
1627,teremachnottut,1627,2017,,
1628,wyrilbidello,1628,2017,11.568016889119129,2.813715923506043
1629,nyvulamru,1629,2017,10.384179146965511,2.602313049872881
1630,uhoqquirluddu,1630,2017,11.159787217338495,1.5625912185586848
1631,wawaseguadtimuj,1631,2017,7.426233401414485,2.9395148115680185
1632,gelgegibnehdo,1632,2017,,
1633,essatetig,1633,2017,8.79699940023974,2.399634762081769
1634,dotitafluubsijumach,1634,2017,,
1635,tehsidetegenichurgew,1635,2017,,
1636,aturrooqel,1636,2017,13.498221201524345,4.731798822475447
1637,ospooqidosemin,1637,2017,23.75829444277284,23.75829444277282
1638,saekep,1638,2017,,
1639,wegewulcyoquudsas,1639,2017,,
1640,itseidlaelextu,1640,443,,
1641,rorexawanse,1641,443,11.665231808391706,2.6718168671811537
1642,tehsidetegenichurgew,1642,443,,
1643,aturrooqel,1643,443,12.305036063925517,2.898576006439729
1644,hevaakimtychi,1644,443,12.60187252462798,2.547881541177729
1645,itseidlaelextu,1645,443,,
1646,bopevtunagaet,1646,443,11.061086031238808,2.933790337164338
1647,ecenivri,1647,443,12.471527190958346,1.045585155832474
1648,gelgegibnehdo,1648,443,11.356381815755263,2.2160340403515897
1649,ekpiteri,1649,443,13.640255331992256,2.3996347620732985
1650,padrirga,1650,443,14.270598829191773,2.4606976842444603
1651,ipleawel,1651,443,10.904584330094105,1.6620898632245529
1652,lijies,1652,443,13.418716022847374,2.6955394309844043
1653,itseidlaelextu,1653,443,,
1654,tehsidetegenichurgew,1654,443,,
1655,wyrilbidello,1655,443,10.773889118434704,1.753101602504762
1656,nyvulamru,1656,443,11.482489162272898,1.8392153690902373
1657,qetanitzevaofhana,1657,443,,
1658,acorta,1658,443,9.492387832149817,2.368039388459099
1659,itseidlaelextu,1659,443,,
1660,itseidlaelextu,1660,1256,,
1661,rorexawanse,1661,1256,23.422250592595585,8.234759243410135
1662,tehsidetegenichurgew,1662,1256,,
1663,aturrooqel,1663,1256,23.54604410984085,6.850220517394953
1664,hevaakimtychi,1664,1256,,
1665,itseidlaelextu,1665,1256,,
1666,bopevtunagaet,1666,1256,,
1667,ecenivri,1667,1256,26.84362858099265,4.76249708250651
1668,gelgegibnehdo,1668,1256,23.40646075521625,9.110334013299914
1669,ekpiteri,1669,1256,28.590802014634185,9.94803733534937
1670,padrirga,1670,1256,32.05130588365739,7.509352507469045
1671,ipleawel,1671,1256,,
1672,lijies,1672,1256,28.807290716951517,8.207506472438896
1673,itseidlaelextu,1673,1256,,
1674,tehsidetegenichurgew,1674,1256,,
1675,wyrilbidello,1675,1256,27.1295523674531,9.79096328317435
1676,nyvulamru,1676,1256,19.735294177458936,6.5680725231529244
1677,qetanitzevaofhana,1677,1256,,
1678,acorta,1678,1256,24.053553733734446,10.6905133100354
1679,itseidlaelextu,1679,1256,,
1680,itseidlaelextu,1680,280,,
1681,rorexawanse,1681,280,42.88796880917087,13.348397590070585
1682,tehsidetegenichurgew,1682,280,,
1683,aturrooqel,1683,280,48.36342243244777,14.076849553540573
1684,hevaakimtychi,1684,280,49.18065569825809,10.171779097886676
1685,itseidlaelextu,1685,280,,
1686,bopevtunagaet,1686,280,,
1687,ecenivri,1687,280,57.74262935124284,7.928718516239319
1688,gelgegibnehdo,1688,280,43.404044446628944,12.92163002196228
1689,ekpiteri,1689,280,53.53395258121472,17.778883135754192
1690,padrirga,1690,280,57.02396755243816,13.736134763933608
1691,ipleawel,1691,280,,
1692,lijies,1692,280,66.173652623391,17.71399648449172
1693,itseidlaelextu,1693,280,,
1694,tehsidetegenichurgew,1694,280,,
1695,wyrilbidello,1695,280,48.90496569111419,10.95691642118723
1696,nyvulamru,1696,280,27.35835490814226,10.324170634289953
1697,qetanitzevaofhana,1697,280,45.49009236635142,15.596661968678022
1698,acorta,1698,280,46.4554238438869,13.091294499078224
1699,itseidlaelextu,1699,280,,
1700,itseidlaelextu,1700,645,,
1701,rorexawanse,1701,645,27.46200685999451,7.51963384415488
1702,tehsidetegenichurgew,1702,645,,
1703,aturrooqel,1703,645,,
1704,hevaakimtychi,1704,645,30.37613537799677,7.842892010560306
1705,itseidlaelextu,1705,645,,
1706,bopevtunagaet,1706,645,19.881015953057737,6.632824266453971
1707,ecenivri,1707,645,34.93682892364296,6.014805109431898
1708,gelgegibnehdo,1708,645,28.52533557693183,9.4004384471075
1709,ekpiteri,1709,645,23.7582944427728,8.79523011577682
1710,padrirga,1710,645,,
1711,padrirga,1711,645,,
1712,lijies,1712,645,23.75829444277282,6.592303683768422
1713,itseidlaelextu,1713,645,,
1714,tehsidetegenichurgew,1714,645,,
1715,wyrilbidello,1715,645,23.442105837098385,6.724876810455495
1716,nyvulamru,1716,645,14.24199156292444,5.395080733893248
1717,qetanitzevaofhana,1717,645,,
1718,qetanitzevaofhana,1718,645,,
1719,itseidlaelextu,1719,645,,
1720,lijies,1720,1191,15.559703002130144,4.153338678264398
1721,tehsidetegenichurgew,1721,1191,,
1722,kadanfoilsipenno,1722,1191,11.180270386443064,3.713487376059141
1723,itseidlaelextu,1723,1191,,
1724,tilenbupteraalozmup,1724,1191,20.7727336911712,5.423978869673163
1725,pezeynoq,1725,1191,17.032790079818593,4.476008112914822
1726,ingifokraelgaimche,1726,1191,,
1727,atemrepdify,1727,1191,,
1728,itseidlaelextu,1728,1191,,
1729,ecenivri,1729,1191,23.49015543305074,2.4351949230969376
1730,nyvulamru,1730,1191,14.08357516995937,2.279136121934399
1731,tehsidetegenichurgew,1731,1191,,
1732,acorta,1732,1191,18.155409480557623,4.464101638514004
1733,essatetig,1733,1191,16.10518436042285,3.4697507331253306
1734,gelgegibnehdo,1734,1191,18.40508113073467,5.2607422889337085
1735,ipornizocvawilel,1735,1191,,
1736,lijies,1736,1191,17.476763010625234,5.36144884746849
1737,quaemboizniluganic,1737,1191,,
1738,wegewulcyoquudsas,1738,1191,11.59725040657132,5.743655907819382
1739,hoobisquoreocpow,1739,1191,12.805557644742176,4.192515762538916
1740,lijies,1740,2257,31.18207103936544,8.897795089839752
1741,tehsidetegenichurgew,1741,2257,,
1742,kadanfoilsipenno,1742,2257,32.03615421606266,6.439317560589117
1743,itseidlaelextu,1743,2257,,
1744,tilenbupteraalozmup,1744,2257,36.4803505490688,9.1078525045106
1745,pezeynoq,1745,2257,35.546094431098254,5.56247108447805
1746,ingifokraelgaimche,1746,2257,,
1747,atemrepdify,1747,2257,,
1748,itseidlaelextu,1748,2257,,
1749,ecenivri,1749,2257,39.83767638705037,5.674077587904099
1750,nyvulamru,1750,2257,29.03775194887601,5.594804946604527
1751,tehsidetegenichurgew,1751,2257,,
1752,acorta,1752,2257,30.089407089632672,7.839968258020236
1753,essatetig,1753,2257,23.7582944427728,4.166873223745649
1754,gelgegibnehdo,1754,2257,30.05111320574162,6.525147735501188
1755,ipornizocvawilel,1755,2257,25.33217904054118,9.077392139164894
1756,lijies,1756,2257,33.470474721880656,6.119140024124001
1757,quaemboizniluganic,1757,2257,,
1758,wegewulcyoquudsas,1758,2257,18.07199770509996,10.899983357791754
1759,hoobisquoreocpow,1759,2257,23.75829444277283,5.884496248306747
1760,lijies,1760,1101,15.297070254013184,2.063432891330724
1761,tehsidetegenichurgew,1761,1101,,
1762,kadanfoilsipenno,1762,1101,13.595350750042488,4.160967201053658
1763,itseidlaelextu,1763,1101,,
1764,tilenbupteraalozmup,1764,1101,15.909429217679069,4.539628819723911
1765,pezeynoq,1765,1101,,
1766,ingifokraelgaimche,1766,1101,,
1767,atemrepdify,1767,1101,16.097589434752365,5.593811929309191
1768,itseidlaelextu,1768,1101,,
1769,ecenivri,1769,1101,21.111466223580308,4.293398546781605
1770,nyvulamru,1770,1101,12.285659334318405,4.467701515586449
1771,tehsidetegenichurgew,1771,1101,,
1772,acorta,1772,1101,,
1773,essatetig,1773,1101,16.238691903152592,3.2961518418810978
1774,gelgegibnehdo,1774,1101,,
1775,ipornizocvawilel,1775,1101,,
1776,lijies,1776,1101,23.068334530688954,4.269550964343127
1777,quaemboizniluganic,1777,1101,,
1778,wegewulcyoquudsas,1778,1101,,
1779,hoobisquoreocpow,1779,1101,,
1780,lijies,1780,400,21.839690949380493,7.096322517345494
1781,tehsidetegenichurgew,1781,400,,
1782,kadanfoilsipenno,1782,400,15.352278301292117,4.910707188105873
1783,itseidlaelextu,1783,400,,
1784,tilenbupteraalozmup,1784,400,22.846759999662208,7.32898524736635
1785,pezeynoq,1785,400,16.50799499279568,5.674802725847154
1786,ingifokraelgaimche,1786,400,,
1787,atemrepdify,1787,400,,
1788,itseidlaelextu,1788,400,,
1789,ecenivri,1789,400,26.29098967313914,4.273616083193691
1790,nyvulamru,1790,400,17.780407256155822,5.19827511979281
1791,tehsidetegenichurgew,1791,400,,
1792,acorta,1792,400,23.289983746755865,7.319447190032204
1793,essatetig,1793,400,18.523748793492068,4.773164754656563
1794,gelgegibnehdo,1794,400,24.140629215844665,6.162248330207105
1795,ipornizocvawilel,1795,400,,
1796,lijies,1796,400,26.71905889034848,7.960947656915015
1797,quaemboizniluganic,1797,400,,
1798,wegewulcyoquudsas,1798,400,,
1799,hoobisquoreocpow,1799,400,21.23191229792137,12.164236765219645
1800,lijies,1800,589,16.641437612567177,6.330402266469477
1801,tehsidetegenichurgew,1801,589,,
1802,kadanfoilsipenno,1802,589,14.075770024707971,4.990778344840575
1803,itseidlaelextu,1803,589,,
1804,tilenbupteraalozmup,1804,589,20.30091800099664,5.8063920036227
1805,pezeynoq,1805,589,17.525726526621586,5.727306561247255
1806,ingifokraelgaimche,1806,589,,
1807,atemrepdify,1807,589,,
1808,itseidlaelextu,1808,589,,
1809,ecenivri,1809,589,25.53471749719417,3.846195240943178
1810,nyvulamru,1810,589,16.078349821868482,5.281215161151831
1811,tehsidetegenichurgew,1811,589,,
1812,acorta,1812,589,16.41501294490999,5.012427229497273
1813,essatetig,1813,589,17.319572363006962,4.9206530704927065
1814,gelgegibnehdo,1814,589,20.167879499928453,5.6226832718795645
1815,ipornizocvawilel,1815,589,14.672913607581416,3.329192880444076
1816,lijies,1816,589,17.202828609284033,8.240379604717315
1817,quaemboizniluganic,1817,589,,
1818,wegewulcyoquudsas,1818,589,14.138625170357356,8.457710333393141
1819,hoobisquoreocpow,1819,589,,
1820,lijies,1820,1854,19.917183012133066,8.227514569955572
1821,tehsidetegenichurgew,1821,1854,,
1822,kadanfoilsipenno,1822,1854,20.98693515224802,7.673200250021696
1823,itseidlaelextu,1823,1854,,
1824,tilenbupteraalozmup,1824,1854,21.821578781483744,9.799481688959329
1825,pezeynoq,1825,1854,22.649254275126555,8.71544941917688
1826,ingifokraelgaimche,1826,1854,,
1827,atemrepdify,1827,1854,,
1828,itseidlaelextu,1828,1854,,
1829,ecenivri,1829,1854,27.28709978443933,7.292046339129556
1830,nyvulamru,1830,1854,22.486195680908736,8.706105108412194
1831,tehsidetegenichurgew,1831,1854,,
1832,acorta,1832,1854,21.1645043154538,9.361279825967836
1833,essatetig,1833,1854,21.86050423448225,8.737617355422248
1834,gelgegibnehdo,1834,1854,23.75829444277282,8.552914528909279
1835,ipornizocvawilel,1835,1854,18.64033268488724,7.578506607310934
1836,lijies,1836,1854,20.416795843953853,7.780896088539746
1837,quaemboizniluganic,1837,1854,,
1838,wegewulcyoquudsas,1838,1854,,
1839,hoobisquoreocpow,1839,1854,19.322943910098395,9.540275699919544
1840,lijies,1840,1126,8.91964807833251,2.802174456115304
1841,tehsidetegenichurgew,1841,1126,,
1842,kadanfoilsipenno,1842,1126,12.131450919147705,2.961385040593491
1843,itseidlaelextu,1843,1126,,
1844,tilenbupteraalozmup,1844,1126,11.9191754145109,5.14266143917884
1845,pezeynoq,1845,1126,43.99622269837824,17.249049431205076
1846,ingifokraelgaimche,1846,1126,,
1847,atemrepdify,1847,1126,,
1848,itseidlaelextu,1848,1126,,
1849,ecenivri,1849,1126,14.96018119256038,2.7662399048732462
1850,nyvulamru,1850,1126,10.49220975252416,2.125470580664519
1851,tehsidetegenichurgew,1851,1126,,
1852,acorta,1852,1126,42.1449834082382,17.648871276908523
1853,essatetig,1853,1126,8.397716442103343,2.120456651948683
1854,gelgegibnehdo,1854,1126,59.61365878329374,24.551344336854864
1855,ipornizocvawilel,1855,1126,37.42928283454174,16.718060225799988
1856,lijies,1856,1126,13.138899821397628,3.7291701107371695
1857,quaemboizniluganic,1857,1126,,
1858,wegewulcyoquudsas,1858,1126,32.600077848351816,24.69359845312465
1859,hoobisquoreocpow,1859,1126,29.62661387631504,13.74216709243766
1860,lijies,1860,1558,13.462137717674077,2.6821890799080754
1861,tehsidetegenichurgew,1861,1558,,
1862,kadanfoilsipenno,1862,1558,10.240547182815002,3.804782255237737
1863,itseidlaelextu,1863,1558,,
1864,tilenbupteraalozmup,1864,1558,15.36793736296302,5.425222677977576
1865,pezeynoq,1865,1558,12.578002689927253,3.241804962176375
1866,ingifokraelgaimche,1866,1558,,
1867,atemrepdify,1867,1558,,
1868,itseidlaelextu,1868,1558,,
1869,ecenivri,1869,1558,19.90662890403998,2.5394299264065308
1870,nyvulamru,1870,1558,14.84000416247013,1.9158493427936167
1871,tehsidetegenichurgew,1871,1558,,
1872,acorta,1872,1558,13.77734138776592,5.149680440424726
1873,essatetig,1873,1558,8.827621742971221,2.988724974762451
1874,gelgegibnehdo,1874,1558,14.021137885115223,4.532901164547594
1875,ipornizocvawilel,1875,1558,,
1876,lijies,1876,1558,13.653628013186353,3.538465339123323
1877,quaemboizniluganic,1877,1558,,
1878,wegewulcyoquudsas,1878,1558,9.863536603367963,4.864140461926335
1879,hoobisquoreocpow,1879,1558,10.619440748299272,2.4117491978025134
1880,tigaskichtyigpiad,1880,2193,,
1881,ecenivri,1881,2193,22.512230048929474,5.300683029965619
1882,wegewulcyoquudsas,1882,2193,,
1883,feysregopuc,1883,2193,,
1884,asbicapadnitiin,1884,2193,21.269379405755316,10.165836737253104
1885,nyvulamru,1885,2193,20.97483200166507,9.735780108753552
1886,tuvasmog,1886,2193,23.75829444277282,8.21066064737035
1887,catafewechu,1887,2193,,
1888,sebiapmevokdy,1888,2193,,
1889,catafewechu,1889,2193,,
1890,ardoro,1890,2193,26.19782028724721,9.59318716336571
1891,ehacanemreurgias,1891,2193,,
1892,catafewechu,1892,2193,,
1893,ecenivri,1893,2193,20.02417402030333,4.326693572503758
1894,ixfatadle,1894,2193,18.32088972100708,8.330574707548685
1895,ykidheqtiwysekdo,1895,2193,23.75829444277283,23.75829444277282
1896,catafewechu,1896,2193,,
1897,lijies,1897,2193,23.758294442772787,11.22968845286213
1898,ykidheqtiwysekdo,1898,2193,23.75829444277282,23.75829444277282
1899,essatetig,1899,2193,20.39878489459388,6.47409688064655
1900,tigaskichtyigpiad,1900,1282,11.13832034935742,3.497146700194297
1901,ecenivri,1901,1282,21.68024249505574,3.6292499406396015
1902,wegewulcyoquudsas,1902,1282,,
1903,feysregopuc,1903,1282,14.651262731469767,7.0400424241077175
1904,asbicapadnitiin,1904,1282,17.409815374057523,3.30026945975955
1905,nyvulamru,1905,1282,17.277968718138744,3.7640467317255735
1906,tuvasmog,1906,1282,21.46836503419975,3.920522493522893
1907,catafewechu,1907,1282,17.377650133898648,3.067274199504356
1908,sebiapmevokdy,1908,1282,,
1909,catafewechu,1909,1282,18.47760375911877,4.446652894128321
1910,ardoro,1910,1282,17.19682685642611,7.702791684480095
1911,ehacanemreurgias,1911,1282,59.90560901193047,23.75829444277283
1912,catafewechu,1912,1282,15.59666196867804,4.153815871391669
1913,ecenivri,1913,1282,24.726712628069077,4.231379626171543
1914,ixfatadle,1914,1282,21.03488969364393,6.444935413641971
1915,ykidheqtiwysekdo,1915,1282,,
1916,catafewechu,1916,1282,18.273944425004785,5.679451281023303
1917,lijies,1917,1282,15.624323820751645,4.282735404237874
1918,ykidheqtiwysekdo,1918,1282,,
1919,essatetig,1919,1282,17.177708865616676,2.8988516286226065
1920,tigaskichtyigpiad,1920,266,,
1921,ecenivri,1921,266,44.182491664239,9.022168802336148
1922,wegewulcyoquudsas,1922,266,24.746983710483303,15.633835734139522
1923,feysregopuc,1923,266,28.61286778968261,12.32779333194848
1924,asbicapadnitiin,1924,266,27.941822949214146,10.806477245450052
1925,nyvulamru,1925,266,32.44190877240881,12.246787065133605
1926,tuvasmog,1926,266,37.88868059054948,11.536722341856068
1927,catafewechu,1927,266,28.758444292515684,11.875768878577452
1928,sebiapmevokdy,1928,266,26.78229654904097,11.190200323698043
1929,catafewechu,1929,266,28.438479412628663,9.385642727955815
1930,ardoro,1930,266,34.73692477457182,12.898963585982331
1931,ehacanemreurgias,1931,266,55.61438840490673,23.75829444277282
1932,catafewechu,1932,266,28.45598072051841,11.779499126452531
1933,ecenivri,1933,266,44.11724440992976,9.821698773290624
1934,ixfatadle,1934,266,24.696241815467687,13.017769828205452
1935,ykidheqtiwysekdo,1935,266,,
1936,catafewechu,1936,266,28.16150475273474,11.048065325091525
1937,lijies,1937,266,31.95307960215692,12.057270222306713
1938,ykidheqtiwysekdo,1938,266,,
1939,essatetig,1939,266,33.97577401174294,8.483465724550058
1940,tigaskichtyigpiad,1940,2188,,
1941,ecenivri,1941,2188,,
1942,wegewulcyoquudsas,1942,2188,,
1943,feysregopuc,1943,2188,,
1944,asbicapadnitiin,1944,2188,,
1945,nyvulamru,1945,2188,,
1946,tuvasmog,1946,2188,,
1947,catafewechu,1947,2188,,
1948,catafewechu,1948,2188,,
1949,catafewechu,1949,2188,,
1950,ardoro,1950,2188,,
1951,ehacanemreurgias,1951,2188,,
1952,catafewechu,1952,2188,,
1953,ecenivri,1953,2188,,
1954,ecenivri,1954,2188,,
1955,ykidheqtiwysekdo,1955,2188,,
1956,catafewechu,1956,2188,,
1957,lijies,1957,2188,,
1958,ykidheqtiwysekdo,1958,2188,,
1959,essatetig,1959,2188,7.139411997576002,1.5120409304447666
1960,tigaskichtyigpiad,1960,1836,,
1961,ecenivri,1961,1836,23.75829444277282,5.868203959622
1962,wegewulcyoquudsas,1962,1836,18.942969644485338,14.520537848325883
1963,feysregopuc,1963,1836,23.75829444277282,7.931698945559336
1964,asbicapadnitiin,1964,1836,20.93199543718771,7.448254564123685
1965,nyvulamru,1965,1836,15.1236375341996,4.883244045502732
1966,tuvasmog,1966,1836,20.39563488217334,6.996077431413368
1967,catafewechu,1967,1836,23.7582944427728,3.647688599966653
1968,sebiapmevokdy,1968,1836,17.71399648445635,4.909496179487206
1969,catafewechu,1969,1836,23.75829444277282,5.336938705411187
1970,ardoro,1970,1836,,
1971,ehacanemreurgias,1971,1836,47.22607937224016,23.75829444277282
1972,catafewechu,1972,1836,23.75829444277283,4.505562821807231
1973,ecenivri,1973,1836,23.75829444277283,5.040106795172245
1974,ixfatadle,1974,1836,19.21088259060603,4.701495848624779
1975,ykidheqtiwysekdo,1975,1836,23.75829444277282,23.75829444277282
1976,catafewechu,1976,1836,,
1977,lijies,1977,1836,18.447136210196277,5.868694051846396
1978,ykidheqtiwysekdo,1978,1836,23.75829444277283,23.75829444277282
1979,essatetig,1979,1836,17.408419635941986,4.763465724852794
1980,ecenivri,1980,1709,13.25211258539844,0.615039174495212
1981,ixfatadle,1981,1709,10.419754885869883,2.265081705575457
1982,catafewechu,1982,1709,6.983506061115198,1.4590673899785624
1983,essatetig,1983,1709,5.137620700127183,1.0126129225072509
1984,ansomelfik,1984,1709,9.06164717299288,4.834021493054123
1985,ixfatadle,1985,1709,11.232832356910231,1.2267421362162276
1986,tigaskichtyigpiad,1986,1709,,
1987,bopevtunagaet,1987,1709,6.553213016572328,1.4721902952082484
1988,tigaskichtyigpiad,1988,1709,,
1989,ansomelfik,1989,1709,10.967953080590965,5.0200001756275725
1990,catafewechu,1990,1709,5.94174041746309,1.1663101679249654
1991,catafewechu,1991,1709,,
1992,wawaseguadtimuj,1992,1709,,
1993,ixfatadle,1993,1709,7.308456759184337,0.7516382654962357
1994,bopevtunagaet,1994,1709,,
1995,lijies,1995,1709,18.27394442500476,2.7974024733096514
1996,faquuqucatenarylquy,1996,1709,6.521096386102529,1.6060257766008408
1997,firtihqoit,1997,1709,6.537792021123361,2.1105669748968
1998,saekep,1998,1709,5.714429958577127,1.991928407317353
1999,evtakalcinoqunenetse,1999,1709,16.49565535686465,3.305422507715768
2000,ecenivri,2000,721,10.959349034715752,1.0505336102388154
2001,ixfatadle,2001,721,12.308195138308363,3.626374374196304
2002,catafewechu,2002,721,,
2003,essatetig,2003,721,6.859168756620523,0.824750334028785
2004,ansomelfik,2004,721,13.02227475514143,4.608006000915265
2005,ixfatadle,2005,721,10.05913226423376,4.219185712617365
2006,tigaskichtyigpiad,2006,721,5.433235243209896,1.7190624812536504
2007,bopevtunagaet,2007,721,,
2008,tigaskichtyigpiad,2008,721,,
2009,ansomelfik,2009,721,11.413015400193132,4.667285829509308
2010,catafewechu,2010,721,,
2011,catafewechu,2011,721,,
2012,wawaseguadtimuj,2012,721,,
2013,ixfatadle,2013,721,10.7453019736905,2.169499539541592
2014,bopevtunagaet,2014,721,,
2015,lijies,2015,721,10.97315150242376,2.3768888955305383
2016,faquuqucatenarylquy,2016,721,,
2017,firtihqoit,2017,721,7.90372727279817,1.6044251696153544
2018,saekep,2018,721,6.279584771839532,2.312487528201284
2019,evtakalcinoqunenetse,2019,721,9.32104711512357,1.653827277839011
2020,ecenivri,2020,1301,27.149497827812358,2.5941221380594404
2021,ixfatadle,2021,1301,14.226628182245364,4.908314784483794
2022,catafewechu,2022,1301,,
2023,essatetig,2023,1301,11.952425004173127,2.3768888955156147
2024,ansomelfik,2024,1301,17.40001332356118,6.520882494962952
2025,ixfatadle,2025,1301,16.63278596782703,4.342280037380467
2026,tigaskichtyigpiad,2026,1301,12.819881218788264,3.4056236210214546
2027,bopevtunagaet,2027,1301,19.22478972333775,3.922824923106287
2028,tigaskichtyigpiad,2028,1301,14.042634457896147,4.422251749563881
2029,ansomelfik,2029,1301,13.627332811853533,5.816109673922767
2030,catafewechu,2030,1301,,
2031,catafewechu,2031,1301,18.31328557796993,2.896166075184729
2032,wawaseguadtimuj,2032,1301,15.227736546693937,5.975189802489367
2033,ixfatadle,2033,1301,15.789277266052345,3.907017639516357
2034,bopevtunagaet,2034,1301,7.468766106711496,1.3884291179313444
2035,lijies,2035,1301,13.32409515437228,5.2796442128756285
2036,faquuqucatenarylquy,2036,1301,17.835465311948518,5.188804813446718
2037,firtihqoit,2037,1301,14.71776364258555,4.03141320456809
2038,saekep,2038,1301,14.417709248941623,4.960163893989964
2039,evtakalcinoqunenetse,2039,1301,18.58383426180256,2.6139350373957817
2040,ecenivri,2040,1428,24.017695976112865,2.42627215000244
2041,ixfatadle,2041,1428,14.436854791391175,4.360500040482613
2042,catafewechu,2042,1428,17.86163511494914,3.170137330214967
2043,essatetig,2043,1428,9.907182799970458,2.581012438950057
2044,ansomelfik,2044,1428,,
2045,ixfatadle,2045,1428,16.299656188506603,6.540980136781414
2046,tigaskichtyigpiad,2046,1428,,
2047,bopevtunagaet,2047,1428,19.367370186513515,3.8538584599245738
2048,tigaskichtyigpiad,2048,1428,13.23173827629316,2.954386291390118
2049,ansomelfik,2049,1428,18.794714453118445,5.374440616006079
2050,catafewechu,2050,1428,15.64273787993326,2.982873449802176
2051,catafewechu,2051,1428,13.929427056650828,3.086171054913484
2052,wawaseguadtimuj,2052,1428,14.41157348131846,5.03924465439783
2053,ixfatadle,2053,1428,13.33453163665498,4.496168203241548
2054,bopevtunagaet,2054,1428,,
2055,lijies,2055,1428,14.316712440868256,5.37292425122941
2056,faquuqucatenarylquy,2056,1428,14.762205439545337,3.751250625667297
2057,firtihqoit,2057,1428,14.540703318457185,4.437580224471941
2058,saekep,2058,1428,10.513828935366776,4.422208555157359
2059,evtakalcinoqunenetse,2059,1428,14.22066961404393,2.610617977459384
2060,ecenivri,2060,1763,24.51219006446736,4.426067599338618
2061,lesdohanusre,2061,1763,23.75829444277282,7.60912073488812
2062,pezeynoq,2062,1763,17.883388536389685,6.888455597322024
2063,igagonecenlugnez,2063,1763,23.75829444277282,23.75829444277282
2064,ardoro,2064,1763,18.20005472346343,7.795537687002254
2065,ditlietan,2065,1763,8.199656254278098,2.3222972243744224
2066,ditlietan,2066,1763,14.097690045645582,5.718749502779818
2067,ecenivri,2067,1763,14.035569233790808,1.387633066600541
2068,eptanu,2068,1763,14.859963986056473,5.446097901490896
2069,itseidlaelextu,2069,1763,,
2070,guwyrihuhequgal,2070,1763,,
2071,saekep,2071,1763,,
2072,rivelyefuvutycceb,2072,1763,18.667125831760192,6.832751059806515
2073,ingifokraelgaimche,2073,1763,,
2074,eqalhin,2074,1763,13.186305173715285,3.802781114225144
2075,bopevtunagaet,2075,1763,12.368732853228437,2.356572570406944
2076,itseidlaelextu,2076,1763,,
2077,gelgegibnehdo,2077,1763,19.31549338197429,6.924251658278629
2078,emnuselnenfymengo,2078,1763,20.452015459326365,7.009600282994609
2079,rivelyefuvutycceb,2079,1763,20.30862131889513,7.807857504079357
2080,ecenivri,2080,2289,15.637606412549916,2.029701808034071
2081,lesdohanusre,2081,2289,10.706050004141492,1.5326794742314958
2082,pezeynoq,2082,2289,6.462532143692595,3.089808264256984
2083,igagonecenlugnez,2083,2289,,
2084,ardoro,2084,2289,,
2085,ditlietan,2085,2289,5.692364943202935,2.156390495715734
2086,ditlietan,2086,2289,,
2087,ecenivri,2087,2289,12.430774486012329,1.7073581994736493
2088,eptanu,2088,2289,,
2089,itseidlaelextu,2089,2289,,
2090,guwyrihuhequgal,2090,2289,,
2091,saekep,2091,2289,,
2092,rivelyefuvutycceb,2092,2289,,
2093,ingifokraelgaimche,2093,2289,,
2094,eqalhin,2094,2289,,
2095,bopevtunagaet,2095,2289,,
2096,itseidlaelextu,2096,2289,,
2097,gelgegibnehdo,2097,2289,4.689097528339023,1.2170092714378404
2098,emnuselnenfymengo,2098,2289,7.900550148834611,2.7422758375652627
2099,rivelyefuvutycceb,2099,2289,,
2100,ecenivri,2100,1898,18.188526487478047,2.2754418809562558
2101,lesdohanusre,2101,1898,15.106226054865289,3.0780729799460373
2102,pezeynoq,2102,1898,10.147251515193425,4.498332481395757
2103,igagonecenlugnez,2103,1898,,
2104,ardoro,2104,1898,11.539816572542843,3.457680223204772
2105,ditlietan,2105,1898,8.931107827729688,3.4380145599378684
2106,ditlietan,2106,1898,9.948035553960954,3.4819595124036726
2107,ecenivri,2107,1898,14.603516895199126,1.8384868566309835
2108,eptanu,2108,1898,10.19250888361164,3.097734094238425
2109,itseidlaelextu,2109,1898,,
2110,guwyrihuhequgal,2110,1898,9.370098764057344,4.127882127927186
2111,saekep,2111,1898,10.54792924615554,2.7985150072736023
2112,rivelyefuvutycceb,2112,1898,12.71953748972762,4.525861651726599
2113,ingifokraelgaimche,2113,1898,,
2114,eqalhin,2114,1898,10.211720583345748,2.515079831666549
2115,bopevtunagaet,2115,1898,,
2116,itseidlaelextu,2116,1898,,
2117,gelgegibnehdo,2117,1898,13.18444033172396,4.398850169552774
2118,emnuselnenfymengo,2118,1898,12.396063434331245,3.532651637881013
2119,rivelyefuvutycceb,2119,1898,13.549415661470483,3.980960778186246
2120,ecenivri,2120,274,60.05533518913736,11.26469370736565
2121,lesdohanusre,2121,274,52.80080788759168,9.162175668379245
2122,pezeynoq,2122,274,47.28504343607512,12.173952559909852
2123,igagonecenlugnez,2123,274,23.75829444277283,23.75829444277282
2124,ardoro,2124,274,46.264910775079095,13.897342979245964
2125,ditlietan,2125,274,42.67964823510119,15.816156865997542
2126,ditlietan,2126,274,26.75833111868733,11.53405857757792
2127,ecenivri,2127,274,55.27714079605413,9.223547459598532
2128,eptanu,2128,274,36.570338793010194,11.297635280434024
2129,itseidlaelextu,2129,274,,
2130,guwyrihuhequgal,2130,274,36.44830020932795,15.117086613946164
2131,saekep,2131,274,15.49497285065616,5.598825137215798
2132,rivelyefuvutycceb,2132,274,50.79819340092223,12.383411268992242
2133,ingifokraelgaimche,2133,274,,
2134,eqalhin,2134,274,33.5327787980109,14.961040396357069
2135,bopevtunagaet,2135,274,,
2136,itseidlaelextu,2136,274,,
2137,gelgegibnehdo,2137,274,47.29971529867854,13.165395512997751
2138,emnuselnenfymengo,2138,274,51.25593884049802,11.649939431691006
2139,rivelyefuvutycceb,2139,274,37.14184383064308,12.49918533313969
2140,werrifenibiryw,2140,1877,,
2141,xivyxgic,2141,1877,,
2142,xivyxgic,2142,1877,,
2143,saekep,2143,1877,,
2144,quaemboizniluganic,2144,1877,,
2145,acorta,2145,1877,,
2146,quozagchofuquuri,2146,1877,,
2147,quozagchofuquuri,2147,1877,,
2148,ifibdauhgunojsadne,2148,1877,10.908604571122096,4.643949254156761
2149,gelgegibnehdo,2149,1877,,
2150,lijies,2150,1877,,
2151,nyvulamru,2151,1877,7.924949653701273,2.224234254033606
2152,saekep,2152,1877,,
2153,itseidlaelextu,2153,1877,,
2154,itseidlaelextu,2154,1877,,
2155,lijies,2155,1877,,
2156,tigaskichtyigpiad,2156,1877,,
2157,essatetig,2157,1877,6.979373681099842,1.8538849585574069
2158,essatetig,2158,1877,,
2159,nyvulamru,2159,1877,8.563310793507616,3.503857470026222
2160,werrifenibiryw,2160,585,45.286480257562594,25.42210322700435
2161,xivyxgic,2161,585,,
2162,xivyxgic,2162,585,,
2163,saekep,2163,585,52.81689573236002,23.75829444277282
2164,quaemboizniluganic,2164,585,,
2165,acorta,2165,585,63.43428961330928,21.52193558543952
2166,quozagchofuquuri,2166,585,46.02048462629789,23.75829444277281
2167,ixfatadle,2167,585,47.775574714357255,27.075814725685536
2168,ifibdauhgunojsadne,2168,585,84.5552696437701,23.7582944427728
2169,gelgegibnehdo,2169,585,43.426823760090265,23.75829444277281
2170,lijies,2170,585,50.61071762336328,23.75829444277284
2171,nyvulamru,2171,585,55.13829719368926,25.843260043888197
2172,saekep,2172,585,54.71026264248336,22.33155611033141
2173,itseidlaelextu,2173,585,,
2174,ixfatadle,2174,585,53.70326311252662,22.866863795284367
2175,lijies,2175,585,69.88081422180261,21.360820888683875
2176,tigaskichtyigpiad,2176,585,76.91624280762207,23.75829444277281
2177,essatetig,2177,585,56.57406764533079,17.517894540858567
2178,ixfatadle,2178,585,41.46917750018158,25.02838060789574
2179,nyvulamru,2179,585,51.65495077357665,24.89828253172611
2180,werrifenibiryw,2180,1170,8.44925660602774,0.754662703783535
2181,xivyxgic,2181,1170,,
2182,xivyxgic,2182,1170,,
2183,saekep,2183,1170,,
2184,quaemboizniluganic,2184,1170,,
2185,acorta,2185,1170,7.925042284098452,2.4721138814166665
2186,quozagchofuquuri,2186,1170,,
2187,ixfatadle,2187,1170,11.936417102703928,4.317518847951689
2188,ifibdauhgunojsadne,2188,1170,10.713966716707494,2.528921132496329
2189,gelgegibnehdo,2189,1170,11.3817636269722,1.7705599260704667
2190,lijies,2190,1170,7.755049553025627,2.9808547175925044
2191,nyvulamru,2191,1170,7.3138085021995005,1.5422289714565176
2192,saekep,2192,1170,,
2193,itseidlaelextu,2193,1170,,
2194,ixfatadle,2194,1170,16.127491861787025,2.813729863725875
2195,lijies,2195,1170,10.415371830682115,3.1653170946566576
2196,tigaskichtyigpiad,2196,1170,,
2197,essatetig,2197,1170,7.891113433385823,0.960985141404852
2198,ixfatadle,2198,1170,12.517990127976413,3.110645585786486
2199,nyvulamru,2199,1170,9.599059097791889,1.9229630952933967
2200,werrifenibiryw,2200,720,29.46585000648198,10.88263138553671
2201,xivyxgic,2201,720,23.75829444277282,23.758294442772787
2202,xivyxgic,2202,720,,
2203,saekep,2203,720,35.84483404455077,13.31943716269469
2204,quaemboizniluganic,2204,720,,
2205,acorta,2205,720,37.16849243910981,9.44037558213248
2206,quozagchofuquuri,2206,720,,
2207,ixfatadle,2207,720,31.713787799623702,15.08875545118119
2208,ifibdauhgunojsadne,2208,720,184.19030024082733,15.529000727602297
2209,gelgegibnehdo,2209,720,39.045526637777485,11.26936392036773
2210,lijies,2210,720,38.520998976808364,11.562591246147116
2211,nyvulamru,2211,720,33.127334298035485,11.668714730494647
2212,saekep,2212,720,36.641619166462505,11.90003104580543
2213,itseidlaelextu,2213,720,,
2214,ixfatadle,2214,720,29.74792769063896,12.90477208144909
2215,lijies,2215,720,37.95558175890854,14.034377793069249
2216,tigaskichtyigpiad,2216,720,,
2217,essatetig,2217,720,30.71436393118777,10.854060110218978
2218,ixfatadle,2218,720,30.24936220045842,13.188893895249818
2219,nyvulamru,2219,720,32.17578710024045,12.661268378558171
2220,essatetig,2220,1425,20.100464608380054,5.61314432361828
2221,ixfatadle,2221,1425,23.91923595033952,9.876748741656836
2222,itseidlaelextu,2222,1425,,
2223,tigaskichtyigpiad,2223,1425,19.345278277638823,7.30644758901186
2224,xivyxgic,2224,1425,18.016450010842718,7.0520329796062375
2225,itseidlaelextu,2225,1425,,
2226,ixfatadle,2226,1425,21.521935585486887,8.807791007176492
2227,itseidlaelextu,2227,1425,,
2228,lijies,2228,1425,23.75829444277283,7.536864628449105
2229,yxxeor,2229,1425,21.164559830002712,8.857433467365823
2230,tigaskichtyigpiad,2230,1425,17.835465311966395,4.920951434729928
2231,essatetig,2231,1425,19.473301922170528,5.917413249245748
2232,gelgegibnehdo,2232,1425,23.75829444277282,10.442556484016247
2233,ansomelfik,2233,1425,23.75829444277282,13.152196200929206
2234,atemrepdify,2234,1425,18.46638473909507,9.697788386157972
2235,gelerutec,2235,1425,,
2236,gelerutec,2236,1425,,
2237,essatetig,2237,1425,22.54709037215669,6.859168756582598
2238,gelerutec,2238,1425,,
2239,ansomelfik,2239,1425,20.73161852969636,10.11597480601617
2240,essatetig,2240,767,18.53205272013324,4.817132587829089
2241,ixfatadle,2241,767,20.282403556793252,7.2290253561976385
2242,itseidlaelextu,2242,767,,
2243,tigaskichtyigpiad,2243,767,17.735778039614473,7.015849710400322
2244,xivyxgic,2244,767,19.523059432692374,6.775175767203005
2245,itseidlaelextu,2245,767,,
2246,ixfatadle,2246,767,19.345278277611488,5.137563545279694
2247,itseidlaelextu,2247,767,,
2248,lijies,2248,767,19.786672216633683,4.341925001782304
2249,yxxeor,2249,767,6.076754400400065,0.6502280901532902
2250,tigaskichtyigpiad,2250,767,,
2251,essatetig,2251,767,17.239919106386207,5.063470569380436
2252,gelgegibnehdo,2252,767,16.379900577543545,6.012043911405907
2253,ansomelfik,2253,767,9.84704069683817,2.3309832765524536
2254,atemrepdify,2254,767,4.909555647463843,1.1125404497605682
2255,gelerutec,2255,767,,
2256,gelerutec,2256,767,,
2257,essatetig,2257,767,16.7677209680287,5.425406613472335
2258,gelerutec,2258,767,,
2259,ansomelfik,2259,767,5.913044835106591,2.5816665258067784
2260,essatetig,2260,1571,26.93951222685004,5.2989774568261145
2261,ixfatadle,2261,1571,21.367558255514695,8.737617355420472
2262,itseidlaelextu,2262,1571,,
2263,tigaskichtyigpiad,2263,1571,19.3824450329068,6.706457921353221
2264,xivyxgic,2264,1571,,
2265,itseidlaelextu,2265,1571,,
2266,ixfatadle,2266,1571,23.75829444277282,8.575680649128545
2267,itseidlaelextu,2267,1571,,
2268,lijies,2268,1571,38.109556128667485,14.575769308914309
2269,yxxeor,2269,1571,24.514129458312297,7.132573173855242
2270,tigaskichtyigpiad,2270,1571,17.778883135754185,6.275101237404731
2271,essatetig,2271,1571,23.89487362023809,5.041560366752279
2272,gelgegibnehdo,2272,1571,19.3229439100611,6.927749370897332
2273,ansomelfik,2273,1571,23.75829444277282,8.191056972818194
2274,atemrepdify,2274,1571,22.714871338215683,7.184130219716433
2275,gelerutec,2275,1571,,
2276,gelerutec,2276,1571,,
2277,essatetig,2277,1571,18.6690961323875,4.883244045511201
2278,gelerutec,2278,1571,,
2279,ansomelfik,2279,1571,23.75829444277282,8.885287077588426
2280,essatetig,2280,356,16.140894347388695,6.642545579909104
2281,essatetig,2281,356,,
2282,itseidlaelextu,2282,356,,
2283,tigaskichtyigpiad,2283,356,,
2284,xivyxgic,2284,356,,
2285,itseidlaelextu,2285,356,,
2286,itseidlaelextu,2286,356,,
2287,itseidlaelextu,2287,356,,
2288,lijies,2288,356,23.75829444277282,9.547259932421875
2289,yxxeor,2289,356,20.441169803401586,6.025789340233818
2290,tigaskichtyigpiad,2290,356,16.572097987625728,4.669471584212421
2291,essatetig,2291,356,18.380015973262505,5.767642093257874
2292,gelgegibnehdo,2292,356,15.646895351818054,6.056169172283532
2293,ansomelfik,2293,356,23.75829444277282,6.594441381611399
2294,atemrepdify,2294,356,17.80247534598428,7.30099781736439
2295,gelerutec,2295,356,,
2296,gelerutec,2296,356,,
2297,essatetig,2297,356,15.789277266093787,5.959061442244471
2298,gelerutec,2298,356,,
2299,ansomelfik,2299,356,19.87761785430356,7.201657037941389
2300,essatetig,2300,265,16.685123017039146,3.368518645696009
2301,ixfatadle,2301,265,15.2819461470492,5.985304683470845
2302,itseidlaelextu,2302,265,,
2303,tigaskichtyigpiad,2303,265,15.307864039145624,7.214862495052836
2304,xivyxgic,2304,265,17.891710718108527,6.045832873071626
2305,itseidlaelextu,2305,265,,
2306,ixfatadle,2306,265,16.60722041285549,6.265852568708625
2307,itseidlaelextu,2307,265,,
2308,lijies,2308,265,23.75829444277282,6.530601829604683
2309,yxxeor,2309,265,23.17765335532628,6.985954450478904
2310,tigaskichtyigpiad,2310,265,,
2311,essatetig,2311,265,14.699072383296253,4.912530612969126
2312,gelgegibnehdo,2312,265,23.7582944427728,6.382107973199127
2313,ansomelfik,2313,265,23.75829444277282,6.302462980686095
2314,atemrepdify,2314,265,16.422914920696083,7.767392906162279
2315,gelerutec,2315,265,,
2316,gelerutec,2316,265,,
2317,essatetig,2317,265,14.249721134149722,3.3418475914992567
2318,gelerutec,2318,265,,
2319,ansomelfik,2319,265,23.75829444277282,5.908722887296487
2320,essatetig,2320,1772,11.68899234467856,2.236904868089169
2321,ixfatadle,2321,1772,14.27864405376824,5.213363665592519
2322,itseidlaelextu,2322,1772,,
2323,tigaskichtyigpiad,2323,1772,8.150429322652169,4.870931568458608
2324,xivyxgic,2324,1772,13.515227438719071,4.377202169931399
2325,itseidlaelextu,2325,1772,,
2326,ixfatadle,2326,1772,10.125462247299968,4.291844630198859
2327,itseidlaelextu,2327,1772,,
2328,lijies,2328,1772,14.566523957863826,2.891168373330973
2329,yxxeor,2329,1772,10.622938347258025,3.6529224041331143
2330,tigaskichtyigpiad,2330,1772,12.993074983436484,2.822794503610032
2331,essatetig,2331,1772,11.940307203733704,2.975925237249546
2332,gelgegibnehdo,2332,1772,10.597954913645792,4.516856078073362
2333,ansomelfik,2333,1772,13.876040634095135,4.627384990040111
2334,atemrepdify,2334,1772,11.589739761797311,4.433904715435974
2335,gelerutec,2335,1772,,
2336,gelerutec,2336,1772,,
2337,essatetig,2337,1772,9.219117999305118,2.483963506568853
2338,gelerutec,2338,1772,,
2339,ansomelfik,2339,1772,12.437979595954593,4.6816553199697015
2340,gelerutec,2340,1178,,
2341,ingifokraelgaimche,2341,1178,11.428178634206752,2.9244171010738444
2342,iquibneyfgeevvule,2342,1178,10.1328367356698,2.196041687356625
2343,essatetig,2343,1178,8.56444229783755,1.5233110768550375
2344,bopevtunagaet,2344,1178,,
2345,gelerutec,2345,1178,,
2346,firpervagowohannod,2346,1178,16.115926070696375,1.696538411215358
2347,ansomelfik,2347,1178,13.45146287515771,3.299455025215322
2348,gelerutec,2348,1178,,
2349,tigaskichtyigpiad,2349,1178,8.844372333572045,1.5913527063283628
2350,ifibdauhgunojsadne,2350,1178,16.655414349114796,2.04740444063093
2351,firpervagowohannod,2351,1178,15.945944510647108,2.848114803941132
2352,ansomelfik,2352,1178,10.566182690701808,3.513899594638778
2353,tigaskichtyigpiad,2353,1178,6.736853162602286,1.163967587582838
2354,bopevtunagaet,2354,1178,,
2355,tigaskichtyigpiad,2355,1178,8.19181555659809,2.022760611814786
2356,ansomelfik,2356,1178,14.020828679070496,2.503954667421192
2357,wawaseguadtimuj,2357,1178,7.887168053232909,3.346720659943705
2358,tigaskichtyigpiad,2358,1178,6.735156809141738,2.22807471843037
2359,epxeghaesov,2359,1178,14.239960506493206,1.6742709550134047
2360,gelerutec,2360,1912,,
2361,ingifokraelgaimche,2361,1912,6.561049782163412,1.7873960568971563
2362,iquibneyfgeevvule,2362,1912,6.858076820488196,1.6405709366856314
2363,essatetig,2363,1912,6.310215620401991,1.2489809643619083
2364,bopevtunagaet,2364,1912,,
2365,gelerutec,2365,1912,23.75829444277283,23.7582944427728
2366,firpervagowohannod,2366,1912,7.175207488164517,2.0119884575741844
2367,ansomelfik,2367,1912,6.95328257351508,2.5858092628215763
2368,gelerutec,2368,1912,,
2369,tigaskichtyigpiad,2369,1912,,
2370,ifibdauhgunojsadne,2370,1912,,
2371,firpervagowohannod,2371,1912,6.35679851281009,2.2862112052276973
2372,ansomelfik,2372,1912,7.079627165521473,2.2868533092184054
2373,tigaskichtyigpiad,2373,1912,5.750315598119408,2.1453851410715004
2374,bopevtunagaet,2374,1912,,
2375,tigaskichtyigpiad,2375,1912,4.189389666855186,1.319968536680241
2376,ansomelfik,2376,1912,8.913197725664745,2.831277961428164
2377,wawaseguadtimuj,2377,1912,7.4797270889971585,2.88066281516754
2378,tigaskichtyigpiad,2378,1912,5.824364668878055,1.874896759273681
2379,epxeghaesov,2379,1912,8.149337879051691,1.0711231963245484
2380,gelerutec,2380,299,,
2381,ingifokraelgaimche,2381,299,43.16923428444804,20.98668627418719
2382,iquibneyfgeevvule,2382,299,,
2383,essatetig,2383,299,44.74828602812656,14.287520172619123
2384,bopevtunagaet,2384,299,31.9996507055792,14.80115591738073
2385,gelerutec,2385,299,,
2386,firpervagowohannod,2386,299,43.04456015422992,17.084469828181735
2387,ansomelfik,2387,299,36.72127981613927,23.758294442772787
2388,gelerutec,2388,299,,
2389,tigaskichtyigpiad,2389,299,,
2390,ifibdauhgunojsadne,2390,299,52.14205870754455,23.7582944427728
2391,firpervagowohannod,2391,299,39.485953797859466,16.47087224253412
2392,ansomelfik,2392,299,31.54633129753977,23.75829444277283
2393,tigaskichtyigpiad,2393,299,,
2394,bopevtunagaet,2394,299,44.01813023620161,19.91115225144078
2395,tigaskichtyigpiad,2395,299,,
2396,ansomelfik,2396,299,39.97479038671242,23.7582944427728
2397,wawaseguadtimuj,2397,299,37.25004693545257,18.5746944054795
2398,tigaskichtyigpiad,2398,299,,
2399,epxeghaesov,2399,299,47.19281318561279,18.33853285759723
2400,gelerutec,2400,141,,
2401,ingifokraelgaimche,2401,141,14.1525335398484,4.73719465082441
2402,ingifokraelgaimche,2402,141,,
2403,essatetig,2403,141,10.769241202505988,2.200342752867487
2404,bopevtunagaet,2404,141,,
2405,gelerutec,2405,141,,
2406,firpervagowohannod,2406,141,15.568950969122689,2.148828101566499
2407,ansomelfik,2407,141,14.644732441602384,6.764744389540018
2408,gelerutec,2408,141,,
2409,tigaskichtyigpiad,2409,141,8.229236422324773,5.373634673572661
2410,ifibdauhgunojsadne,2410,141,,
2411,firpervagowohannod,2411,141,,
2412,ansomelfik,2412,141,10.747624528999214,4.011589065596121
2413,tigaskichtyigpiad,2413,141,,
2414,bopevtunagaet,2414,141,16.284133378757623,3.4763876887718017
2415,tigaskichtyigpiad,2415,141,,
2416,ansomelfik,2416,141,15.749690108228103,4.604004144764792
2417,wawaseguadtimuj,2417,141,16.140894347388702,4.709000236254474
2418,tigaskichtyigpiad,2418,141,8.328128993681457,3.0622253493157987
2419,epxeghaesov,2419,141,16.720859460897596,2.2891903938127545
2420,gelerutec,2420,493,,
2421,ingifokraelgaimche,2421,493,,
2422,iquibneyfgeevvule,2422,493,,
2423,essatetig,2423,493,12.31229191979292,1.9122057643501171
2424,bopevtunagaet,2424,493,7.873259738609203,3.574792113796373
2425,gelerutec,2425,493,,
2426,firpervagowohannod,2426,493,,
2427,ansomelfik,2427,493,,
2428,gelerutec,2428,493,,
2429,tigaskichtyigpiad,2429,493,,
2430,ifibdauhgunojsadne,2430,493,13.435482281184306,4.521071059838113
2431,firpervagowohannod,2431,493,,
2432,ansomelfik,2432,493,,
2433,tigaskichtyigpiad,2433,493,,
2434,bopevtunagaet,2434,493,,
2435,tigaskichtyigpiad,2435,493,,
2436,ansomelfik,2436,493,16.641437612612055,8.227514569955586
2437,wawaseguadtimuj,2437,493,,
2438,tigaskichtyigpiad,2438,493,,
2439,epxeghaesov,2439,493,11.566714407644197,4.247386033653294
2440,tigaskichtyigpiad,2440,679,28.861470436596843,10.109282298221542
2441,firpervagowohannod,2441,679,38.93531857972727,7.852505329195499
2442,gelgegibnehdo,2442,679,30.507467514255623,11.678355073247316
2443,essatetig,2443,679,27.42150017669259,9.473908900354155
2444,firpervagowohannod,2444,679,46.45656133115904,8.825392801742534
2445,lesdohanusre,2445,679,36.802991304749305,10.314374887476912
2446,firtihqoit,2446,679,31.04994812584219,14.205689378640544
2447,essatetig,2447,679,33.911940459293966,8.225578170817313
2448,ansomelfik,2448,679,27.982580202971292,15.032739563993252
2449,bopevtunagaet,2449,679,,
2450,bopevtunagaet,2450,679,,
2451,yrmota,2451,679,36.48543810352272,11.594323876896771
2452,ecenivri,2452,679,35.75118141702167,8.383523003311991
2453,cagatrinhanimvetol,2453,679,36.32313011333861,12.870093712034295
2454,otzaerlynasol,2454,679,37.04856819137477,10.160180961758616
2455,xivyxgic,2455,679,29.019546502987943,11.09095096347377
2456,hoobisquoreocpow,2456,679,34.479173940330035,11.318354979681391
2457,xivyxgic,2457,679,27.170829077794927,14.327299869080006
2458,hoobisquoreocpow,2458,679,37.10767060564126,12.629382888866475
2459,acorta,2459,679,43.38119225277189,9.548390159186418
2460,saekep,2460,183,22.613807879447307,9.872793825372636
2461,fizquanla,2461,183,19.59307941139092,10.323324455198597
2462,xivyxgic,2462,183,23.75829444277283,8.784540072146939
2463,firtihqoit,2463,183,14.158113680850816,6.05616917226941
2464,bopevtunagaet,2464,183,,
2465,rivelyefuvutycceb,2465,183,29.776162854121864,10.098044596051558
2466,quozagchofuquuri,2466,183,,
2467,garirquayprakuraf,2467,183,18.71768139756122,7.951047141686216
2468,tegeagchef,2468,183,20.24688890242153,9.669555642415745
2469,pegqizobos,2469,183,28.7588236811766,10.993303126285852
2470,xivyxgic,2470,183,,
2471,xivyxgic,2471,183,,
2472,lesdohanusre,2472,183,23.75829444277282,5.675701657126558
2473,itseidlaelextu,2473,183,,
2474,fizquanla,2474,183,18.686746995534683,10.198309174155446
2475,xivyxgic,2475,183,20.85851967033014,8.270342352343627
2476,rivelyefuvutycceb,2476,183,28.36901837206607,10.416397407384734
2477,itseidlaelextu,2477,183,,
2478,ifibdauhgunojsadne,2478,183,23.75829444277281,7.905160216220024
2479,itseidlaelextu,2479,183,,
2480,saekep,2480,1777,,
2481,fizquanla,2481,1777,7.123178354786526,2.928380577473896
2482,xivyxgic,2482,1777,,
2483,firtihqoit,2483,1777,12.359233057079429,3.7739800693947374
2484,bopevtunagaet,2484,1777,12.444986877697858,2.2379219786316145
2485,rivelyefuvutycceb,2485,1777,,
2486,quozagchofuquuri,2486,1777,12.352112543343294,3.089832022775312
2487,garirquayprakuraf,2487,1777,11.81785575726045,4.583326708889306
2488,tegeagchef,2488,1777,,
2489,pegqizobos,2489,1777,10.56993372700151,3.4989305037906298
2490,xivyxgic,2490,1777,,
2491,xivyxgic,2491,1777,,
2492,lesdohanusre,2492,1777,16.804972606565727,3.780102326104623
2493,itseidlaelextu,2493,1777,,
2494,fizquanla,2494,1777,8.401823994909305,2.7140222297793497
2495,xivyxgic,2495,1777,,
2496,rivelyefuvutycceb,2496,1777,,
2497,itseidlaelextu,2497,1777,,
2498,ifibdauhgunojsadne,2498,1777,14.952995234093969,2.235122389165154
2499,itseidlaelextu,2499,1777,,
2500,saekep,2500,2023,49.821661238610616,21.488469641469504
2501,fizquanla,2501,2023,42.853031855625176,26.128083335552823
2502,xivyxgic,2502,2023,,
2503,firtihqoit,2503,2023,44.42213071642055,23.7582944427728
2504,bopevtunagaet,2504,2023,,
2505,rivelyefuvutycceb,2505,2023,62.568437536668455,28.26173139968779
2506,quozagchofuquuri,2506,2023,,
2507,garirquayprakuraf,2507,2023,44.71725340808994,27.494806402539677
2508,tegeagchef,2508,2023,52.47541880237576,23.09698568389203
2509,pegqizobos,2509,2023,48.26602865345818,23.7582944427728
2510,xivyxgic,2510,2023,58.77381149968738,27.99533827871123
2511,xivyxgic,2511,2023,54.98377468086184,29.19101262185763
2512,lesdohanusre,2512,2023,58.39230338361968,18.21872409111428
2513,itseidlaelextu,2513,2023,,
2514,fizquanla,2514,2023,46.32141317566009,28.456938235885985
2515,xivyxgic,2515,2023,,
2516,rivelyefuvutycceb,2516,2023,59.80254023372319,29.3855191537233
2517,itseidlaelextu,2517,2023,,
2518,ifibdauhgunojsadne,2518,2023,72.67421715108641,23.7582944427728
2519,itseidlaelextu,2519,2023,,
2520,saekep,2520,787,23.920616987577013,8.09185455031307
2521,fizquanla,2521,787,17.859659940295664,9.89031129286162
2522,xivyxgic,2522,787,16.477418176351712,6.56580325489008
2523,firtihqoit,2523,787,23.7582944427728,8.462070369992075
2524,bopevtunagaet,2524,787,21.887459806534597,7.215405043522793
2525,rivelyefuvutycceb,2525,787,24.897841693287024,8.412818855522115
2526,quozagchofuquuri,2526,787,26.158804735217394,9.92772351388204
2527,garirquayprakuraf,2527,787,16.67580624610451,8.433359027170622
2528,tegeagchef,2528,787,18.779901407114245,7.3995810905010355
2529,pegqizobos,2529,787,23.75829444277284,10.755490164330263
2530,xivyxgic,2530,787,20.845796691579448,8.545847809294205
2531,xivyxgic,2531,787,23.7595599357338,7.142722130716355
2532,lesdohanusre,2532,787,23.7582944427728,6.7259683340383605
2533,itseidlaelextu,2533,787,,
2534,fizquanla,2534,787,19.58127746911933,9.338801676825645
2535,xivyxgic,2535,787,23.7582944427728,11.275479953584528
2536,rivelyefuvutycceb,2536,787,25.962275367270458,9.057583921324785
2537,itseidlaelextu,2537,787,,
2538,ifibdauhgunojsadne,2538,787,23.75829444277283,5.546461683313644
2539,itseidlaelextu,2539,787,,
2540,saekep,2540,768,17.361088053111676,4.086915755415909
2541,fizquanla,2541,768,12.459208857837837,5.118509831534526
2542,xivyxgic,2542,768,12.192390558217866,3.127004200248626
2543,firtihqoit,2543,768,23.75829444277281,4.581788851766863
2544,bopevtunagaet,2544,768,,
2545,rivelyefuvutycceb,2545,768,18.29591813856282,4.533650510165419
2546,quozagchofuquuri,2546,768,,
2547,garirquayprakuraf,2547,768,12.41414198266525,4.8468186456798845
2548,tegeagchef,2548,768,15.919729959035369,4.627240319636584
2549,pegqizobos,2549,768,11.63789775643138,4.015064441500694
2550,xivyxgic,2550,768,14.504333463627928,4.184278124085689
2551,xivyxgic,2551,768,17.018682848801014,5.868694051823869
2552,lesdohanusre,2552,768,23.75829444277281,5.917462871805637
2553,itseidlaelextu,2553,768,,
2554,fizquanla,2554,768,13.96547730771592,5.649020755275728
2555,xivyxgic,2555,768,,
2556,rivelyefuvutycceb,2556,768,19.89327197617532,4.157193917904205
2557,itseidlaelextu,2557,768,,
2558,ifibdauhgunojsadne,2558,768,23.75829444277283,3.11095104800113
2559,itseidlaelextu,2559,768,,
2560,itseidlaelextu,2560,935,,
2561,firtihqoit,2561,935,30.733103630279185,12.28899305736637
2562,quozagchofuquuri,2562,935,,
2563,fizquanla,2563,935,30.089407089696035,15.78015842197344
2564,itseidlaelextu,2564,935,,
2565,rivelyefuvutycceb,2565,935,41.82045550323697,10.718228657030036
2566,xivyxgic,2566,935,23.75829444277282,12.359233057060106
2567,quozagchofuquuri,2567,935,,
2568,enezeserasit,2568,935,27.80657232236337,13.007574724802735
2569,itseidlaelextu,2569,935,,
2570,fizquanla,2570,935,32.09397228918346,17.517894540836558
2571,atemrepdify,2571,935,36.63570169955966,14.932090465308212
2572,itseidlaelextu,2572,935,,
2573,rivelyefuvutycceb,2573,935,39.531496616744725,11.49015092145595
2574,itseidlaelextu,2574,935,,
2575,xivyxgic,2575,935,33.42097903512787,11.29230271764583
2576,firtihqoit,2576,935,31.687760233974284,12.637056123443072
2577,xivyxgic,2577,935,28.072544970170345,10.364585584331968
2578,ingifokraelgaimche,2578,935,33.18325809364961,11.849926991131158
2579,itseidlaelextu,2579,935,,
2580,itseidlaelextu,2580,516,,
2581,firtihqoit,2581,516,31.119406004341464,16.42377930753892
2582,quozagchofuquuri,2582,516,31.38487532531145,13.742167092459097
2583,fizquanla,2583,516,30.751831909648192,16.693253319548024
2584,itseidlaelextu,2584,516,,
2585,rivelyefuvutycceb,2585,516,38.69133739943238,14.451892717530072
2586,xivyxgic,2586,516,33.06157994337756,15.470347612950489
2587,quozagchofuquuri,2587,516,33.98781428786953,14.575174289383597
2588,enezeserasit,2588,516,29.675094377944973,14.655396578186815
2589,itseidlaelextu,2589,516,,
2590,fizquanla,2590,516,30.91987595802893,18.771285455911617
2591,atemrepdify,2591,516,,
2592,itseidlaelextu,2592,516,,
2593,rivelyefuvutycceb,2593,516,37.872483360262365,15.355618611843614
2594,itseidlaelextu,2594,516,,
2595,xivyxgic,2595,516,30.7425712783035,15.261829507181274
2596,firtihqoit,2596,516,35.79178110215732,16.220954386223916
2597,xivyxgic,2597,516,30.50274901335006,15.675441389777133
2598,ingifokraelgaimche,2598,516,31.868938155522198,13.983679229049326
2599,itseidlaelextu,2599,516,,
2600,lesdohanusre,2600,101,18.929231405249343,2.656558453039947
2601,ifibdauhgunojsadne,2601,101,14.500436835576378,1.7092879614881362
2602,adoful,2602,101,18.61363737519527,5.943259875189815
2603,firtihqoit,2603,101,20.27795257297323,4.770811088860492
2604,tafanazewopotefy,2604,101,12.540699656027304,5.089124814316658
2605,ifibdauhgunojsadne,2605,101,28.110549122573207,3.7795585270896463
2606,altiguguedzuadnem,2606,101,15.485613127030671,2.396950713066876
2607,acpoirnogofipca,2607,101,8.396868462955831,1.442368652463513
2608,firtihqoit,2608,101,16.128424959657902,4.223081288211116
2609,tegeagchef,2609,101,6.855032017777857,1.533540012107279
2610,tegeagchef,2610,101,6.386115048540174,1.1078520521358683
2611,tegeagchef,2611,101,7.901094523312223,1.355686538950034
2612,ararcoscaducfe,2612,101,19.45539111954632,3.0425231785970346
2613,nyvulamru,2613,101,12.441644085754364,2.998172795977165
2614,essatetig,2614,101,12.974699815185172,2.901231077432474
2615,ecenivri,2615,101,12.87360338462235,1.4771514553512992
2616,tegeagchef,2616,101,7.237709769278198,1.3820124246112762
2617,oqtoyzda,2617,101,,
2618,neecygiw,2618,101,8.350220074720319,4.333666458869521
2619,fizquanla,2619,101,,
2620,lesdohanusre,2620,1245,13.52117918328531,2.171765441989149
2621,ifibdauhgunojsadne,2621,1245,18.65425867149834,3.579793437884566
2622,adoful,2622,1245,,
2623,firtihqoit,2623,1245,17.89733070431771,3.211149535789513
2624,tafanazewopotefy,2624,1245,,
2625,ifibdauhgunojsadne,2625,1245,14.425340522292547,3.2855559452541248
2626,altiguguedzuadnem,2626,1245,12.556795108771125,2.901438513570543
2627,acpoirnogofipca,2627,1245,15.184340553088388,3.4267269957818054
2628,firtihqoit,2628,1245,12.213926480637989,3.6324826888181434
2629,tegeagchef,2629,1245,10.405858864052378,2.260172032819564
2630,tegeagchef,2630,1245,11.503296464634616,2.9337042630381576
2631,tegeagchef,2631,1245,14.66331713799931,3.1659230832367222
2632,ararcoscaducfe,2632,1245,13.603487996485212,2.322478735835338
2633,nyvulamru,2633,1245,10.837443419338074,4.303954589194766
2634,essatetig,2634,1245,10.547553657421451,2.5670665450242254
2635,ecenivri,2635,1245,16.131402691890983,2.740113879618569
2636,tegeagchef,2636,1245,14.150692716143556,3.6026599928295813
2637,oqtoyzda,2637,1245,12.13907300955527,4.556983686327931
2638,neecygiw,2638,1245,12.175303216764808,3.279405830898117
2639,fizquanla,2639,1245,11.997708803235588,4.301139377683494
2640,lesdohanusre,2640,1487,47.3847448251686,14.496552584826883
2641,ifibdauhgunojsadne,2641,1487,44.27421617623028,17.085806302722585
2642,adoful,2642,1487,,
2643,firtihqoit,2643,1487,37.201635671225866,17.967038195823243
2644,tafanazewopotefy,2644,1487,,
2645,ifibdauhgunojsadne,2645,1487,37.35065704671844,14.422546428104203
2646,altiguguedzuadnem,2646,1487,33.89086234391996,15.6944849647114
2647,acpoirnogofipca,2647,1487,37.037641540098704,17.67517100256663
2648,firtihqoit,2648,1487,35.15124649904137,19.34527827767483
2649,tegeagchef,2649,1487,34.92440210756946,15.552155190275958
2650,tegeagchef,2650,1487,34.48168248564399,17.987193715376637
2651,tegeagchef,2651,1487,35.01633569450092,16.93280435029574
2652,ararcoscaducfe,2652,1487,42.03694230505157,20.52118455087441
2653,nyvulamru,2653,1487,34.34647158054114,16.484126285472325
2654,essatetig,2654,1487,33.37357031060115,13.960392846080774
2655,ecenivri,2655,1487,43.640623158695725,13.205787757137026
2656,tegeagchef,2656,1487,41.31450170605305,19.86731121247751
2657,oqtoyzda,2657,1487,36.43693620946021,18.78661521386374
2658,neecygiw,2658,1487,29.47420736396072,15.33637099745739
2659,fizquanla,2659,1487,32.780071402390504,17.542117524684862
2660,lesdohanusre,2660,2164,20.416795843996784,7.8553561208583105
2661,ifibdauhgunojsadne,2661,2164,23.75829444277282,6.769643571771641
2662,adoful,2662,2164,15.733777859515897,5.311306614106143
2663,firtihqoit,2663,2164,18.99018671032194,4.794041991236421
2664,tafanazewopotefy,2664,2164,,
2665,ifibdauhgunojsadne,2665,2164,18.368221634205955,6.123457318236095
2666,altiguguedzuadnem,2666,2164,13.366533248171145,4.927948622588743
2667,acpoirnogofipca,2667,2164,15.770337638621422,6.436381787026292
2668,firtihqoit,2668,2164,18.03609552987937,5.598713646583768
2669,tegeagchef,2669,2164,14.496934201773728,4.54368674405406
2670,tegeagchef,2670,2164,17.0092493788706,4.289685284348307
2671,tegeagchef,2671,2164,14.405148914258348,4.269058672238776
2672,ararcoscaducfe,2672,2164,18.65697616349248,6.986400278681728
2673,nyvulamru,2673,2164,15.559716428540254,5.261718993914252
2674,essatetig,2674,2164,16.025847856352033,4.935608682313597
2675,ecenivri,2675,2164,13.838385041473757,1.8274916390414035
2676,tegeagchef,2676,2164,15.578630858228667,5.042869076301956
2677,oqtoyzda,2677,2164,16.38957324669924,8.327489913317969
2678,neecygiw,2678,2164,13.8001009986649,5.652242620628389
2679,fizquanla,2679,2164,,
2680,lesdohanusre,2680,369,14.229280181315335,3.037838767534043
2681,ifibdauhgunojsadne,2681,369,17.837844880364695,2.514253385010923
2682,adoful,2682,369,,
2683,firtihqoit,2683,369,11.548742381041455,3.19968636594458
2684,tafanazewopotefy,2684,369,23.75829444277282,23.75829444277282
2685,ifibdauhgunojsadne,2685,369,14.423686524594348,3.901941268854189
2686,altiguguedzuadnem,2686,369,10.109125204109093,1.9741573871279348
2687,acpoirnogofipca,2687,369,12.25589701137384,1.555953231789467
2688,firtihqoit,2688,369,10.547553657358137,3.2794058308871183
2689,tegeagchef,2689,369,10.018436223200164,1.5064352542425898
2690,tegeagchef,2690,369,13.446321428788158,2.197525538890474
2691,tegeagchef,2691,369,13.736257408302864,1.7907227327286908
2692,ararcoscaducfe,2692,369,15.986777679601738,2.676396563052463
2693,nyvulamru,2693,369,12.696771819299297,3.385775918811253
2694,essatetig,2694,369,11.71377299029417,2.038521319452135
2695,ecenivri,2695,369,17.872169181029,2.486424618979981
2696,tegeagchef,2696,369,11.511801675734404,2.35806179564899
2697,oqtoyzda,2697,369,13.48806921229746,3.752913652651926
2698,neecygiw,2698,369,8.423395002943215,1.9713335671519636
2699,fizquanla,2699,369,4.908838222397821,2.472915518100789
2700,eptanu,2700,1798,17.920048867109813,5.8532413784380966
2701,acpoirnogofipca,2701,1798,15.438593972812136,3.779380422982777
2702,essatetig,2702,1798,16.226508791672764,2.821051564005871
2703,essatetig,2703,1798,14.30089331979733,3.956124517146262
2704,firtihqoit,2704,1798,23.75829444277283,5.870632575949902
2705,nyvulamru,2705,1798,13.674816731639448,5.6055538612809
2706,firtihqoit,2706,1798,23.7582944427728,5.035324451941657
2707,otzaerlynasol,2707,1798,18.155210176154828,4.06368422662068
2708,firtihqoit,2708,1798,23.7582944427728,5.575088669071628
2709,ecenivri,2709,1798,20.01995816549056,2.907676671418135
2710,gesitcetiridakbe,2710,1798,18.809586425037285,3.904348667372981
2711,eptanu,2711,1798,16.88927417114213,5.623336032418624
2712,quaemboizniluganic,2712,1798,,
2713,oqinew,2713,1798,23.75829444277282,5.260742288924063
2714,gesitcetiridakbe,2714,1798,17.496820595134615,3.615835621659137
2715,uhottortior,2715,1798,,
2716,itseidlaelextu,2716,1798,,
2717,wawaseguadtimuj,2717,1798,12.431910808255337,5.3076980086659376
2718,itseidlaelextu,2718,1798,,
2719,ecenivri,2719,1798,21.1476663145623,3.35016199874396
2720,eptanu,2720,1686,17.550719739707198,7.588995819855547
2721,acpoirnogofipca,2721,1686,18.887011917616032,5.700000627697884
2722,essatetig,2722,1686,17.3300238269239,5.255786205012153
2723,essatetig,2723,1686,17.792504295901335,5.537116166052949
2724,firtihqoit,2724,1686,23.63220090966881,5.69622960790629
2725,nyvulamru,2725,1686,17.907951132356857,6.395264662741672
2726,firtihqoit,2726,1686,23.75829444277283,6.228814851788776
2727,otzaerlynasol,2727,1686,18.80958642503456,5.4794630942423215
2728,firtihqoit,2728,1686,23.75829444277283,7.652248597592144
2729,ecenivri,2729,1686,23.746361872841227,4.881237833001611
2730,gesitcetiridakbe,2730,1686,16.49956327306068,6.016255031053977
2731,eptanu,2731,1686,17.83546531193422,7.28274792074177
2732,quaemboizniluganic,2732,1686,,
2733,oqinew,2733,1686,23.75829444277284,8.894824482062168
2734,gesitcetiridakbe,2734,1686,20.395634882173347,6.997194450067645
2735,uhottortior,2735,1686,,
2736,itseidlaelextu,2736,1686,,
2737,wawaseguadtimuj,2737,1686,20.204188913460133,10.32498830448922
2738,itseidlaelextu,2738,1686,,
2739,ecenivri,2739,1686,23.34374530524574,4.490332190843241
2740,eptanu,2740,1478,61.50991125005343,13.542666363335854
2741,acpoirnogofipca,2741,1478,38.58432209707389,14.169789385909134
2742,essatetig,2742,1478,41.64681855643015,12.092715998810345
2743,essatetig,2743,1478,45.41412950283223,14.80115591738073
2744,firtihqoit,2744,1478,38.67373743899197,17.713996484495905
2745,nyvulamru,2745,1478,34.54343905588981,10.905205638585867
2746,firtihqoit,2746,1478,33.05722601164204,14.286518989079344
2747,otzaerlynasol,2747,1478,59.83955384833949,15.032739563916332
2748,firtihqoit,2748,1478,35.30182015363739,13.413537070802803
2749,ecenivri,2749,1478,56.42076512638383,8.893313977489596
2750,gesitcetiridakbe,2750,1478,,
2751,eptanu,2751,1478,58.090624591438285,14.982132954420443
2752,quaemboizniluganic,2752,1478,,
2753,oqinew,2753,1478,,
2754,gesitcetiridakbe,2754,1478,,
2755,uhottortior,2755,1478,,
2756,itseidlaelextu,2756,1478,,
2757,wawaseguadtimuj,2757,1478,,
2758,itseidlaelextu,2758,1478,,
2759,ecenivri,2759,1478,25.20368856357392,5.620205066501327
2760,eptanu,2760,1488,33.63245951437598,10.026527751373925
2761,acpoirnogofipca,2761,1488,32.02797271458783,10.002783326760811
2762,essatetig,2762,1488,28.90647811541645,6.386017592516757
2763,essatetig,2763,1488,33.46401959261055,9.609316669751363
2764,firtihqoit,2764,1488,28.99310516964244,10.041682675986351
2765,nyvulamru,2765,1488,31.01284031678956,10.182698705052522
2766,firtihqoit,2766,1488,29.08233018698592,7.918277415377877
2767,otzaerlynasol,2767,1488,27.49480640254504,6.642888165169984
2768,firtihqoit,2768,1488,31.44151401343341,8.610671856874477
2769,ecenivri,2769,1488,37.79163348557177,7.074535512780875
2770,gesitcetiridakbe,2770,1488,,
2771,eptanu,2771,1488,32.74572924917039,9.819358690020753
2772,quaemboizniluganic,2772,1488,,
2773,oqinew,2773,1488,23.75829444277282,9.845191686096472
2774,gesitcetiridakbe,2774,1488,,
2775,uhottortior,2775,1488,,
2776,itseidlaelextu,2776,1488,,
2777,wawaseguadtimuj,2777,1488,,
2778,itseidlaelextu,2778,1488,,
2779,ecenivri,2779,1488,31.15638206126833,6.968538229195982
2780,bopevtunagaet,2780,988,8.73426254137411,2.189640633243384
2781,itseidlaelextu,2781,988,,
2782,eptanu,2782,988,,
2783,ecenivri,2783,988,,
2784,limhakqowranexqej,2784,988,8.085200050437459,4.301723385062111
2785,sedwaehnamnetucit,2785,988,,
2786,fizquanla,2786,988,,
2787,qyraqubajerimevnorcel,2787,988,11.440428218788991,2.994442491725247
2788,fizquanla,2788,988,,
2789,leojsakpib,2789,988,7.463562142670018,2.000809561310873
2790,wawaseguadtimuj,2790,988,,
2791,etkonipoliscit,2791,988,8.89779508980673,3.203355101154935
2792,ingifokraelgaimche,2792,988,,
2793,gaegekhiiwzuc,2793,988,,
2794,ingifokraelgaimche,2794,988,,
2795,ekpiteri,2795,988,12.322882371587486,3.996188026943917
2796,ingifokraelgaimche,2796,988,,
2797,wawaseguadtimuj,2797,988,,
2798,eptanu,2798,988,,
2799,itseidlaelextu,2799,988,,
2800,bopevtunagaet,2800,1788,,
2801,itseidlaelextu,2801,1788,,
2802,eptanu,2802,1788,6.965207791015081,1.7066548546700109
2803,ecenivri,2803,1788,12.38998385393386,0.9176790844867376
2804,limhakqowranexqej,2804,1788,,
2805,sedwaehnamnetucit,2805,1788,7.5871504279125235,2.042694345967509
2806,fizquanla,2806,1788,,
2807,qyraqubajerimevnorcel,2807,1788,15.505469612489833,3.7168990356525615
2808,fizquanla,2808,1788,,
2809,leojsakpib,2809,1788,8.28030673532311,1.5871612693315025
2810,wawaseguadtimuj,2810,1788,,
2811,etkonipoliscit,2811,1788,4.87153436921346,1.6016775505798218
2812,ingifokraelgaimche,2812,1788,,
2813,gaegekhiiwzuc,2813,1788,,
2814,ingifokraelgaimche,2814,1788,,
2815,ekpiteri,2815,1788,13.202857199937249,3.3698913146841427
2816,ingifokraelgaimche,2816,1788,,
2817,wawaseguadtimuj,2817,1788,,
2818,eptanu,2818,1788,,
2819,itseidlaelextu,2819,1788,,
2820,bopevtunagaet,2820,44,,
2821,itseidlaelextu,2821,44,,
2822,eptanu,2822,44,5.119254528059583,1.6009768567950309
2823,ecenivri,2823,44,8.896774987666767,0.7885136888590006
2824,limhakqowranexqej,2824,44,3.8424428811255273,1.4278249731629595
2825,sedwaehnamnetucit,2825,44,12.14267671247288,3.311660720886712
2826,fizquanla,2826,44,,
2827,qyraqubajerimevnorcel,2827,44,6.89912218495022,2.5591616911922794
2828,fizquanla,2828,44,6.287069138134361,1.7299599753717665
2829,leojsakpib,2829,44,7.390208938436246,1.9579362744490976
2830,wawaseguadtimuj,2830,44,5.859092044612939,2.490604145652606
2831,etkonipoliscit,2831,44,8.871586505372298,3.1260650189012447
2832,ingifokraelgaimche,2832,44,,
2833,gaegekhiiwzuc,2833,44,11.026134912650548,2.3905930943137443
2834,ingifokraelgaimche,2834,44,,
2835,ekpiteri,2835,44,10.37251520994818,2.735306891524236
2836,ingifokraelgaimche,2836,44,,
2837,wawaseguadtimuj,2837,44,4.465943034060438,2.2223852376509896
2838,eptanu,2838,44,6.255308800618989,1.8940320767771808
2839,itseidlaelextu,2839,44,,
2840,bopevtunagaet,2840,1479,40.24061121244646,14.91165986422297
2841,itseidlaelextu,2841,1479,,
2842,eptanu,2842,1479,53.41511494010796,20.719782777891705
2843,ecenivri,2843,1479,39.3314170795656,10.193819045083206
2844,limhakqowranexqej,2844,1479,31.838241839681597,27.255869676945757
2845,sedwaehnamnetucit,2845,1479,47.616684679887,23.7582944427728
2846,fizquanla,2846,1479,42.70288978051429,20.205904688852037
2847,qyraqubajerimevnorcel,2847,1479,57.38349484451861,22.028102158602213
2848,fizquanla,2848,1479,32.517246958539,19.677251992253677
2849,leojsakpib,2849,1479,53.27893550942592,18.57615856629934
2850,wawaseguadtimuj,2850,1479,39.29960346393108,19.673517254324544
2851,etkonipoliscit,2851,1479,45.802023958093685,23.75829444277283
2852,ingifokraelgaimche,2852,1479,,
2853,gaegekhiiwzuc,2853,1479,,
2854,ingifokraelgaimche,2854,1479,,
2855,ekpiteri,2855,1479,59.6799008088479,17.113264602008257
2856,ingifokraelgaimche,2856,1479,,
2857,wawaseguadtimuj,2857,1479,,
2858,eptanu,2858,1479,43.4986024008047,17.620189860495625
2859,itseidlaelextu,2859,1479,,
2860,bopevtunagaet,2860,632,,
2861,itseidlaelextu,2861,632,,
2862,eptanu,2862,632,11.922249423138716,3.756624100768009
2863,ecenivri,2863,632,17.119934773078047,1.2451694966808136
2864,limhakqowranexqej,2864,632,14.845314370484706,4.7125988076226495
2865,sedwaehnamnetucit,2865,632,23.7582944427728,3.137176242826631
2866,fizquanla,2866,632,,
2867,qyraqubajerimevnorcel,2867,632,,
2868,fizquanla,2868,632,7.572138531223193,2.755468277560652
2869,leojsakpib,2869,632,12.78243720640852,2.369588297483919
2870,wawaseguadtimuj,2870,632,,
2871,etkonipoliscit,2871,632,10.634989972229144,5.338094000099277
2872,ingifokraelgaimche,2872,632,,
2873,gaegekhiiwzuc,2873,632,,
2874,ingifokraelgaimche,2874,632,,
2875,ekpiteri,2875,632,15.596661968678037,2.642483431754284
2876,ingifokraelgaimche,2876,632,,
2877,wawaseguadtimuj,2877,632,,
2878,eptanu,2878,632,13.34502036308883,3.135145440271818
2879,itseidlaelextu,2879,632,,
2880,bopevtunagaet,2880,871,,
2881,itseidlaelextu,2881,871,,
2882,eptanu,2882,871,17.53893054565542,2.728934946200867
2883,ecenivri,2883,871,25.94638108328034,1.4381812915019885
2884,limhakqowranexqej,2884,871,19.45049587608682,6.871449040458968
2885,sedwaehnamnetucit,2885,871,23.75829444277282,5.967186431713754
2886,fizquanla,2886,871,20.573376075032137,3.354135621483344
2887,qyraqubajerimevnorcel,2887,871,20.913775076219377,4.738077864601594
2888,fizquanla,2888,871,21.096385360756084,3.877879736601273
2889,leojsakpib,2889,871,18.02353371517911,2.8115033936947214
2890,wawaseguadtimuj,2890,871,,
2891,etkonipoliscit,2891,871,17.177708865567663,5.242710437311043
2892,ingifokraelgaimche,2892,871,,
2893,gaegekhiiwzuc,2893,871,,
2894,ingifokraelgaimche,2894,871,,
2895,ekpiteri,2895,871,23.75829444277282,3.928565750471949
2896,ingifokraelgaimche,2896,871,,
2897,wawaseguadtimuj,2897,871,,
2898,eptanu,2898,871,19.17967538582872,2.9536067788132394
2899,itseidlaelextu,2899,871,,
2900,bopevtunagaet,2900,1453,,
2901,itseidlaelextu,2901,1453,,
2902,eptanu,2902,1453,7.833799620802811,0.7719797936122584
2903,ecenivri,2903,1453,9.88099834746879,0.8900386427113708
2904,limhakqowranexqej,2904,1453,8.871545732074699,3.135844381124673
2905,sedwaehnamnetucit,2905,1453,9.219117999325528,3.1020198212172643
2906,fizquanla,2906,1453,7.339869811744692,3.466656817805509
2907,qyraqubajerimevnorcel,2907,1453,8.996335666825315,2.690387333625062
2908,fizquanla,2908,1453,7.828114464178025,2.1844043388582666
2909,leojsakpib,2909,1453,6.87454439198206,1.847772478315053
2910,wawaseguadtimuj,2910,1453,7.915263798779756,2.402844772739104
2911,etkonipoliscit,2911,1453,7.386040271094332,2.5445479823444264
2912,ingifokraelgaimche,2912,1453,,
2913,gaegekhiiwzuc,2913,1453,8.691471783068687,1.080783578177993
2914,ingifokraelgaimche,2914,1453,,
2915,ekpiteri,2915,1453,8.966174924303468,1.748573350098982
2916,ingifokraelgaimche,2916,1453,,
2917,wawaseguadtimuj,2917,1453,6.0346517308385605,1.4400765493231331
2918,eptanu,2918,1453,7.902154965455733,1.041682139926286
2919,itseidlaelextu,2919,1453,,
2920,bopevtunagaet,2920,770,9.836725044592823,1.760330918120718
2921,itseidlaelextu,2921,770,,
2922,eptanu,2922,770,10.179002636230477,1.974730612066088
2923,ecenivri,2923,770,14.446674599888476,0.5842804606240054
2924,limhakqowranexqej,2924,770,9.997286593330688,3.422992929046184
2925,sedwaehnamnetucit,2925,770,11.530612126452567,2.262000732491592
2926,fizquanla,2926,770,9.912731504492752,2.4760053472773453
2927,qyraqubajerimevnorcel,2927,770,10.881140511999083,2.892666052722101
2928,fizquanla,2928,770,12.160679208175871,2.4527960034694107
2929,leojsakpib,2929,770,8.71309451315537,2.402213339831377
2930,wawaseguadtimuj,2930,770,8.221293271277286,2.102132898207933
2931,etkonipoliscit,2931,770,11.658040066266356,3.719906546552783
2932,ingifokraelgaimche,2932,770,,
2933,gaegekhiiwzuc,2933,770,13.570922572422417,1.7663258189366182
2934,ingifokraelgaimche,2934,770,,
2935,ekpiteri,2935,770,12.6094444822724,2.868046302890606
2936,ingifokraelgaimche,2936,770,,
2937,wawaseguadtimuj,2937,770,10.50904400978832,2.523225226039762
2938,eptanu,2938,770,8.617662179657898,1.002733362822133
2939,itseidlaelextu,2939,770,,
2940,itseidlaelextu,2940,578,,
2941,ingifokraelgaimche,2941,578,10.389840166861982,3.4896658043304862
2942,lesdohanusre,2942,578,13.400935456441283,2.607413943980258
2943,hoobisquoreocpow,2943,578,11.638114862906232,3.594693717737184
2944,ingifokraelgaimche,2944,578,12.947467946423872,4.754126132340426
2945,itseidlaelextu,2945,578,,
2946,itseidlaelextu,2946,578,,
2947,wawaseguadtimuj,2947,578,,
2948,itseidlaelextu,2948,578,,
2949,ingifokraelgaimche,2949,578,10.251924473531249,3.0898082642730738
2950,ifibdauhgunojsadne,2950,578,11.54027241784043,2.330731319217952
2951,hoobisquoreocpow,2951,578,16.72898543448041,2.487612693554854
2952,itseidlaelextu,2952,578,,
2953,ekpiteri,2953,578,15.243054103719633,4.558272243874368
2954,saekep,2954,578,,
2955,saekep,2955,578,,
2956,hoobisquoreocpow,2956,578,11.779499126476324,2.527759744991112
2957,itseidlaelextu,2957,578,,
2958,ingifokraelgaimche,2958,578,10.295832121582466,3.9792149341235454
2959,itseidlaelextu,2959,578,,
2960,itseidlaelextu,2960,1385,,
2961,ingifokraelgaimche,2961,1385,17.545264182962853,6.841057788942493
2962,lesdohanusre,2962,1385,16.667365601754824,4.886490084308189
2963,hoobisquoreocpow,2963,1385,16.16709956174068,3.9248127702550986
2964,ingifokraelgaimche,2964,1385,17.989937545521755,7.673850778991854
2965,itseidlaelextu,2965,1385,,
2966,itseidlaelextu,2966,1385,,
2967,wawaseguadtimuj,2967,1385,,
2968,itseidlaelextu,2968,1385,,
2969,ingifokraelgaimche,2969,1385,16.648543391829676,4.130724021680864
2970,ifibdauhgunojsadne,2970,1385,23.7582944427728,6.381693873298904
2971,hoobisquoreocpow,2971,1385,20.60003129169282,3.20902000526111
2972,itseidlaelextu,2972,1385,,
2973,ekpiteri,2973,1385,16.63592781617267,5.278851610267091
2974,saekep,2974,1385,,
2975,saekep,2975,1385,,
2976,hoobisquoreocpow,2976,1385,16.641437612612048,5.368892191209457
2977,itseidlaelextu,2977,1385,,
2978,ingifokraelgaimche,2978,1385,11.533985874734602,5.459437849456124
2979,itseidlaelextu,2979,1385,,
2980,itseidlaelextu,2980,604,,
2981,ingifokraelgaimche,2981,604,14.31704869174095,5.380119766379584
2982,lesdohanusre,2982,604,23.7582944427728,6.233786340443606
2983,hoobisquoreocpow,2983,604,14.557997631138605,3.9617583452103937
2984,ingifokraelgaimche,2984,604,15.505953044080904,6.404310032649143
2985,itseidlaelextu,2985,604,,
2986,itseidlaelextu,2986,604,,
2987,wawaseguadtimuj,2987,604,,
2988,itseidlaelextu,2988,604,,
2989,ingifokraelgaimche,2989,604,17.295016246138704,6.140409224336556
2990,ifibdauhgunojsadne,2990,604,23.75829444277282,5.239544980410427
2991,hoobisquoreocpow,2991,604,20.142036508116718,5.487630837248289
2992,itseidlaelextu,2992,604,,
2993,ekpiteri,2993,604,16.70332785307611,6.838267228814312
2994,saekep,2994,604,,
2995,saekep,2995,604,,
2996,hoobisquoreocpow,2996,604,16.725266007238876,3.353250852825864
2997,itseidlaelextu,2997,604,,
2998,ingifokraelgaimche,2998,604,14.612794705420814,4.906968544852955
2999,itseidlaelextu,2999,604,,
3000,itseidlaelextu,3000,476,,
3001,ingifokraelgaimche,3001,476,23.75829444277282,9.265583020107275
3002,lesdohanusre,3002,476,23.75829444277282,7.031976187707101
3003,hoobisquoreocpow,3003,476,18.752540966287235,6.40848593482192
3004,ingifokraelgaimche,3004,476,21.301640325218628,10.18587017040818
3005,itseidlaelextu,3005,476,,
3006,itseidlaelextu,3006,476,,
3007,wawaseguadtimuj,3007,476,,
3008,itseidlaelextu,3008,476,,
3009,ingifokraelgaimche,3009,476,23.75829444277282,8.178904228939395
3010,ifibdauhgunojsadne,3010,476,23.75829444277283,6.659631207686871
3011,hoobisquoreocpow,3011,476,23.75829444277282,6.069599972814755
3012,itseidlaelextu,3012,476,,
3013,ekpiteri,3013,476,23.75829444277282,8.629713636176096
3014,saekep,3014,476,,
3015,saekep,3015,476,,
3016,hoobisquoreocpow,3016,476,,
3017,itseidlaelextu,3017,476,,
3018,ingifokraelgaimche,3018,476,22.02435800015176,9.876273046026554
3019,itseidlaelextu,3019,476,,
3020,itseidlaelextu,3020,351,,
3021,ingifokraelgaimche,3021,351,18.038699809479336,5.483869008352131
3022,lesdohanusre,3022,351,16.592848086199773,4.661462638421779
3023,hoobisquoreocpow,3023,351,18.147866841132863,4.3573411932800346
3024,ingifokraelgaimche,3024,351,18.499089745448583,3.871119692251896
3025,itseidlaelextu,3025,351,,
3026,itseidlaelextu,3026,351,,
3027,wawaseguadtimuj,3027,351,16.321462270094006,4.455328139741171
3028,itseidlaelextu,3028,351,,
3029,ingifokraelgaimche,3029,351,11.96208217661136,3.1996863659489114
3030,ifibdauhgunojsadne,3030,351,32.97875694832179,1.3879002932646098
3031,hoobisquoreocpow,3031,351,17.075288342815604,3.6403013417379935
3032,itseidlaelextu,3032,351,,
3033,ekpiteri,3033,351,22.14881599114983,3.539813582770364
3034,saekep,3034,351,,
3035,saekep,3035,351,,
3036,hoobisquoreocpow,3036,351,20.641162974648616,2.602313049840924
3037,itseidlaelextu,3037,351,,
3038,ingifokraelgaimche,3038,351,16.288748960737326,3.379245434507934
3039,itseidlaelextu,3039,351,,
3040,hoobisquoreocpow,3040,837,23.75829444277283,3.765411682536808
3041,adoful,3041,837,,
3042,wawaseguadtimuj,3042,837,,
3043,itseidlaelextu,3043,837,,
3044,hoobisquoreocpow,3044,837,23.75829444277283,3.538900981687061
3045,hoobisquoreocpow,3045,837,23.75829444277282,3.759903568525415
3046,lesdohanusre,3046,837,23.75829444277284,4.35736758166132
3047,tehsidetegenichurgew,3047,837,,
3048,uwafgiekemah,3048,837,,
3049,tafanazewopotefy,3049,837,,
3050,mynebetawobgomrunxac,3050,837,,
3051,ogelnaworubo,3051,837,,
3052,ingifokraelgaimche,3052,837,23.75829444277283,6.021743370101307
3053,ingifokraelgaimche,3053,837,21.38026064079308,4.147448782056692
3054,nelipakaququceruan,3054,837,24.30358006706336,5.6464211376431255
3055,quaemboizniluganic,3055,837,,
3056,wiella,3056,837,,
3057,bopevtunagaet,3057,837,,
3058,ingifokraelgaimche,3058,837,23.75829444277283,6.623321441747665
3059,ardoro,3059,837,23.75829444277281,6.4502401059746575
3060,hoobisquoreocpow,3060,131,13.327413951997697,1.425319807355767
3061,adoful,3061,131,11.49708550246168,1.993563554779272
3062,wawaseguadtimuj,3062,131,6.64476654439824,2.82762748098936
3063,itseidlaelextu,3063,131,,
3064,hoobisquoreocpow,3064,131,13.991290101463449,1.1052308866317424
3065,hoobisquoreocpow,3065,131,13.71070844659443,1.5340678362010527
3066,lesdohanusre,3066,131,10.337139073785869,2.920196870788576
3067,tehsidetegenichurgew,3067,131,,
3068,uwafgiekemah,3068,131,11.419008537124755,2.565493245632497
3069,tafanazewopotefy,3069,131,,
3070,mynebetawobgomrunxac,3070,131,9.873894224263609,2.1837993431197527
3071,ogelnaworubo,3071,131,9.597957783073614,1.8958198087567768
3072,ingifokraelgaimche,3072,131,7.24842552770791,2.3751896279225204
3073,ingifokraelgaimche,3073,131,9.14267715871875,2.3326203358534365
3074,nelipakaququceruan,3074,131,8.038485578415386,2.697006910192513
3075,quaemboizniluganic,3075,131,,
3076,wiella,3076,131,,
3077,bopevtunagaet,3077,131,10.772165125566346,2.037945059009279
3078,ingifokraelgaimche,3078,131,7.69388494404322,2.732353140531045
3079,ardoro,3079,131,9.184973628622153,2.7580920422579167
3080,hoobisquoreocpow,3080,1480,34.891701447185184,12.340454105181916
3081,adoful,3081,1480,,
3082,wawaseguadtimuj,3082,1480,,
3083,itseidlaelextu,3083,1480,,
3084,hoobisquoreocpow,3084,1480,34.342846375754995,10.744234820709844
3085,hoobisquoreocpow,3085,1480,35.26779794436302,10.441118325420277
3086,lesdohanusre,3086,1480,35.41173786695288,14.042634457868273
3087,tehsidetegenichurgew,3087,1480,,
3088,uwafgiekemah,3088,1480,42.49252689264217,21.164393741054404
3089,tafanazewopotefy,3089,1480,,
3090,mynebetawobgomrunxac,3090,1480,,
3091,ogelnaworubo,3091,1480,,
3092,ingifokraelgaimche,3092,1480,42.51234724475113,19.571051364356386
3093,ingifokraelgaimche,3093,1480,36.61871053336929,16.329533704481765
3094,nelipakaququceruan,3094,1480,40.46028880658176,20.25812971014119
3095,quaemboizniluganic,3095,1480,,
3096,wiella,3096,1480,,
3097,bopevtunagaet,3097,1480,,
3098,ingifokraelgaimche,3098,1480,38.98791541107235,18.447669449638216
3099,ardoro,3099,1480,40.56677195817136,17.655228939331415
3100,waqufixnoegotri,3100,437,8.843939633392507,3.298933674995782
3101,chiteba,3101,437,7.899699196761683,2.366069784962414
3102,ardoro,3102,437,8.69226446264909,3.88337845715752
3103,ekpiteri,3103,437,8.829023405337097,2.4853290859937487
3104,waqufixnoegotri,3104,437,8.728522071099626,2.7276421964875874
3105,wekracah,3105,437,8.518185911233143,1.9387032246380596
3106,ardoro,3106,437,8.185933178490528,3.623624752320348
3107,itseidlaelextu,3107,437,,
3108,itseidlaelextu,3108,437,,
3109,ekpiteri,3109,437,6.508250475169535,3.7342454465325607
3110,gesitcetiridakbe,3110,437,12.486423711493234,2.861229753454209
3111,ekpiteri,3111,437,7.326714888032959,3.5219335220095678
3112,ardoro,3112,437,8.42957529274107,3.767574655685964
3113,gesitcetiridakbe,3113,437,11.799486485489878,3.0612371011830954
3114,gelerutec,3114,437,,
3115,ekpiteri,3115,437,9.63629178511106,2.657442572688697
3116,itseidlaelextu,3116,437,,
3117,ardoro,3117,437,9.04363547377294,3.5220410425495148
3118,gelerutec,3118,437,,
3119,itseidlaelextu,3119,437,,
3120,waqufixnoegotri,3120,1184,11.591076955168186,3.710934524890137
3121,chiteba,3121,1184,8.941244322998678,2.7324054518171312
3122,ardoro,3122,1184,14.59774629853133,4.063518803900006
3123,ekpiteri,3123,1184,11.954899899049808,3.550064179594269
3124,waqufixnoegotri,3124,1184,13.453942705621014,2.9382208577826248
3125,wekracah,3125,1184,,
3126,ardoro,3126,1184,12.689388846618156,3.355463246759831
3127,itseidlaelextu,3127,1184,,
3128,itseidlaelextu,3128,1184,,
3129,ekpiteri,3129,1184,13.195654869883224,3.453315118886813
3130,gesitcetiridakbe,3130,1184,,
3131,ekpiteri,3131,1184,11.798428067367333,3.320051383230425
3132,ardoro,3132,1184,10.8526474357534,4.700959863354665
3133,gesitcetiridakbe,3133,1184,,
3134,gelerutec,3134,1184,,
3135,ekpiteri,3135,1184,12.052423967750377,2.794205710673321
3136,itseidlaelextu,3136,1184,,
3137,ardoro,3137,1184,12.863801248447114,4.444305496470004
3138,gelerutec,3138,1184,,
3139,itseidlaelextu,3139,1184,,
3140,waqufixnoegotri,3140,855,17.92241702229961,5.303018760271799
3141,chiteba,3141,855,14.311315496059056,5.26077302097096
3142,ardoro,3142,855,16.957580347868547,5.4103079143362125
3143,ekpiteri,3143,855,17.236622362794996,5.341444252229759
3144,waqufixnoegotri,3144,855,17.40414466281974,5.97034669677804
3145,wekracah,3145,855,18.477603759152046,4.205191113567018
3146,ardoro,3146,855,17.02963288528351,6.555188418067328
3147,itseidlaelextu,3147,855,,
3148,itseidlaelextu,3148,855,,
3149,ekpiteri,3149,855,17.114311239741056,5.843560342953607
3150,gesitcetiridakbe,3150,855,18.27394442504191,5.713421227947906
3151,ekpiteri,3151,855,21.52180255084233,6.81124724206229
3152,ardoro,3152,855,16.321565651494737,7.459958492605609
3153,gesitcetiridakbe,3153,855,17.679928594529642,5.362188170712016
3154,gelerutec,3154,855,,
3155,ekpiteri,3155,855,22.42280475136852,4.750070177467066
3156,itseidlaelextu,3156,855,,
3157,ardoro,3157,855,16.867927128252983,7.563725734181279
3158,gelerutec,3158,855,,
3159,itseidlaelextu,3159,855,,
3160,gesitcetiridakbe,3160,342,,
3161,gelerutec,3161,342,,
3162,juchlibnaltyve,3162,342,26.641352706282056,9.842721955783786
3163,itseidlaelextu,3163,342,,
3164,gelerutec,3164,342,,
3165,itseidlaelextu,3165,342,,
3166,itseidlaelextu,3166,342,,
3167,gelerutec,3167,342,,
3168,obtaochronbi,3168,342,17.163756274668632,8.652006176999027
3169,itseidlaelextu,3169,342,,
3170,itseidlaelextu,3170,342,,
3171,saekep,3171,342,,
3172,itseidlaelextu,3172,342,,
3173,lesdohanusre,3173,342,23.75829444277282,6.070866782337302
3174,ekpiteri,3174,342,49.128457577221376,10.379759852137507
3175,ardoro,3175,342,33.59838557662664,9.96722966781796
3176,gesitcetiridakbe,3176,342,23.7582944427728,8.850107349203133
3177,juchlibnaltyve,3177,342,31.748219027545225,10.183558796614214
3178,lesdohanusre,3178,342,30.218290679680404,9.311658516944744
3179,saekep,3179,342,,
3180,gesitcetiridakbe,3180,197,,
3181,gelerutec,3181,197,,
3182,juchlibnaltyve,3182,197,11.783174098229852,3.556824779545228
3183,itseidlaelextu,3183,197,,
3184,gelerutec,3184,197,,
3185,itseidlaelextu,3185,197,,
3186,itseidlaelextu,3186,197,,
3187,gelerutec,3187,197,,
3188,obtaochronbi,3188,197,6.690106402896832,2.7473573498071278
3189,itseidlaelextu,3189,197,,
3190,itseidlaelextu,3190,197,,
3191,saekep,3191,197,14.007151761462014,2.725089450737525
3192,itseidlaelextu,3192,197,,
3193,lesdohanusre,3193,197,15.083466180153888,2.383704648953898
3194,ekpiteri,3194,197,15.495974082346612,3.794155700338364
3195,ardoro,3195,197,13.200190476461795,3.960208208817415
3196,gesitcetiridakbe,3196,197,,
3197,juchlibnaltyve,3197,197,12.536321212415018,3.6539561733233312
3198,lesdohanusre,3198,197,15.56895096912267,5.479463094242315
3199,saekep,3199,197,,
3200,gesitcetiridakbe,3200,1241,,
3201,gelerutec,3201,1241,,
3202,juchlibnaltyve,3202,1241,10.45813146644417,3.8311002857891054
3203,itseidlaelextu,3203,1241,,
3204,gelerutec,3204,1241,,
3205,itseidlaelextu,3205,1241,,
3206,itseidlaelextu,3206,1241,,
3207,gelerutec,3207,1241,,
3208,obtaochronbi,3208,1241,9.163129075642653,3.803122606898232
3209,itseidlaelextu,3209,1241,,
3210,itseidlaelextu,3210,1241,,
3211,saekep,3211,1241,9.536119655841846,2.386874572664756
3212,itseidlaelextu,3212,1241,,
3213,lesdohanusre,3213,1241,14.74644061583564,4.1446158249499785
3214,ekpiteri,3214,1241,12.1896808370217,2.914358886926585
3215,ardoro,3215,1241,13.462387483389946,3.7584349106422303
3216,gesitcetiridakbe,3216,1241,,
3217,juchlibnaltyve,3217,1241,9.743528672434778,3.7143209099804135
3218,lesdohanusre,3218,1241,15.568950969122676,2.9181347799459547
3219,saekep,3219,1241,11.338720901032824,2.823262572687746
3220,gesitcetiridakbe,3220,1115,17.03635458648109,4.863239309277474
3221,gelerutec,3221,1115,,
3222,juchlibnaltyve,3222,1115,15.667247410657666,7.168542045896205
3223,itseidlaelextu,3223,1115,,
3224,gelerutec,3224,1115,,
3225,itseidlaelextu,3225,1115,,
3226,itseidlaelextu,3226,1115,,
3227,gelerutec,3227,1115,,
3228,obtaochronbi,3228,1115,9.2346482154381,3.8206666704854015
3229,itseidlaelextu,3229,1115,,
3230,itseidlaelextu,3230,1115,,
3231,saekep,3231,1115,,
3232,itseidlaelextu,3232,1115,,
3233,lesdohanusre,3233,1115,18.313285578050547,8.83420547657427
3234,ekpiteri,3234,1115,23.75829444277282,5.679451281042654
3235,ardoro,3235,1115,,
3236,gesitcetiridakbe,3236,1115,17.26487001874135,5.147181263824171
3237,juchlibnaltyve,3237,1115,17.491924566572933,6.529148997169963
3238,lesdohanusre,3238,1115,18.698218469336087,5.143618424884669
3239,saekep,3239,1115,,
3240,gesitcetiridakbe,3240,303,,
3241,gelerutec,3241,303,,
3242,juchlibnaltyve,3242,303,14.524197234933162,5.239368820098059
3243,itseidlaelextu,3243,303,,
3244,gelerutec,3244,303,,
3245,itseidlaelextu,3245,303,,
3246,itseidlaelextu,3246,303,,
3247,gelerutec,3247,303,,
3248,obtaochronbi,3248,303,8.438441020921694,2.756533728168539
3249,itseidlaelextu,3249,303,,
3250,itseidlaelextu,3250,303,,
3251,saekep,3251,303,,
3252,itseidlaelextu,3252,303,,
3253,lesdohanusre,3253,303,18.24241041632491,5.052033325142092
3254,ekpiteri,3254,303,21.82594566300794,6.261633454564946
3255,ardoro,3255,303,6.809339064240329,2.407518798909636
3256,gesitcetiridakbe,3256,303,,
3257,juchlibnaltyve,3257,303,14.984604798307824,4.098487475268853
3258,lesdohanusre,3258,303,24.100078020714005,5.783872696430006
3259,saekep,3259,303,5.355667658027562,1.7018954595326372
3260,bopevtunagaet,3260,868,,
3261,ardoro,3261,868,14.55392633856838,4.97890599271783
3262,ekpiteri,3262,868,8.945840260028493,2.296786685249416
3263,tehsidetegenichurgew,3263,868,,
3264,saekep,3264,868,10.805413142125529,2.80956430054624
3265,gesitcetiridakbe,3265,868,,
3266,iwdekworixujdorak,3266,868,14.001438054608924,7.401201505524544
3267,patpeboafyt,3267,868,,
3268,lesdohanusre,3268,868,13.647841606689964,2.851618021518948
3269,ardoro,3269,868,11.605646750754753,4.366497814677731
3270,tehsidetegenichurgew,3270,868,,
3271,ekpiteri,3271,868,13.482701783919715,3.765060742450562
3272,iherrielnegahteos,3272,868,13.019251278829556,3.434297777053755
3273,ardoro,3273,868,10.415660056908434,4.664767560082382
3274,ingifokraelgaimche,3274,868,8.72702497550466,3.619201171988674
3275,tehsidetegenichurgew,3275,868,,
3276,lesdohanusre,3276,868,15.72578136623322,3.640301341728109
3277,ifibdauhgunojsadne,3277,868,15.763108560244955,2.820009703024429
3278,ardoro,3278,868,11.853988414467745,4.096831635260424
3279,catafewechu,3279,868,,
3280,bopevtunagaet,3280,1477,,
3281,ardoro,3281,1477,39.06236265957085,18.662148022680217
3282,ekpiteri,3282,1477,50.8435452979472,17.837844880412234
3283,tehsidetegenichurgew,3283,1477,,
3284,saekep,3284,1477,43.11862002160928,17.456669358834002
3285,gesitcetiridakbe,3285,1477,,
3286,iwdekworixujdorak,3286,1477,45.52790292043051,18.27394442500475
3287,patpeboafyt,3287,1477,41.47980875998408,15.848730323618543
3288,lesdohanusre,3288,1477,45.42591511169952,17.713996484457773
3289,ardoro,3289,1477,41.7900110909234,15.303443170183828
3290,tehsidetegenichurgew,3290,1477,,
3291,ekpiteri,3291,1477,56.84403454447491,18.250299026549968
3292,iherrielnegahteos,3292,1477,50.13924195652955,18.07237970746057
3293,ardoro,3293,1477,41.42129486343435,17.49015989774806
3294,ingifokraelgaimche,3294,1477,38.42294965560751,18.44165170395296
3295,tehsidetegenichurgew,3295,1477,,
3296,lesdohanusre,3296,1477,41.11792709172415,14.807659560484597
3297,ifibdauhgunojsadne,3297,1477,46.78982302618024,16.048911421651717
3298,ardoro,3298,1477,40.20269067976463,18.11542794142263
3299,catafewechu,3299,1477,,
3300,essatetig,3300,897,17.366423470452187,5.3596274868046505
3301,ingifokraelgaimche,3301,897,14.762205439590227,4.712366301667935
3302,ardoro,3302,897,14.962478963136254,6.379715702081004
3303,wakoquavdaesen,3303,897,20.17110322517169,5.569255330194141
3304,ingifokraelgaimche,3304,897,17.099412069685076,4.967927013146289
3305,okkifnequovdebxicanpo,3305,897,,
3306,diajerxites,3306,897,18.16657088847993,4.676678767352528
3307,essatetig,3307,897,14.732925003239009,4.0834116444256505
3308,cewunsoiltasuisys,3308,897,19.50543117966908,6.21851703410085
3309,raqesdityn,3309,897,22.683374664865877,4.220594795595805
3310,iraknadquedta,3310,897,,
3311,essatetig,3311,897,17.35941352720865,5.077904380540933
3312,admezdachar,3312,897,,
3313,bopevtunagaet,3313,897,,
3314,ifibdauhgunojsadne,3314,897,14.84000416247657,6.330402266467824
3315,admezdachar,3315,897,,
3316,neecygiw,3316,897,17.70580656550603,7.018705634684173
3317,bopevtunagaet,3317,897,,
3318,essatetig,3318,897,16.748512306999345,4.750379255803591
3319,poseyrquedihyriw,3319,897,23.395336808608647,8.678945545273296
3320,essatetig,3320,461,15.175684835985136,3.332696889793311
3321,ingifokraelgaimche,3321,461,13.413537070831332,4.767409297888022
3322,ardoro,3322,461,12.642178099082358,6.542174536646721
3323,wakoquavdaesen,3323,461,3.594758413336196,0.6425929438609062
3324,ingifokraelgaimche,3324,461,15.559703002177654,3.1988603206523734
3325,okkifnequovdebxicanpo,3325,461,8.916033542041205,2.188457894442927
3326,diajerxites,3326,461,14.10589280458352,4.5825727052516525
3327,essatetig,3327,461,14.496552584799636,3.6644343754307727
3328,cewunsoiltasuisys,3328,461,20.222063111893064,6.16398438194393
3329,raqesdityn,3329,461,18.925969636757827,2.801729065595913
3330,iraknadquedta,3330,461,,
3331,essatetig,3331,461,13.991290101481663,3.212051553190253
3332,admezdachar,3332,461,,
3333,bopevtunagaet,3333,461,,
3334,ifibdauhgunojsadne,3334,461,15.032739563962147,5.6726225278296
3335,admezdachar,3335,461,,
3336,neecygiw,3336,461,15.023161519281656,5.646590149155892
3337,bopevtunagaet,3337,461,,
3338,essatetig,3338,461,13.679177454077266,4.0424875123272015
3339,poseyrquedihyriw,3339,461,20.84434576136636,4.871730263427688
3340,essatetig,3340,12,26.568847826883022,7.282747920745256
3341,ingifokraelgaimche,3341,12,17.579447722943282,6.938020317041627
3342,ardoro,3342,12,17.011429002387572,9.316709440308788
3343,wakoquavdaesen,3343,12,17.565745407654205,5.375423975226346
3344,ingifokraelgaimche,3344,12,20.239658490024947,4.990042838477421
3345,ingifokraelgaimche,3345,12,,
3346,diajerxites,3346,12,,
3347,essatetig,3347,12,19.64282875244021,6.726895989850444
3348,cewunsoiltasuisys,3348,12,23.75829444277282,6.982649116286046
3349,raqesdityn,3349,12,21.812514803295144,6.142644432392695
3350,iraknadquedta,3350,12,,
3351,essatetig,3351,12,19.09183234485637,3.616035582832025
3352,admezdachar,3352,12,,
3353,bopevtunagaet,3353,12,,
3354,ifibdauhgunojsadne,3354,12,18.50095865002164,4.981208291270564
3355,admezdachar,3355,12,,
3356,neecygiw,3356,12,19.376586183092734,8.90634655269159
3357,bopevtunagaet,3357,12,,
3358,essatetig,3358,12,14.762205439580582,3.758913987124116
3359,poseyrquedihyriw,3359,12,20.64016617958301,8.845333462398813
3360,essatetig,3360,542,30.065479127938573,13.09351488500963
3361,ingifokraelgaimche,3361,542,31.29264592302327,10.14879485539979
3362,ardoro,3362,542,31.888123018093847,11.32820476663247
3363,wakoquavdaesen,3363,542,37.72360914653133,15.316547565784274
3364,ingifokraelgaimche,3364,542,30.83755768000229,10.566182690705167
3365,okkifnequovdebxicanpo,3365,542,,
3366,diajerxites,3366,542,36.492556664663645,14.836546050995272
3367,essatetig,3367,542,33.28174967006096,12.807839029855998
3368,cewunsoiltasuisys,3368,542,29.23210049521455,10.361163478177168
3369,raqesdityn,3369,542,37.167145431678215,11.843606467816564
3370,iraknadquedta,3370,542,,
3371,essatetig,3371,542,26.84852722317716,9.174082136728446
3372,admezdachar,3372,542,,
3373,bopevtunagaet,3373,542,,
3374,ifibdauhgunojsadne,3374,542,40.01412685071191,14.133479136566445
3375,admezdachar,3375,542,,
3376,neecygiw,3376,542,27.90015710731204,12.827494842390564
3377,bopevtunagaet,3377,542,,
3378,essatetig,3378,542,27.62016331269777,9.671757021093535
3379,poseyrquedihyriw,3379,542,31.67413011209779,10.760901275424944
3380,tachzioch,3380,163,,
3381,garirquayprakuraf,3381,163,8.387132422504482,3.752092013770792
3382,ingifokraelgaimche,3382,163,9.93319386390102,2.568781772634482
3383,itseidlaelextu,3383,163,,
3384,itseidlaelextu,3384,163,,
3385,itseidlaelextu,3385,163,,
3386,itseidlaelextu,3386,163,,
3387,itseidlaelextu,3387,163,,
3388,ditlietan,3388,163,11.153211015466614,2.771201043934742
3389,itseidlaelextu,3389,163,,
3390,bopevtunagaet,3390,163,,
3391,tachzioch,3391,163,13.507515894236311,2.5858057037636684
3392,chiteba,3392,163,9.811211966279858,2.1789781709126235
3393,bopevtunagaet,3393,163,,
3394,tihonivseelifab,3394,163,14.99311125929622,4.067741950900446
3395,gelerutec,3395,163,,
3396,gelerutec,3396,163,,
3397,bopevtunagaet,3397,163,,
3398,gelerutec,3398,163,,
3399,gelerutec,3399,163,,
3400,tachzioch,3400,749,,
3401,garirquayprakuraf,3401,749,6.700653975744824,1.761123080631497
3402,ingifokraelgaimche,3402,749,10.338175846214147,2.2916633544475467
3403,itseidlaelextu,3403,749,,
3404,itseidlaelextu,3404,749,,
3405,itseidlaelextu,3405,749,,
3406,itseidlaelextu,3406,749,,
3407,itseidlaelextu,3407,749,,
3408,ditlietan,3408,749,10.20085588968426,2.3536027719148063
3409,itseidlaelextu,3409,749,,
3410,bopevtunagaet,3410,749,10.324049755821513,2.2342450711183317
3411,tachzioch,3411,749,10.223852426821702,3.247192261553061
3412,chiteba,3412,749,9.757442170963603,2.047621367080235
3413,bopevtunagaet,3413,749,9.608812455045868,2.4713713933753514
3414,tihonivseelifab,3414,749,13.21250646173478,3.471128613220597
3415,gelerutec,3415,749,,
3416,gelerutec,3416,749,,
3417,bopevtunagaet,3417,749,10.469249845310516,2.193158022864993
3418,gelerutec,3418,749,,
3419,gelerutec,3419,749,,
3420,tachzioch,3420,652,14.576668632739922,2.299386367553803
3421,garirquayprakuraf,3421,652,9.510064635444207,0.8055685165886521
3422,ingifokraelgaimche,3422,652,9.11619823029412,2.100665684349719
3423,itseidlaelextu,3423,652,,
3424,itseidlaelextu,3424,652,,
3425,itseidlaelextu,3425,652,,
3426,itseidlaelextu,3426,652,,
3427,itseidlaelextu,3427,652,,
3428,ditlietan,3428,652,8.161108965796148,2.571616636780972
3429,itseidlaelextu,3429,652,,
3430,bopevtunagaet,3430,652,9.78144945160712,2.564233911128178
3431,tachzioch,3431,652,13.62068371031372,3.5259332111910835
3432,chiteba,3432,652,9.786380924770176,2.021693292319032
3433,bopevtunagaet,3433,652,9.17249763478151,2.334507823955045
3434,tihonivseelifab,3434,652,12.192152529706224,2.681907425838375
3435,gelerutec,3435,652,,
3436,gelerutec,3436,652,,
3437,bopevtunagaet,3437,652,7.570897508529635,2.3870283453217147
3438,gelerutec,3438,652,,
3439,gelerutec,3439,652,,
3440,gelerutec,3440,286,,
3441,tihonivseelifab,3441,286,16.788000870094564,4.389344224258323
3442,tehsidetegenichurgew,3442,286,,
3443,tehsidetegenichurgew,3443,286,,
3444,lesdohanusre,3444,286,16.12942627285723,6.725411679149167
3445,ecenivri,3445,286,,
3446,tehsidetegenichurgew,3446,286,,
3447,juchlibnaltyve,3447,286,7.576291063336187,2.111504228626195
3448,tehsidetegenichurgew,3448,286,,
3449,obtaochronbi,3449,286,18.90655805028133,6.968015436213468
3450,catafewechu,3450,286,,
3451,lesdohanusre,3451,286,23.7582944427728,3.5559526341468453
3452,tehsidetegenichurgew,3452,286,,
3453,dotrutole,3453,286,18.870706282049056,6.858333918506002
3454,tehsidetegenichurgew,3454,286,,
3455,bopevtunagaet,3455,286,17.233960972586285,6.850965812523612
3456,bopevtunagaet,3456,286,,
3457,yvecnoegheir,3457,286,19.400375172073726,5.826198336580948
3458,ditlietan,3458,286,27.591478412415984,13.448749571312929
3459,okkifnequovdebxicanpo,3459,286,,
3460,gelerutec,3460,1069,,
3461,tihonivseelifab,3461,1069,,
3462,tehsidetegenichurgew,3462,1069,,
3463,tehsidetegenichurgew,3463,1069,,
3464,lesdohanusre,3464,1069,23.75829444277281,3.0675135218037326
3465,ecenivri,3465,1069,19.07956995709816,2.1143233808736994
3466,tehsidetegenichurgew,3466,1069,,
3467,juchlibnaltyve,3467,1069,11.9652382150954,3.333922884499866
3468,tehsidetegenichurgew,3468,1069,,
3469,obtaochronbi,3469,1069,12.437979595942856,3.555952634140961
3470,catafewechu,3470,1069,8.537193209555074,2.5203141920444656
3471,lesdohanusre,3471,1069,16.64143761261207,4.606014210896134
3472,tehsidetegenichurgew,3472,1069,,
3473,dotrutole,3473,1069,17.202828609248872,4.330633250365495
3474,tehsidetegenichurgew,3474,1069,,
3475,bopevtunagaet,3475,1069,,
3476,bopevtunagaet,3476,1069,,
3477,yvecnoegheir,3477,1069,,
3478,ditlietan,3478,1069,,
3479,okkifnequovdebxicanpo,3479,1069,,
3480,gelerutec,3480,1026,,
3481,tihonivseelifab,3481,1026,23.7582944427728,9.148328060835446
3482,tehsidetegenichurgew,3482,1026,,
3483,tehsidetegenichurgew,3483,1026,,
3484,lesdohanusre,3484,1026,23.75829444277282,5.966263694688472
3485,ecenivri,3485,1026,25.664763672897287,6.301057095161226
3486,tehsidetegenichurgew,3486,1026,,
3487,juchlibnaltyve,3487,1026,21.06683442718356,9.037684732796317
3488,tehsidetegenichurgew,3488,1026,,
3489,obtaochronbi,3489,1026,19.628412741786768,9.283945773542486
3490,catafewechu,3490,1026,23.75829444277282,7.597254611020939
3491,lesdohanusre,3491,1026,23.75829444277283,6.522199502710048
3492,tehsidetegenichurgew,3492,1026,,
3493,dotrutole,3493,1026,23.75829444277284,8.554562304116528
3494,tehsidetegenichurgew,3494,1026,,
3495,bopevtunagaet,3495,1026,,
3496,bopevtunagaet,3496,1026,,
3497,yvecnoegheir,3497,1026,23.758294442772787,8.893668977763028
3498,ditlietan,3498,1026,20.21315819946469,9.241824590035948
3499,okkifnequovdebxicanpo,3499,1026,22.15659186694792,9.642470000434807
3500,gelerutec,3500,561,,
3501,tihonivseelifab,3501,561,19.829016634133385,6.584392626767918
3502,tehsidetegenichurgew,3502,561,,
3503,tehsidetegenichurgew,3503,561,,
3504,lesdohanusre,3504,561,16.641437612564594,2.598614996683746
3505,ecenivri,3505,561,20.0125190161383,2.8610546498053724
3506,tehsidetegenichurgew,3506,561,,
3507,juchlibnaltyve,3507,561,15.758759815196518,6.239773213595419
3508,tehsidetegenichurgew,3508,561,,
3509,obtaochronbi,3509,561,19.83356232729037,4.758871043181636
3510,catafewechu,3510,561,16.563410124353148,4.3121508689118455
3511,lesdohanusre,3511,561,22.59215572812961,4.268519214932141
3512,tehsidetegenichurgew,3512,561,,
3513,dotrutole,3513,561,20.11136126012659,5.007152068567207
3514,tehsidetegenichurgew,3514,561,,
3515,bopevtunagaet,3515,561,16.52861300588645,5.0757209543497
3516,bopevtunagaet,3516,561,16.294453527057968,4.31342747154847
3517,yvecnoegheir,3517,561,23.75829444277283,4.338119225264351
3518,ditlietan,3518,561,12.238949108582206,5.498808534910006
3519,okkifnequovdebxicanpo,3519,561,18.29722490214257,5.5326274842468095
3520,urcoberag,3520,1660,,
3521,ditlietan,3521,1660,7.393500384319482,2.5106190296828084
3522,admezdachar,3522,1660,,
3523,cicchivfomijas,3523,1660,,
3524,tehsidetegenichurgew,3524,1660,,
3525,admezdachar,3525,1660,,
3526,catafewechu,3526,1660,23.758294442772844,6.630610373124117
3527,admezdachar,3527,1660,,
3528,admezdachar,3528,1660,,
3529,admezdachar,3529,1660,,
3530,lesdohanusre,3530,1660,7.436339053625447,1.3648594623551815
3531,ingifokraelgaimche,3531,1660,6.999098752022407,1.360657730079928
3532,tehsidetegenichurgew,3532,1660,,
3533,tehsidetegenichurgew,3533,1660,,
3534,obtaochronbi,3534,1660,6.020341270526387,2.427495279308428
3535,ditlietan,3535,1660,15.669737168080855,6.6483005574311385
3536,gyvefadowew,3536,1660,,
3537,itseidlaelextu,3537,1660,,
3538,itseidlaelextu,3538,1660,,
3539,itseidlaelextu,3539,1660,,
3540,urcoberag,3540,1199,,
3541,ditlietan,3541,1199,9.587937030039877,3.3415986420312405
3542,admezdachar,3542,1199,,
3543,cicchivfomijas,3543,1199,,
3544,tehsidetegenichurgew,3544,1199,,
3545,admezdachar,3545,1199,,
3546,catafewechu,3546,1199,8.210660647369345,1.5856474741989477
3547,admezdachar,3547,1199,,
3548,admezdachar,3548,1199,,
3549,admezdachar,3549,1199,,
3550,lesdohanusre,3550,1199,9.76895318405467,2.724981694983651
3551,ingifokraelgaimche,3551,1199,9.542468437899004,2.423379030794353
3552,tehsidetegenichurgew,3552,1199,,
3553,tehsidetegenichurgew,3553,1199,,
3554,obtaochronbi,3554,1199,7.669382063545184,2.56706654503909
3555,ditlietan,3555,1199,7.764084870541754,3.0752236139505795
3556,gyvefadowew,3556,1199,,
3557,itseidlaelextu,3557,1199,,
3558,itseidlaelextu,3558,1199,,
3559,itseidlaelextu,3559,1199,,
3560,urcoberag,3560,2,,
3561,ditlietan,3561,2,13.503264778444766,5.11525604730186
3562,admezdachar,3562,2,,
3563,cicchivfomijas,3563,2,17.62783824005236,8.857692408363402
3564,tehsidetegenichurgew,3564,2,,
3565,admezdachar,3565,2,,
3566,catafewechu,3566,2,,
3567,admezdachar,3567,2,,
3568,admezdachar,3568,2,,
3569,admezdachar,3569,2,,
3570,lesdohanusre,3570,2,20.46546819804593,5.582523308230909
3571,ingifokraelgaimche,3571,2,18.426048956514617,7.209807168723626
3572,tehsidetegenichurgew,3572,2,,
3573,tehsidetegenichurgew,3573,2,,
3574,obtaochronbi,3574,2,15.81730601092656,6.37423547450803
3575,ditlietan,3575,2,12.998515309292504,4.861989391837707
3576,gyvefadowew,3576,2,,
3577,itseidlaelextu,3577,2,,
3578,itseidlaelextu,3578,2,,
3579,itseidlaelextu,3579,2,,
3580,itseidlaelextu,3580,717,,
3581,tehsidetegenichurgew,3581,717,,
3582,neecygiw,3582,717,17.78775065766496,9.282047862974215
3583,chiteba,3583,717,21.437128265777467,9.258699431070315
3584,obtaochronbi,3584,717,17.177708865552642,7.917239006266183
3585,itseidlaelextu,3585,717,,
3586,ditlietan,3586,717,18.56728917650805,8.703697357146854
3587,itseidlaelextu,3587,717,,
3588,itseidlaelextu,3588,717,,
3589,itseidlaelextu,3589,717,,
3590,furuqzibumehew,3590,717,17.93204796022203,10.57576602795798
3591,bemchihpyrhokecainit,3591,717,29.17637900051672,10.301420547098164
3592,ardoro,3592,717,33.166328619094074,10.268383950497508
3593,tiradcharedqiraslesyr,3593,717,,
3594,bemchihpyrhokecainit,3594,717,38.060423938891645,11.744990914430756
3595,ludenkisedadadeldoch,3595,717,18.653164151112176,7.360452817304002
3596,nafapotquawaj,3596,717,,
3597,dotrutole,3597,717,15.83781777790407,3.471073460366279
3598,ardoro,3598,717,33.86177762859688,10.520358347789571
3599,obtaochronbi,3599,717,25.11867728035256,8.774589990015437
3600,itseidlaelextu,3600,733,,
3601,tehsidetegenichurgew,3601,733,,
3602,neecygiw,3602,733,6.700467728216704,1.795591405039133
3603,chiteba,3603,733,9.700685181428462,2.1039780258018985
3604,obtaochronbi,3604,733,4.8528127273487724,1.663592781605461
3605,itseidlaelextu,3605,733,,
3606,ditlietan,3606,733,8.703733854878973,2.608954625473698
3607,itseidlaelextu,3607,733,,
3608,itseidlaelextu,3608,733,,
3609,itseidlaelextu,3609,733,,
3610,furuqzibumehew,3610,733,5.816917410832393,3.5558907012005507
3611,bemchihpyrhokecainit,3611,733,11.349799383846817,2.0769079356827804
3612,ardoro,3612,733,10.07689699369937,2.703135718457776
3613,tiradcharedqiraslesyr,3613,733,,
3614,bemchihpyrhokecainit,3614,733,10.807835781763847,2.9061356952900974
3615,ludenkisedadadeldoch,3615,733,11.911668761059676,2.642004673675117
3616,nafapotquawaj,3616,733,23.75829444277282,23.75829444277282
3617,dotrutole,3617,733,15.837817777904068,3.01229386384817
3618,ardoro,3618,733,10.56832798765243,2.164709620440192
3619,obtaochronbi,3619,733,7.927450295231037,1.4663445792205287
3620,bemchihpyrhokecainit,3620,2368,9.766217494098026,2.7436675026456965
3621,ehacanemreurgias,3621,2368,19.65586512567982,3.754986375846354
3622,ludenkisedadadeldoch,3622,2368,10.61419556275291,1.680295694862381
3623,oddusometvecfeewcav,3623,2368,,
3624,acpoirnogofipca,3624,2368,8.911936861740221,2.121062262292264
3625,neecygiw,3625,2368,10.19278665163121,2.5501962645020093
3626,oddusometvecfeewcav,3626,2368,,
3627,neecygiw,3627,2368,9.33202328830657,2.120456651931086
3628,neecygiw,3628,2368,7.504203592541984,2.084669466830244
3629,irutorob,3629,2368,11.511422796770445,2.4422898298116715
3630,amjamnaquyrwoquduq,3630,2368,11.130326416183252,1.6252887480721363
3631,catafewechu,3631,2368,9.450471374785485,1.3493891490776773
3632,carquelihrexasorkaor,3632,2368,10.287500877805664,3.656091153995528
3633,evreyjjanequitcar,3633,2368,9.18732404401026,2.3465082072695
3634,ardoro,3634,2368,10.552251299605452,3.196290306311925
3635,tyticcerahodked,3635,2368,13.09866563649554,1.7965498476117925
3636,tehsidetegenichurgew,3636,2368,,
3637,tehsidetegenichurgew,3637,2368,,
3638,catafewechu,3638,2368,10.63684662203395,1.7015503524594022
3639,ditlietan,3639,2368,8.783556948385892,3.344684092245256
3640,bemchihpyrhokecainit,3640,130,6.022474770762267,1.6554534785976722
3641,ehacanemreurgias,3641,130,,
3642,ludenkisedadadeldoch,3642,130,4.490361194954902,0.8307865754227234
3643,oddusometvecfeewcav,3643,130,,
3644,acpoirnogofipca,3644,130,11.829145269172905,1.3764171541010917
3645,neecygiw,3645,130,10.00538631274012,2.227664069881484
3646,oddusometvecfeewcav,3646,130,,
3647,neecygiw,3647,130,11.192469911077035,3.31768466533079
3648,neecygiw,3648,130,8.184511980186368,2.217424919196004
3649,irutorob,3649,130,6.27081642065522,2.349191603254021
3650,amjamnaquyrwoquduq,3650,130,,
3651,catafewechu,3651,130,11.462992682146975,1.241848755853878
3652,carquelihrexasorkaor,3652,130,5.271281125723133,3.133008293996133
3653,evreyjjanequitcar,3653,130,6.953239927772466,2.011550576953978
3654,ardoro,3654,130,9.92313123800279,3.4813325650518268
3655,tyticcerahodked,3655,130,8.864989046572003,1.487962618635241
3656,tehsidetegenichurgew,3656,130,,
3657,tehsidetegenichurgew,3657,130,,
3658,catafewechu,3658,130,8.081969067704065,2.2108934619590395
3659,ditlietan,3659,130,6.258667775208031,2.781743673222006
3660,bemchihpyrhokecainit,3660,282,44.90574310203041,11.88672972798316
3661,ehacanemreurgias,3661,282,52.628210575259565,23.75829444277282
3662,ludenkisedadadeldoch,3662,282,33.26540919899023,10.925253547738926
3663,oddusometvecfeewcav,3663,282,,
3664,acpoirnogofipca,3664,282,32.72379035505277,13.801706771981294
3665,neecygiw,3665,282,24.12658523144709,12.142676712479064
3666,oddusometvecfeewcav,3666,282,,
3667,neecygiw,3667,282,28.92351764045785,12.999582038845324
3668,neecygiw,3668,282,24.8671576786852,10.80973744584964
3669,irutorob,3669,282,23.737210074043457,8.522778925849098
3670,amjamnaquyrwoquduq,3670,282,,
3671,catafewechu,3671,282,33.14419597525149,9.890311292894053
3672,carquelihrexasorkaor,3672,282,45.14350081497657,11.162100652132624
3673,evreyjjanequitcar,3673,282,39.43488649207111,12.798510774036918
3674,ardoro,3674,282,44.233435858700446,14.100233383763763
3675,tyticcerahodked,3675,282,35.36487724116233,13.158876023888826
3676,tehsidetegenichurgew,3676,282,,
3677,tehsidetegenichurgew,3677,282,25.043485468281425,23.75829444277282
3678,catafewechu,3678,282,34.022822681576,10.508429279162314
3679,ditlietan,3679,282,36.43682697608116,13.721369682490923
3680,bemchihpyrhokecainit,3680,2174,13.42426361158764,3.317684665330797
3681,ehacanemreurgias,3681,2174,,
3682,ludenkisedadadeldoch,3682,2174,12.678845117521512,3.138693131410543
3683,oddusometvecfeewcav,3683,2174,,
3684,acpoirnogofipca,3684,2174,15.36003772140106,4.36710950716963
3685,neecygiw,3685,2174,11.487941325973887,4.417684378813219
3686,oddusometvecfeewcav,3686,2174,,
3687,neecygiw,3687,2174,13.761123205083084,4.377202169923509
3688,neecygiw,3688,2174,13.164782144284125,4.921980652574897
3689,irutorob,3689,2174,10.383768051322011,3.4226048883033697
3690,amjamnaquyrwoquduq,3690,2174,,
3691,catafewechu,3691,2174,,
3692,carquelihrexasorkaor,3692,2174,9.44018117695842,3.2120515531902467
3693,evreyjjanequitcar,3693,2174,11.021513445207397,4.044539015901839
3694,ardoro,3694,2174,16.292466398709095,4.223261964352754
3695,tyticcerahodked,3695,2174,11.248275619213628,3.274271360055835
3696,tehsidetegenichurgew,3696,2174,,
3697,tehsidetegenichurgew,3697,2174,,
3698,catafewechu,3698,2174,,
3699,ditlietan,3699,2174,9.733518906026656,3.5890688754025573
3700,bemchihpyrhokecainit,3700,2136,43.6663885732472,19.56412968108616
3701,ehacanemreurgias,3701,2136,72.03425171703927,37.890459776396014
3702,ludenkisedadadeldoch,3702,2136,45.58073274271468,23.35226364464504
3703,oddusometvecfeewcav,3703,2136,,
3704,acpoirnogofipca,3704,2136,48.76499595319895,20.822304830439688
3705,neecygiw,3705,2136,40.427063284422005,20.548267943093038
3706,oddusometvecfeewcav,3706,2136,,
3707,neecygiw,3707,2136,37.21138574509259,21.199372928379656
3708,neecygiw,3708,2136,30.208762604187736,17.06747158780249
3709,irutorob,3709,2136,36.90536176695745,19.699891892028663
3710,amjamnaquyrwoquduq,3710,2136,41.54648379264778,16.655441884919433
3711,catafewechu,3711,2136,43.77336785307161,21.714236789319155
3712,carquelihrexasorkaor,3712,2136,28.436698590113032,19.34527827767482
3713,evreyjjanequitcar,3713,2136,43.63159179836955,21.345313170118413
3714,ardoro,3714,2136,47.536853292068464,23.266434490313596
3715,tyticcerahodked,3715,2136,49.26973198737979,17.644061429990753
3716,tehsidetegenichurgew,3716,2136,,
3717,tehsidetegenichurgew,3717,2136,,
3718,catafewechu,3718,2136,37.21138574509258,17.852919995958732
3719,ditlietan,3719,2136,42.76943147746972,21.215454191028325
3720,ducira,3720,2085,,
3721,obtaochronbi,3721,2085,22.004743012141816,9.073483522979314
3722,tehsidetegenichurgew,3722,2085,,
3723,dotrutole,3723,2085,28.843206968627936,9.526585607200175
3724,ducira,3724,2085,22.21749803434093,6.757980820648433
3725,neecygiw,3725,2085,16.939263412996166,7.603822370760485
3726,tehsidetegenichurgew,3726,2085,,
3727,tehsidetegenichurgew,3727,2085,,
3728,itseidlaelextu,3728,2085,,
3729,itseidlaelextu,3729,2085,,
3730,obtaochronbi,3730,2085,18.48075982999608,6.854693693194529
3731,itseidlaelextu,3731,2085,,
3732,ducira,3732,2085,19.83731458503504,5.957951593241967
3733,lesdohanusre,3733,2085,23.75829444277283,8.038553174062743
3734,itseidlaelextu,3734,2085,,
3735,ditlietan,3735,2085,24.663049443266356,9.882893154054788
3736,lesdohanusre,3736,2085,18.84780956225507,8.215219171266357
3737,itseidlaelextu,3737,2085,,
3738,ludenkisedadadeldoch,3738,2085,,
3739,itseidlaelextu,3739,2085,,
3740,lesdohanusre,3740,2001,43.1873347830273,15.671559053628142
3741,obtaochronbi,3741,2001,24.47632016111675,15.476222622132187
3742,itseidlaelextu,3742,2001,,
3743,ludenkisedadadeldoch,3743,2001,45.19518080424567,18.581210322092293
3744,ditlietan,3744,2001,34.78856720302567,18.9479630089481
3745,itseidlaelextu,3745,2001,,
3746,itseidlaelextu,3746,2001,,
3747,lesdohanusre,3747,2001,56.45595508710198,16.642466171914315
3748,ditlietan,3748,2001,38.10038150004759,17.88347785141013
3749,ludenkisedadadeldoch,3749,2001,44.07475600462121,17.27796871813875
3750,leohgoeboher,3750,2001,33.45390334039578,23.75829444277282
3751,obtaochronbi,3751,2001,29.691647438190564,16.848785614122704
3752,amjamnaquyrwoquduq,3752,2001,45.27247804758533,23.75829444277282
3753,lesdohanusre,3753,2001,48.20863231471338,14.330105593366044
3754,eppiosci,3754,2001,,
3755,ludenkisedadadeldoch,3755,2001,44.24078705044097,19.4417640546272
3756,lesdohanusre,3756,2001,47.97012233441496,14.438977950702986
3757,lesdohanusre,3757,2001,52.13358737222652,15.51151894644456
3758,ludenkisedadadeldoch,3758,2001,47.35556085565884,17.118952787201145
3759,lesdohanusre,3759,2001,54.849953652808566,15.670088227714269
3760,lesdohanusre,3760,1654,12.11691361082653,2.830876092436596
3761,obtaochronbi,3761,1654,6.8140057744613225,2.303007105428636
3762,itseidlaelextu,3762,1654,,
3763,ludenkisedadadeldoch,3763,1654,,
3764,ditlietan,3764,1654,,
3765,itseidlaelextu,3765,1654,,
3766,itseidlaelextu,3766,1654,,
3767,lesdohanusre,3767,1654,14.281127044546285,1.5679561971391305
3768,ditlietan,3768,1654,8.221245244229863,2.347665880856168
3769,ludenkisedadadeldoch,3769,1654,,
3770,leohgoeboher,3770,1654,,
3771,obtaochronbi,3771,1654,7.338078139656679,2.1133476967591336
3772,amjamnaquyrwoquduq,3772,1654,,
3773,lesdohanusre,3773,1654,17.834561941590287,2.6889723132421457
3774,eppiosci,3774,1654,,
3775,ludenkisedadadeldoch,3775,1654,,
3776,lesdohanusre,3776,1654,23.75829444277282,6.995290719733469
3777,lesdohanusre,3777,1654,11.746978337803402,1.9537906368132705
3778,ludenkisedadadeldoch,3778,1654,,
3779,lesdohanusre,3779,1654,16.918975718488266,4.448196534462159
3780,lesdohanusre,3780,1190,16.567829160685783,4.255894815468727
3781,obtaochronbi,3781,1190,7.039822235244437,3.0621242460280693
3782,itseidlaelextu,3782,1190,,
3783,ludenkisedadadeldoch,3783,1190,14.042634457892945,4.2344691435947
3784,ditlietan,3784,1190,10.738926942700108,4.029864511591899
3785,itseidlaelextu,3785,1190,,
3786,itseidlaelextu,3786,1190,,
3787,lesdohanusre,3787,1190,17.202828609235787,4.148599118313051
3788,ditlietan,3788,1190,11.18132289730929,3.436049532129408
3789,ludenkisedadadeldoch,3789,1190,11.824748790306003,3.742532128871408
3790,leohgoeboher,3790,1190,13.964919944643782,8.629142668761823
3791,obtaochronbi,3791,1190,9.98008567699737,3.415589189823907
3792,amjamnaquyrwoquduq,3792,1190,20.0770409839386,5.159781063506469
3793,lesdohanusre,3793,1190,17.7383567936822,4.567683773086702
3794,eppiosci,3794,1190,23.75829444277282,23.75829444277281
3795,ludenkisedadadeldoch,3795,1190,14.12371620090877,5.016526297407408
3796,lesdohanusre,3796,1190,17.697737649923347,2.71007030687496
3797,lesdohanusre,3797,1190,18.31328557805377,3.486845803906025
3798,ludenkisedadadeldoch,3798,1190,13.36580866547904,4.459313743930491
3799,lesdohanusre,3799,1190,18.313285578003192,3.159142037986616
3800,tiradcharedqiraslesyr,3800,560,16.52861300582105,3.2284648003462446
3801,ludenkisedadadeldoch,3801,560,16.339870104914745,5.95856866256008
3802,itseidlaelextu,3802,560,,
3803,obtaochronbi,3803,560,8.518185911259986,3.2916945689235706
3804,tiradcharedqiraslesyr,3804,560,15.997605869686348,5.094862647513745
3805,ludenkisedadadeldoch,3805,560,14.830416628652406,5.032345169168455
3806,lesdohanusre,3806,560,23.75829444277282,2.462086308333808
3807,nafapotquawaj,3807,560,,
3808,ludenkisedadadeldoch,3808,560,16.550969655830173,4.438670883526347
3809,lesdohanusre,3809,560,23.75829444277282,4.890484560582953
3810,lesdohanusre,3810,560,23.75829444277282,3.742532128874632
3811,lesdohanusre,3811,560,23.75829444277282,3.768432314239989
3812,itseidlaelextu,3812,560,,
3813,catafewechu,3813,560,,
3814,catafewechu,3814,560,,
3815,lesdohanusre,3815,560,23.75829444277282,4.974104737962358
3816,dotrutole,3816,560,20.885605051559622,5.283924991146288
3817,diajerxites,3817,560,19.626961521737982,6.894354322091917
3818,dotrutole,3818,560,23.75829444277282,6.290349316868716
3819,catafewechu,3819,560,,
3820,tiradcharedqiraslesyr,3820,579,18.9011920955791,7.589201359464712
3821,ludenkisedadadeldoch,3821,579,22.05701088389217,7.443364410972966
3822,itseidlaelextu,3822,579,,
3823,obtaochronbi,3823,579,15.17396220904064,6.697125348732111
3824,tiradcharedqiraslesyr,3824,579,17.638512293676733,6.139871218562326
3825,ludenkisedadadeldoch,3825,579,20.231255927732803,7.805536419996376
3826,lesdohanusre,3826,579,23.75829444277281,4.147448782054885
3827,nafapotquawaj,3827,579,,
3828,ludenkisedadadeldoch,3828,579,21.671655979816016,7.506766312905178
3829,lesdohanusre,3829,579,23.758294442772787,5.449209032465406
3830,lesdohanusre,3830,579,23.75829444277282,3.9532473015388327
3831,lesdohanusre,3831,579,23.75829444277281,7.609564510476829
3832,itseidlaelextu,3832,579,,
3833,catafewechu,3833,579,,
3834,catafewechu,3834,579,,
3835,lesdohanusre,3835,579,23.75829444277282,7.681496744119037
3836,dotrutole,3836,579,23.75829444277284,9.34218116890911
3837,diajerxites,3837,579,20.105738256838563,5.18912728185768
3838,dotrutole,3838,579,23.75829444277282,8.085247412663733
3839,catafewechu,3839,579,,
3840,tiradcharedqiraslesyr,3840,2204,9.630607056865156,3.9016590545661582
3841,ludenkisedadadeldoch,3841,2204,9.727421997119356,2.8261213103173217
3842,itseidlaelextu,3842,2204,,
3843,obtaochronbi,3843,2204,8.220802150616374,2.6684693527036134
3844,tiradcharedqiraslesyr,3844,2204,11.562591246158672,3.0389018444378744
3845,ludenkisedadadeldoch,3845,2204,11.360893983290662,3.64025681987087
3846,lesdohanusre,3846,2204,13.652665574745091,2.160208278262353
3847,nafapotquawaj,3847,2204,,
3848,ludenkisedadadeldoch,3848,2204,11.76535023578791,2.6692748611652437
3849,lesdohanusre,3849,2204,13.551320991049836,3.152066947862788
3850,lesdohanusre,3850,2204,15.239566967066889,3.19895211399519
3851,lesdohanusre,3851,2204,18.02353024998028,4.434932602071616
3852,itseidlaelextu,3852,2204,,
3853,catafewechu,3853,2204,,
3854,catafewechu,3854,2204,,
3855,lesdohanusre,3855,2204,11.855146590465193,3.153893415722352
3856,dotrutole,3856,2204,12.303750944207296,3.695653021969793
3857,diajerxites,3857,2204,11.1514761207252,4.526574176901147
3858,dotrutole,3858,2204,13.289941848506398,3.734245446539414
3859,catafewechu,3859,2204,,
3860,noiger,3860,1583,18.804561900314507,8.376505495932594
3861,ducira,3861,1583,,
3862,ducira,3862,1583,15.910953974011314,3.000785113337677
3863,icdirheumleevvi,3863,1583,23.75829444277282,16.52861300586324
3864,ygaxzavrivetawloit,3864,1583,21.50590169710016,11.280138702942082
3865,vusaapro,3865,1583,20.600031291652986,6.939755978795819
3866,dotrutole,3866,1583,22.697098804110183,6.678018839668401
3867,lesdohanusre,3867,1583,30.882611857769835,6.407260173826161
3868,gelerutec,3868,1583,,
3869,lesdohanusre,3869,1583,23.405087017606355,7.003733104870357
3870,dotrutole,3870,1583,31.696843725716228,5.856523001065988
3871,dotrutole,3871,1583,,
3872,tiradcharedqiraslesyr,3872,1583,,
3873,amjamnaquyrwoquduq,3873,1583,,
3874,dotrutole,3874,1583,26.042973856519737,6.438542299620638
3875,lesdohanusre,3875,1583,20.048976628887388,5.267854135794646
3876,tiradcharedqiraslesyr,3876,1583,17.6112308062952,6.259945012697614
3877,tiradcharedqiraslesyr,3877,1583,23.536640495171167,5.164372246714109
3878,lesdohanusre,3878,1583,34.94116985781324,9.68900910503546
3879,itseidlaelextu,3879,1583,,
3880,noiger,3880,2324,,
3881,ducira,3881,2324,,
3882,ducira,3882,2324,23.05691072052629,8.052690467897769
3883,icdirheumleevvi,3883,2324,,
3884,ygaxzavrivetawloit,3884,2324,43.87015556554572,23.75829444277283
3885,vusaapro,3885,2324,26.3712031227328,10.1682821108536
3886,dotrutole,3886,2324,31.880384601030823,10.001671025091293
3887,lesdohanusre,3887,2324,37.625817839037936,11.171225355637116
3888,gelerutec,3888,2324,,
3889,lesdohanusre,3889,2324,34.47001120986586,9.066061442733066
3890,dotrutole,3890,2324,28.48221756764969,10.566738483814364
3891,ydebmyralsahiz,3891,2324,25.54803880776853,14.45206492405324
3892,tiradcharedqiraslesyr,3892,2324,26.20278762418982,8.75440433985345
3893,amjamnaquyrwoquduq,3893,2324,15.720699045522869,6.802803069286358
3894,dotrutole,3894,2324,31.285475759884427,9.651013812058316
3895,lesdohanusre,3895,2324,35.11766791664584,10.983395687582046
3896,tiradcharedqiraslesyr,3896,2324,23.75829444277282,10.009523528401315
3897,tiradcharedqiraslesyr,3897,2324,25.97283423844347,11.034316085338045
3898,lesdohanusre,3898,2324,32.15824886968425,11.24996783119836
3899,itseidlaelextu,3899,2324,,
3900,noiger,3900,2375,,
3901,ducira,3901,2375,,
3902,ducira,3902,2375,17.49976466815652,4.6707806322870224
3903,icdirheumleevvi,3903,2375,,
3904,ygaxzavrivetawloit,3904,2375,41.13797435804745,23.75829444277282
3905,vusaapro,3905,2375,,
3906,dotrutole,3906,2375,23.7582944427728,6.931371183450534
3907,lesdohanusre,3907,2375,23.75829444277282,5.560585635080222
3908,gelerutec,3908,2375,,
3909,lesdohanusre,3909,2375,23.75829444277282,9.779715647760666
3910,dotrutole,3910,2375,27.41091663748164,7.009600282983888
3911,dotrutole,3911,2375,,
3912,tiradcharedqiraslesyr,3912,2375,,
3913,amjamnaquyrwoquduq,3913,2375,,
3914,dotrutole,3914,2375,26.399803839023992,8.467620633991935
3915,lesdohanusre,3915,2375,23.75829444277282,7.906986677879413
3916,tiradcharedqiraslesyr,3916,2375,,
3917,tiradcharedqiraslesyr,3917,2375,,
3918,lesdohanusre,3918,2375,23.75829444277282,5.092787393917207
3919,itseidlaelextu,3919,2375,,
3920,noiger,3920,1625,,
3921,ducira,3921,1625,,
3922,ducira,3922,1625,30.79074959783357,11.701889554689384
3923,icdirheumleevvi,3923,1625,,
3924,ygaxzavrivetawloit,3924,1625,33.33473120352266,20.6028410941884
3925,vusaapro,3925,1625,,
3926,dotrutole,3926,1625,35.58396442485994,14.34804040274357
3927,lesdohanusre,3927,1625,43.10086057853053,17.835465311994252
3928,gelerutec,3928,1625,,
3929,lesdohanusre,3929,1625,40.16597771679848,12.55620239586703
3930,dotrutole,3930,1625,37.88605996034749,16.176525504117343
3931,ydebmyralsahiz,3931,1625,37.53580504985848,18.509624017183157
3932,tiradcharedqiraslesyr,3932,1625,37.67270153045119,13.960392846080747
3933,amjamnaquyrwoquduq,3933,1625,23.012507314573305,9.568588662495957
3934,dotrutole,3934,1625,37.04856819137479,15.817259599913449
3935,lesdohanusre,3935,1625,30.75183190965788,11.661389538685215
3936,tiradcharedqiraslesyr,3936,1625,29.410422851189555,9.958974827894506
3937,tiradcharedqiraslesyr,3937,1625,37.40714862604489,12.929954168693682
3938,lesdohanusre,3938,1625,39.0373191297361,9.981556689695102
3939,itseidlaelextu,3939,1625,,
3940,tiradcharedqiraslesyr,3940,1460,13.903286161172357,3.888164628215937
3941,lesdohanusre,3941,1460,18.96787606972815,7.061395497978576
3942,itseidlaelextu,3942,1460,,
3943,tiradcharedqiraslesyr,3943,1460,,
3944,dotrutole,3944,1460,17.346912331333982,5.799982654732671
3945,ekyldaporamtetef,3945,1460,13.758150264997216,5.093269038702927
3946,itseidlaelextu,3946,1460,,
3947,dotrutole,3947,1460,16.318272138618113,5.61404664383088
3948,itseidlaelextu,3948,1460,,
3949,gelerutec,3949,1460,,
3950,lesdohanusre,3950,1460,16.632785967827036,5.8887611808431375
3951,itseidlaelextu,3951,1460,,
3952,itseidlaelextu,3952,1460,,
3953,neecygiw,3953,1460,11.896791955761898,3.838207045944408
3954,itseidlaelextu,3954,1460,,
3955,lesdohanusre,3955,1460,17.230080050922382,5.560651643541863
3956,itseidlaelextu,3956,1460,,
3957,soanchiriwin,3957,1460,13.2032552302486,4.610834755497348
3958,itseidlaelextu,3958,1460,,
3959,itseidlaelextu,3959,1460,,
3960,tiradcharedqiraslesyr,3960,4,11.10545005156257,3.0389018444143763
3961,lesdohanusre,3961,4,15.364209888472814,5.82884371710702
3962,itseidlaelextu,3962,4,,
3963,tiradcharedqiraslesyr,3963,4,11.502922829899696,3.5690375867172515
3964,dotrutole,3964,4,13.880470652352283,4.080157104523729
3965,ekyldaporamtetef,3965,4,14.765083800439836,2.8567353065672347
3966,itseidlaelextu,3966,4,,
3967,dotrutole,3967,4,15.485520443700302,2.9283805774598437
3968,itseidlaelextu,3968,4,,
3969,gelerutec,3969,4,,
3970,lesdohanusre,3970,4,16.13520991584785,3.1528617550201385
3971,itseidlaelextu,3971,4,,
3972,itseidlaelextu,3972,4,23.75829444277283,23.75829444277283
3973,neecygiw,3973,4,10.770175035752292,3.956124517144112
3974,itseidlaelextu,3974,4,,
3975,lesdohanusre,3975,4,17.907951132356846,4.277881803393366
3976,itseidlaelextu,3976,4,,
3977,soanchiriwin,3977,4,12.779353698777571,2.894026635504265
3978,itseidlaelextu,3978,4,,
3979,itseidlaelextu,3979,4,,
3980,tiradcharedqiraslesyr,3980,2359,10.253226540240224,2.149671878995916
3981,lesdohanusre,3981,2359,11.44491901386035,2.1944630459513075
3982,itseidlaelextu,3982,2359,,
3983,tiradcharedqiraslesyr,3983,2359,9.436332647813602,2.3524688318132023
3984,dotrutole,3984,2359,10.885448533626668,2.4321691753704067
3985,ekyldaporamtetef,3985,2359,9.517456653334069,1.9920853540689956
3986,itseidlaelextu,3986,2359,,
3987,dotrutole,3987,2359,10.932125771741672,1.9533397100001333
3988,itseidlaelextu,3988,2359,,
3989,gelerutec,3989,2359,,
3990,lesdohanusre,3990,2359,11.685236162928364,1.7933004827904158
3991,itseidlaelextu,3991,2359,,
3992,itseidlaelextu,3992,2359,,
3993,neecygiw,3993,2359,8.280947134315221,2.2104617732903056
3994,itseidlaelextu,3994,2359,,
3995,lesdohanusre,3995,2359,10.189725294968037,3.033098716569826
3996,itseidlaelextu,3996,2359,,
3997,soanchiriwin,3997,2359,13.010013317337076,1.677201499615263
3998,itseidlaelextu,3998,2359,,
3999,itseidlaelextu,3999,2359,,
4000,tiradcharedqiraslesyr,4000,2059,,
4001,lesdohanusre,4001,2059,28.51252318097205,8.796999400270732
4002,itseidlaelextu,4002,2059,,
4003,tiradcharedqiraslesyr,4003,2059,23.75829444277282,4.859435673915984
4004,dotrutole,4004,2059,23.75829444277283,6.77677209246388
4005,ekyldaporamtetef,4005,2059,23.665545187535862,6.338874069995959
4006,itseidlaelextu,4006,2059,,
4007,dotrutole,4007,2059,21.702905067789636,6.139930999289349
4008,itseidlaelextu,4008,2059,,
4009,gelerutec,4009,2059,,
4010,lesdohanusre,4010,2059,28.818821292379173,6.039248227298939
4011,itseidlaelextu,4011,2059,,
4012,itseidlaelextu,4012,2059,,
4013,neecygiw,4013,2059,15.733777859511596,5.27487289390906
4014,itseidlaelextu,4014,2059,,
4015,lesdohanusre,4015,2059,24.7740440439432,4.637780202582708
4016,itseidlaelextu,4016,2059,,
4017,soanchiriwin,4017,2059,23.716933237819536,6.094022693469549
4018,itseidlaelextu,4018,2059,,
4019,itseidlaelextu,4019,2059,,
4020,tiradcharedqiraslesyr,4020,264,25.932221615221756,7.368995161175874
4021,lesdohanusre,4021,264,29.514658802628567,7.009600282981746
4022,itseidlaelextu,4022,264,,
4023,tiradcharedqiraslesyr,4023,264,28.448216358491067,6.595276402304411
4024,dotrutole,4024,264,26.978089939014748,8.018428931104634
4025,ekyldaporamtetef,4025,264,28.49258852955507,5.828932836318202
4026,itseidlaelextu,4026,264,,
4027,dotrutole,4027,264,30.16584902192816,7.1428865693811705
4028,itseidlaelextu,4028,264,,
4029,gelerutec,4029,264,,
4030,lesdohanusre,4030,264,29.514658802628343,7.917628425643728
4031,itseidlaelextu,4031,264,,
4032,itseidlaelextu,4032,264,,
4033,neecygiw,4033,264,20.952614712007897,9.798126308652424
4034,itseidlaelextu,4034,264,,
4035,lesdohanusre,4035,264,27.41091663753633,7.782971421810546
4036,itseidlaelextu,4036,264,,
4037,soanchiriwin,4037,264,26.7944255843975,5.802730643765834
4038,itseidlaelextu,4038,264,,
4039,itseidlaelextu,4039,264,,
4040,tiradcharedqiraslesyr,4040,117,12.918678806678551,3.4838760254009253
4041,lesdohanusre,4041,117,14.639420913508545,4.887977131664088
4042,itseidlaelextu,4042,117,,
4043,tiradcharedqiraslesyr,4043,117,10.726589088103411,3.1794311025260718
4044,dotrutole,4044,117,19.2370971905804,4.306153337185483
4045,ekyldaporamtetef,4045,117,12.429672378288476,2.687313661521094
4046,itseidlaelextu,4046,117,,
4047,dotrutole,4047,117,17.017712290436453,3.756315670453058
4048,itseidlaelextu,4048,117,,
4049,gelerutec,4049,117,,
4050,lesdohanusre,4050,117,23.75829444277282,6.5127156110559685
4051,itseidlaelextu,4051,117,,
4052,itseidlaelextu,4052,117,,
4053,neecygiw,4053,117,12.89934405335086,4.753777791040839
4054,itseidlaelextu,4054,117,,
4055,lesdohanusre,4055,117,14.103732844801035,4.325731569982311
4056,itseidlaelextu,4056,117,,
4057,soanchiriwin,4057,117,14.551086043684336,2.9898093808920154
4058,itseidlaelextu,4058,117,,
4059,itseidlaelextu,4059,117,,
4060,itseidlaelextu,4060,1327,,
4061,quedowedepy,4061,1327,,
4062,itgysagta,4062,1327,18.702789480854445,3.0253657973451795
4063,axriladweteqne,4063,1327,23.75829444277282,4.810264878360962
4064,olteneva,4064,1327,,
4065,dorejif,4065,1327,10.895044420116168,4.180126598019798
4066,newfissensomo,4066,1327,,
4067,gepiugibni,4067,1327,,
4068,gelerutec,4068,1327,,
4069,idpaadoressapneav,4069,1327,6.848196761551752,3.162214483811365
4070,gelerutec,4070,1327,,
4071,ingifokraelgaimche,4071,1327,13.846435809984497,2.5830594628804064
4072,gelerutec,4072,1327,,
4073,gelerutec,4073,1327,,
4074,tehsidetegenichurgew,4074,1327,,
4075,asbicapadnitiin,4075,1327,20.510674679100557,3.270346048631726
4076,gelerutec,4076,1327,,
4077,gelerutec,4077,1327,,
4078,gelerutec,4078,1327,,
4079,gelerutec,4079,1327,,
4080,itseidlaelextu,4080,2348,,
4081,quedowedepy,4081,2348,,
4082,itgysagta,4082,2348,18.719166130827528,4.567819662056904
4083,axriladweteqne,4083,2348,,
4084,olteneva,4084,2348,7.115413906121229,6.066197433127422
4085,dorejif,4085,2348,14.696781033754377,4.066779589477303
4086,newfissensomo,4086,2348,,
4087,gepiugibni,4087,2348,19.527353048470463,5.867005137960085
4088,gelerutec,4088,2348,,
4089,idpaadoressapneav,4089,2348,14.165184231745796,4.641076876958336
4090,gelerutec,4090,2348,,
4091,ingifokraelgaimche,4091,2348,16.80399747964768,4.079634620504008
4092,gelerutec,4092,2348,,
4093,gelerutec,4093,2348,,
4094,tehsidetegenichurgew,4094,2348,,
4095,asbicapadnitiin,4095,2348,19.04099646434605,3.760795911133045
4096,gelerutec,4096,2348,,
4097,gelerutec,4097,2348,,
4098,gelerutec,4098,2348,,
4099,gelerutec,4099,2348,,
4100,itseidlaelextu,4100,1176,,
4101,quedowedepy,4101,1176,,
4102,itgysagta,4102,1176,11.755731685047811,2.135148934740401
4103,axriladweteqne,4103,1176,,
4104,olteneva,4104,1176,6.777721532781415,2.960095735423472
4105,dorejif,4105,1176,17.93383135512443,4.672589853256521
4106,newfissensomo,4106,1176,,
4107,gepiugibni,4107,1176,9.990084292029753,2.1615671563671195
4108,gelerutec,4108,1176,,
4109,idpaadoressapneav,4109,1176,7.591741748638083,1.9125540835670851
4110,gelerutec,4110,1176,,
4111,ingifokraelgaimche,4111,1176,6.803795776005255,2.096257881266239
4112,gelerutec,4112,1176,,
4113,gelerutec,4113,1176,,
4114,tehsidetegenichurgew,4114,1176,,
4115,asbicapadnitiin,4115,1176,9.404704342946829,1.7434873133777975
4116,gelerutec,4116,1176,,
4117,gelerutec,4117,1176,,
4118,gelerutec,4118,1176,,
4119,gelerutec,4119,1176,,
4120,itseidlaelextu,4120,1023,,
4121,quedowedepy,4121,1023,,
4122,itgysagta,4122,1023,21.848845189690635,7.642293971244081
4123,axriladweteqne,4123,1023,10.308129235659878,0.5718306208693803
4124,olteneva,4124,1023,,
4125,dorejif,4125,1023,,
4126,newfissensomo,4126,1023,,
4127,gepiugibni,4127,1023,,
4128,gelerutec,4128,1023,,
4129,idpaadoressapneav,4129,1023,,
4130,gelerutec,4130,1023,,
4131,ingifokraelgaimche,4131,1023,,
4132,gelerutec,4132,1023,,
4133,gelerutec,4133,1023,,
4134,tehsidetegenichurgew,4134,1023,,
4135,asbicapadnitiin,4135,1023,,
4136,gelerutec,4136,1023,,
4137,gelerutec,4137,1023,,
4138,gelerutec,4138,1023,,
4139,gelerutec,4139,1023,,
4140,itseidlaelextu,4140,1051,,
4141,quedowedepy,4141,1051,12.061089511342969,5.843974889904732
4142,itgysagta,4142,1051,9.82686920271932,2.9201968707724726
4143,axriladweteqne,4143,1051,,
4144,olteneva,4144,1051,,
4145,dorejif,4145,1051,12.070112112335286,4.273723121700543
4146,newfissensomo,4146,1051,,
4147,gepiugibni,4147,1051,12.044711848387193,3.489665804349793
4148,gelerutec,4148,1051,,
4149,idpaadoressapneav,4149,1051,10.001753835628952,3.411072777386673
4150,gelerutec,4150,1051,,
4151,ingifokraelgaimche,4151,1051,7.400209578833533,2.227664069878361
4152,gelerutec,4152,1051,,
4153,gelerutec,4153,1051,,
4154,tehsidetegenichurgew,4154,1051,,
4155,asbicapadnitiin,4155,1051,9.479099043774188,2.145751263933596
4156,gelerutec,4156,1051,,
4157,gelerutec,4157,1051,,
4158,gelerutec,4158,1051,,
4159,gelerutec,4159,1051,,
4160,itseidlaelextu,4160,611,,
4161,quedowedepy,4161,611,,
4162,itgysagta,4162,611,18.54372738005316,5.169315144500117
4163,axriladweteqne,4163,611,,
4164,olteneva,4164,611,16.220954386184754,8.559795318554752
4165,dorejif,4165,611,22.35858023997464,11.203599275425272
4166,newfissensomo,4166,611,,
4167,gepiugibni,4167,611,18.6108764686428,5.371489458127986
4168,gelerutec,4168,611,,
4169,idpaadoressapneav,4169,611,20.36291006851931,5.252153430192887
4170,gelerutec,4170,611,,
4171,ingifokraelgaimche,4171,611,17.576181885409387,5.670706932070838
4172,gelerutec,4172,611,,
4173,gelerutec,4173,611,,
4174,tehsidetegenichurgew,4174,611,,
4175,asbicapadnitiin,4175,611,21.166982089470437,5.844653917103595
4176,gelerutec,4176,611,,
4177,gelerutec,4177,611,,
4178,gelerutec,4178,611,,
4179,gelerutec,4179,611,,
4180,neecygiw,4180,396,14.781504641582597,5.066688075855598
4181,gelerutec,4181,396,,
4182,itseidlaelextu,4182,396,,
4183,itseidlaelextu,4183,396,,
4184,itseidlaelextu,4184,396,,
4185,gelerutec,4185,396,,
4186,itseidlaelextu,4186,396,,
4187,itseidlaelextu,4187,396,,
4188,itseidlaelextu,4188,396,,
4189,olaksujzeru,4189,396,5.64903952737105,2.673051869122702
4190,itseidlaelextu,4190,396,,
4191,itseidlaelextu,4191,396,,
4192,quedowedepy,4192,396,,
4193,duralanatug,4193,396,8.494021285776011,1.761123080631496
4194,olteneva,4194,396,8.267903066365498,4.961542729488148
4195,sarelfyze,4195,396,,
4196,duralanatug,4196,396,10.36246054711586,1.5259592687994787
4197,olteneva,4197,396,7.561418304595224,3.913757134733744
4198,quniocsulafryt,4198,396,4.883123780426805,1.1995114222471424
4199,olteneva,4199,396,6.9329196210404085,3.237230661952832
4200,neecygiw,4200,2119,18.447136210196277,8.010541610880743
4201,gelerutec,4201,2119,,
4202,itseidlaelextu,4202,2119,,
4203,itseidlaelextu,4203,2119,,
4204,itseidlaelextu,4204,2119,,
4205,gelerutec,4205,2119,,
4206,itseidlaelextu,4206,2119,,
4207,itseidlaelextu,4207,2119,,
4208,itseidlaelextu,4208,2119,,
4209,olaksujzeru,4209,2119,,
4210,itseidlaelextu,4210,2119,,
4211,itseidlaelextu,4211,2119,,
4212,quedowedepy,4212,2119,23.75829444277282,23.7582944427728
4213,duralanatug,4213,2119,23.75829444277284,4.635642848865969
4214,olteneva,4214,2119,9.901301278907042,9.308728088521676
4215,sarelfyze,4215,2119,,
4216,duralanatug,4216,2119,21.46836503420092,4.367531454620657
4217,olteneva,4217,2119,12.584899201010629,8.2040328666631
4218,quniocsulafryt,4218,2119,11.25665429112792,5.14076323819554
4219,olteneva,4219,2119,11.625533465051364,11.103345040664482
4220,dorejif,4220,2331,19.152572092603524,3.8107456035504175
4221,uwchatap,4221,2331,23.75829444277283,23.758294442772826
4222,lesdohanusre,4222,2331,20.39563488216535,5.529474442206341
4223,dorejif,4223,2331,13.738540055210208,4.162738966365523
4224,dorejif,4224,2331,16.280627351473786,3.7451417342808746
4225,duralanatug,4225,2331,14.939124406448512,3.256943882755372
4226,lesdohanusre,4226,2331,23.7582944427728,4.284826073370943
4227,dorejif,4227,2331,15.633548636931655,4.018085377059126
4228,duralanatug,4228,2331,14.348829083105922,4.305335928437713
4229,olteneva,4229,2331,,
4230,dorejif,4230,2331,17.81676854176373,5.082108536817439
4231,lesdohanusre,4231,2331,15.719120637243584,5.536771454386175
4232,olteneva,4232,2331,8.582183938194516,6.449672026640018
4233,ingifokraelgaimche,4233,2331,16.042879004311203,4.860098578861127
4234,lesdohanusre,4234,2331,23.75829444277282,6.297289251842953
4235,gesitcetiridakbe,4235,2331,,
4236,quozagchofuquuri,4236,2331,,
4237,lesdohanusre,4237,2331,15.306508801199996,5.082905090676647
4238,ingifokraelgaimche,4238,2331,20.429099603144824,4.645845775828926
4239,ingifokraelgaimche,4239,2331,17.234318774289136,4.063841170979393
4240,dorejif,4240,811,18.83861938203194,6.990984499449325
4241,uwchatap,4241,811,,
4242,lesdohanusre,4242,811,22.290559251041984,6.03907804908096
4243,dorejif,4243,811,20.3137265986102,7.642886442254531
4244,dorejif,4244,811,17.892946488622268,7.398206903687908
4245,duralanatug,4245,811,28.196512353314745,6.665600624752279
4246,lesdohanusre,4246,811,23.75829444277283,6.588405054136451
4247,dorejif,4247,811,20.547521604949804,8.586400918193982
4248,duralanatug,4248,811,19.50090263703526,5.7819050840073
4249,olteneva,4249,811,24.467703089339302,14.427630745730418
4250,dorejif,4250,811,17.892946488622268,6.522969547354694
4251,lesdohanusre,4251,811,23.75829444277282,9.47204905271008
4252,olteneva,4252,811,,
4253,ingifokraelgaimche,4253,811,20.42295399424092,7.065646142468806
4254,lesdohanusre,4254,811,23.34437385161949,5.784837216691225
4255,gesitcetiridakbe,4255,811,,
4256,quozagchofuquuri,4256,811,,
4257,lesdohanusre,4257,811,30.60861471150082,7.255189810804564
4258,ingifokraelgaimche,4258,811,28.818821292314617,6.640102766460862
4259,ingifokraelgaimche,4259,811,25.767739207893484,6.151565209464533
4260,dorejif,4260,2361,12.149831844861088,4.268037984056574
4261,uwchatap,4261,2361,23.75829444277283,23.75829444277282
4262,lesdohanusre,4262,2361,15.099596163577504,3.5974120997849504
4263,dorejif,4263,2361,10.61977564439004,3.471799158955982
4264,dorejif,4264,2361,11.395154897157704,3.2894900129211564
4265,duralanatug,4265,2361,11.995726202430284,2.159120560041866
4266,lesdohanusre,4266,2361,12.407724303473104,3.4792583644955624
4267,dorejif,4267,2361,10.53636512193208,3.3989762484595683
4268,duralanatug,4268,2361,9.17925003757476,2.4692757032373565
4269,olteneva,4269,2361,,
4270,dorejif,4270,2361,12.592850231550395,3.205236374271109
4271,lesdohanusre,4271,2361,15.141077475020593,3.034792441802088
4272,olteneva,4272,2361,9.666822199072032,5.116616339737911
4273,ingifokraelgaimche,4273,2361,10.066485762741792,2.682462758724221
4274,lesdohanusre,4274,2361,12.01371670456699,3.5017826994851715
4275,gesitcetiridakbe,4275,2361,,
4276,quozagchofuquuri,4276,2361,,
4277,lesdohanusre,4277,2361,12.950250064047058,3.258583092727491
4278,ingifokraelgaimche,4278,2361,11.15971963974114,3.429423838546672
4279,ingifokraelgaimche,4279,2361,11.248995517416402,2.398043451569189
4280,dorejif,4280,1738,13.889979610788265,6.757493073810932
4281,uwchatap,4281,1738,,
4282,lesdohanusre,4282,1738,18.72063830477102,8.426340145496704
4283,dorejif,4283,1738,14.202822669390548,4.992046283442068
4284,dorejif,4284,1738,15.102519205200212,5.555068574451744
4285,duralanatug,4285,1738,,
4286,lesdohanusre,4286,1738,23.85585568234517,6.657514442010273
4287,dorejif,4287,1738,17.0435857236139,5.088507782127855
4288,duralanatug,4288,1738,,
4289,olteneva,4289,1738,,
4290,dorejif,4290,1738,13.844710681206568,4.959994290514093
4291,lesdohanusre,4291,1738,20.641336279948646,5.957299567315304
4292,olteneva,4292,1738,,
4293,ingifokraelgaimche,4293,1738,18.231494541256904,6.326481485256094
4294,lesdohanusre,4294,1738,20.04421609780657,6.736753978626639
4295,gesitcetiridakbe,4295,1738,19.653738405433216,4.91660845001823
4296,quozagchofuquuri,4296,1738,22.39215665771621,5.2689549161556135
4297,lesdohanusre,4297,1738,24.420505153994284,10.887658326480118
4298,ingifokraelgaimche,4298,1738,8.199557652907147,3.0195390245366704
4299,ingifokraelgaimche,4299,1738,8.978316790399175,2.633606534541304
4300,tehsidetegenichurgew,4300,1314,,
4301,ingifokraelgaimche,4301,1314,9.926873121302515,2.4713713933865846
4302,olteneva,4302,1314,,
4303,nyvulamru,4303,1314,6.352212223357135,2.428372106239437
4304,tehsidetegenichurgew,4304,1314,,
4305,olteneva,4305,1314,,
4306,asbicapadnitiin,4306,1314,18.63253697232696,3.856560549324168
4307,olteneva,4307,1314,,
4308,tehsidetegenichurgew,4308,1314,,
4309,olteneva,4309,1314,,
4310,firpervagowohannod,4310,1314,13.327413952013655,2.685744729073794
4311,ingifokraelgaimche,4311,1314,7.726171708144799,1.582449806864478
4312,olteneva,4312,1314,,
4313,olteneva,4313,1314,,
4314,tehsidetegenichurgew,4314,1314,,
4315,eggafadelpad,4315,1314,,
4316,ingifokraelgaimche,4316,1314,7.578049987701007,1.8570896021921728
4317,icdirheumleevvi,4317,1314,,
4318,asbicapadnitiin,4318,1314,19.2333470877685,3.742532128879373
4319,tehsidetegenichurgew,4319,1314,,
4320,tehsidetegenichurgew,4320,1690,,
4321,ingifokraelgaimche,4321,1690,9.644515749786736,3.4601957624209474
4322,olteneva,4322,1690,,
4323,nyvulamru,4323,1690,10.354168734715966,4.004519277016451
4324,tehsidetegenichurgew,4324,1690,,
4325,olteneva,4325,1690,,
4326,asbicapadnitiin,4326,1690,18.7572707074937,3.3448117898991767
4327,olteneva,4327,1690,,
4328,tehsidetegenichurgew,4328,1690,,
4329,olteneva,4329,1690,,
4330,firpervagowohannod,4330,1690,15.527043519932729,2.222385237661844
4331,ingifokraelgaimche,4331,1690,10.439167547881194,2.9970154899305874
4332,olteneva,4332,1690,,
4333,olteneva,4333,1690,,
4334,tehsidetegenichurgew,4334,1690,,
4335,eggafadelpad,4335,1690,,
4336,ingifokraelgaimche,4336,1690,10.527239121386614,3.159699681231891
4337,icdirheumleevvi,4337,1690,,
4338,asbicapadnitiin,4338,1690,17.64290254286772,4.362688058116316
4339,tehsidetegenichurgew,4339,1690,,
4340,tehsidetegenichurgew,4340,1377,,
4341,ingifokraelgaimche,4341,1377,17.705868933476438,6.472055544688673
4342,olteneva,4342,1377,,
4343,nyvulamru,4343,1377,15.09769512263292,6.798269306021054
4344,tehsidetegenichurgew,4344,1377,,
4345,olteneva,4345,1377,,
4346,asbicapadnitiin,4346,1377,20.2652454256048,5.637286991285075
4347,olteneva,4347,1377,,
4348,tehsidetegenichurgew,4348,1377,,
4349,olteneva,4349,1377,,
4350,firpervagowohannod,4350,1377,14.007466209753288,5.769474609837071
4351,ingifokraelgaimche,4351,1377,,
4352,olteneva,4352,1377,,
4353,olteneva,4353,1377,,
4354,tehsidetegenichurgew,4354,1377,,
4355,eggafadelpad,4355,1377,,
4356,ingifokraelgaimche,4356,1377,,
4357,icdirheumleevvi,4357,1377,23.75829444277282,23.75829444277282
4358,asbicapadnitiin,4358,1377,18.091340084820292,6.228838422674763
4359,tehsidetegenichurgew,4359,1377,,
4360,tehsidetegenichurgew,4360,87,,
4361,ingifokraelgaimche,4361,87,17.98083552535517,3.460195762431065
4362,olteneva,4362,87,,
4363,nyvulamru,4363,87,13.076605795530348,4.292391937189223
4364,tehsidetegenichurgew,4364,87,,
4365,olteneva,4365,87,,
4366,asbicapadnitiin,4366,87,18.14579387662733,3.838207045960505
4367,olteneva,4367,87,,
4368,tehsidetegenichurgew,4368,87,,
4369,olteneva,4369,87,,
4370,firpervagowohannod,4370,87,23.75829444277282,5.077036906399933
4371,ingifokraelgaimche,4371,87,14.116052844159894,3.2493166332956056
4372,olteneva,4372,87,,
4373,olteneva,4373,87,,
4374,tehsidetegenichurgew,4374,87,,
4375,eggafadelpad,4375,87,,
4376,ingifokraelgaimche,4376,87,13.471486435011084,3.822683588481637
4377,icdirheumleevvi,4377,87,,
4378,asbicapadnitiin,4378,87,15.27631870432896,4.285296856384199
4379,tehsidetegenichurgew,4379,87,,
4380,tehsidetegenichurgew,4380,466,,
4381,ingifokraelgaimche,4381,466,3.675276216862251,1.44236865245502
4382,olteneva,4382,466,,
4383,nyvulamru,4383,466,7.3063973526996495,2.263233625021239
4384,tehsidetegenichurgew,4384,466,,
4385,olteneva,4385,466,,
4386,asbicapadnitiin,4386,466,10.76543686959479,1.4814360016158208
4387,olteneva,4387,466,,
4388,tehsidetegenichurgew,4388,466,,
4389,olteneva,4389,466,,
4390,firpervagowohannod,4390,466,12.23502826542028,2.3338159222343817
4391,ingifokraelgaimche,4391,466,4.924172616675615,1.796000190802058
4392,olteneva,4392,466,,
4393,olteneva,4393,466,,
4394,tehsidetegenichurgew,4394,466,,
4395,eggafadelpad,4395,466,,
4396,ingifokraelgaimche,4396,466,,
4397,icdirheumleevvi,4397,466,23.75829444277281,23.75829444277281
4398,asbicapadnitiin,4398,466,7.284766868921163,1.8929274861365888
4399,tehsidetegenichurgew,4399,466,,
4400,tehsidetegenichurgew,4400,106,,
4401,tehsidetegenichurgew,4401,106,,
4402,gelerutec,4402,106,,
4403,gelerutec,4403,106,,
4404,gelerutec,4404,106,,
4405,lesdohanusre,4405,106,15.399519122242936,4.347417275593923
4406,gelerutec,4406,106,,
4407,eggafadelpad,4407,106,15.325167323684806,6.348350133461702
4408,tehsidetegenichurgew,4408,106,,
4409,gelerutec,4409,106,,
4410,gelerutec,4410,106,,
4411,lesdohanusre,4411,106,11.584664300725835,4.079220733936203
4412,gelerutec,4412,106,,
4413,gelerutec,4413,106,,
4414,soquoginuniq,4414,106,,
4415,gelerutec,4415,106,,
4416,gelerutec,4416,106,,
4417,vudichtinechutiniqe,4417,106,11.305195188515862,3.241891904585213
4418,gelerutec,4418,106,,
4419,gelerutec,4419,106,,
4420,tehsidetegenichurgew,4420,1899,,
4421,tehsidetegenichurgew,4421,1899,,
4422,gelerutec,4422,1899,,
4423,gelerutec,4423,1899,,
4424,gelerutec,4424,1899,,
4425,lesdohanusre,4425,1899,14.27855735883516,4.07497028524958
4426,gelerutec,4426,1899,,
4427,eggafadelpad,4427,1899,23.75829444277282,8.05816984655445
4428,tehsidetegenichurgew,4428,1899,,
4429,gelerutec,4429,1899,,
4430,gelerutec,4430,1899,,
4431,lesdohanusre,4431,1899,15.3675099370049,3.599452143087087
4432,gelerutec,4432,1899,,
4433,gelerutec,4433,1899,,
4434,soquoginuniq,4434,1899,,
4435,gelerutec,4435,1899,,
4436,gelerutec,4436,1899,,
4437,vudichtinechutiniqe,4437,1899,,
4438,gelerutec,4438,1899,,
4439,gelerutec,4439,1899,,
4440,saekep,4440,1077,63.06492981867798,18.370811518869267
4441,gelerutec,4441,1077,,
4442,ecenivri,4442,1077,55.197101304403006,17.075288342758498
4443,vudichtinechutiniqe,4443,1077,44.12098462879005,24.52711303121897
4444,gelerutec,4444,1077,,
4445,soquoginuniq,4445,1077,,
4446,gelerutec,4446,1077,,
4447,gelerutec,4447,1077,,
4448,gelerutec,4448,1077,,
4449,vudichtinechutiniqe,4449,1077,48.35477433186536,23.868515059230173
4450,itseidlaelextu,4450,1077,,
4451,saekep,4451,1077,42.49530483527631,20.81695282643026
4452,soquoginuniq,4452,1077,,
4453,gelerutec,4453,1077,,
4454,itseidlaelextu,4454,1077,,
4455,vudichtinechutiniqe,4455,1077,46.39760570921226,22.490733087565168
4456,itseidlaelextu,4456,1077,,
4457,saekep,4457,1077,42.40921785705336,17.328854657918512
4458,itseidlaelextu,4458,1077,,
4459,ecenivri,4459,1077,39.83123458817159,13.575612318341182
4460,saekep,4460,1381,21.521819605523365,7.090713454314774
4461,gelerutec,4461,1381,,
4462,ecenivri,4462,1381,19.74276415494736,6.1604197627479005
4463,vudichtinechutiniqe,4463,1381,17.013130507448082,5.695224302208676
4464,gelerutec,4464,1381,,
4465,soquoginuniq,4465,1381,,
4466,gelerutec,4466,1381,,
4467,gelerutec,4467,1381,,
4468,gelerutec,4468,1381,,
4469,vudichtinechutiniqe,4469,1381,17.05880689364356,8.277267392963351
4470,itseidlaelextu,4470,1381,,
4471,saekep,4471,1381,21.056116904019586,8.131736717894942
4472,soquoginuniq,4472,1381,,
4473,gelerutec,4473,1381,,
4474,itseidlaelextu,4474,1381,,
4475,vudichtinechutiniqe,4475,1381,16.25877843759343,6.986616876112622
4476,itseidlaelextu,4476,1381,,
4477,saekep,4477,1381,16.553474928299117,7.3266647906966655
4478,itseidlaelextu,4478,1381,,
4479,ecenivri,4479,1381,23.067938646074744,4.4578433161225774
4480,saekep,4480,1823,,
4481,gelerutec,4481,1823,,
4482,ecenivri,4482,1823,16.36309004647068,3.868757458933144
4483,vudichtinechutiniqe,4483,1823,,
4484,gelerutec,4484,1823,,
4485,soquoginuniq,4485,1823,,
4486,gelerutec,4486,1823,,
4487,gelerutec,4487,1823,,
4488,gelerutec,4488,1823,,
4489,vudichtinechutiniqe,4489,1823,,
4490,itseidlaelextu,4490,1823,,
4491,saekep,4491,1823,,
4492,soquoginuniq,4492,1823,,
4493,gelerutec,4493,1823,,
4494,itseidlaelextu,4494,1823,,
4495,vudichtinechutiniqe,4495,1823,,
4496,itseidlaelextu,4496,1823,,
4497,saekep,4497,1823,,
4498,itseidlaelextu,4498,1823,,
4499,ecenivri,4499,1823,19.516634203896988,3.2303625873337074
4500,saekep,4500,2251,,
4501,gelerutec,4501,2251,,
4502,ecenivri,4502,2251,40.64584575231527,13.10102830164213
4503,vudichtinechutiniqe,4503,2251,41.90470133844854,20.67257370853478
4504,gelerutec,4504,2251,,
4505,soquoginuniq,4505,2251,23.75829444277282,12.79881728713385
4506,gelerutec,4506,2251,,
4507,gelerutec,4507,2251,,
4508,gelerutec,4508,2251,,
4509,vudichtinechutiniqe,4509,2251,37.91804181625569,19.3452782776362
4510,itseidlaelextu,4510,2251,,
4511,saekep,4511,2251,,
4512,soquoginuniq,4512,2251,23.7582944427728,13.211066956313356
4513,gelerutec,4513,2251,,
4514,itseidlaelextu,4514,2251,,
4515,vudichtinechutiniqe,4515,2251,43.86597369597515,17.70586893347645
4516,itseidlaelextu,4516,2251,,
4517,saekep,4517,2251,,
4518,itseidlaelextu,4518,2251,,
4519,ecenivri,4519,2251,36.707785771137495,15.433412537899184
4520,saekep,4520,250,23.7582944427728,3.1621382142875376
4521,gelerutec,4521,250,,
4522,ecenivri,4522,250,35.90973509379366,9.343075742812156
4523,vudichtinechutiniqe,4523,250,22.11152434697225,10.912096628412224
4524,gelerutec,4524,250,,
4525,soquoginuniq,4525,250,,
4526,gelerutec,4526,250,,
4527,gelerutec,4527,250,,
4528,gelerutec,4528,250,,
4529,vudichtinechutiniqe,4529,250,30.28015009075537,13.427799756706513
4530,itseidlaelextu,4530,250,,
4531,saekep,4531,250,20.225550176380874,1.916309091492089
4532,soquoginuniq,4532,250,,
4533,gelerutec,4533,250,,
4534,itseidlaelextu,4534,250,,
4535,vudichtinechutiniqe,4535,250,23.75829444277283,9.741275352074007
4536,itseidlaelextu,4536,250,,
4537,saekep,4537,250,21.381026620025505,2.2147085817802257
4538,itseidlaelextu,4538,250,,
4539,ecenivri,4539,250,32.54859459293754,7.723821355790085
4540,saekep,4540,1280,,
4541,gelerutec,4541,1280,,
4542,ecenivri,4542,1280,43.19548260198908,11.928814654014904
4543,vudichtinechutiniqe,4543,1280,36.98526191532521,14.761740402731094
4544,gelerutec,4544,1280,,
4545,soquoginuniq,4545,1280,23.7582944427728,12.361783121601148
4546,gelerutec,4546,1280,,
4547,gelerutec,4547,1280,,
4548,gelerutec,4548,1280,,
4549,vudichtinechutiniqe,4549,1280,34.62726687374926,13.92942705665084
4550,itseidlaelextu,4550,1280,,
4551,saekep,4551,1280,,
4552,soquoginuniq,4552,1280,23.75829444277282,11.951386992458303
4553,gelerutec,4553,1280,,
4554,itseidlaelextu,4554,1280,,
4555,vudichtinechutiniqe,4555,1280,34.38054665154204,15.052739406505792
4556,itseidlaelextu,4556,1280,,
4557,saekep,4557,1280,,
4558,itseidlaelextu,4558,1280,,
4559,ecenivri,4559,1280,38.24474408278592,9.383910551178143
4560,saekep,4560,2228,13.627332811864571,4.530617117761787
4561,gelerutec,4561,2228,,
4562,ecenivri,4562,2228,18.403435272699017,2.691063283149587
4563,vudichtinechutiniqe,4563,2228,,
4564,gelerutec,4564,2228,,
4565,soquoginuniq,4565,2228,14.396346687072231,6.465322207697852
4566,gelerutec,4566,2228,,
4567,gelerutec,4567,2228,,
4568,gelerutec,4568,2228,,
4569,vudichtinechutiniqe,4569,2228,7.891113433374107,4.027842582955807
4570,itseidlaelextu,4570,2228,,
4571,saekep,4571,2228,14.420754665779448,4.253875881158487
4572,soquoginuniq,4572,2228,13.436238129453926,9.158481279722071
4573,gelerutec,4573,2228,,
4574,itseidlaelextu,4574,2228,,
4575,vudichtinechutiniqe,4575,2228,10.035715546971025,2.9171535179411565
4576,itseidlaelextu,4576,2228,,
4577,saekep,4577,2228,,
4578,itseidlaelextu,4578,2228,,
4579,ecenivri,4579,2228,19.4855323439266,2.9403386879883504
4580,soquoginuniq,4580,174,,
4581,itseidlaelextu,4581,174,,
4582,vudichtinechutiniqe,4582,174,6.98442053227181,1.984546207505126
4583,quozagchofuquuri,4583,174,,
4584,aturrooqel,4584,174,14.81554924007574,2.2538727840707966
4585,itseidlaelextu,4585,174,,
4586,itseidlaelextu,4586,174,,
4587,ansicqalob,4587,174,16.553825265297665,6.807581838104799
4588,saekep,4588,174,8.314203426633165,2.084669466815201
4589,vudichtinechutiniqe,4589,174,,
4590,vudichtinechutiniqe,4590,174,10.336130606391102,3.0455617716453176
4591,ecenivri,4591,174,11.540434786022573,1.7449931372794325
4592,itseidlaelextu,4592,174,,
4593,itseidlaelextu,4593,174,,
4594,saekep,4594,174,9.30691136783345,2.655839889097121
4595,vudichtinechutiniqe,4595,174,5.765910848452761,2.8634097383494685
4596,ecenivri,4596,174,19.438806269751744,1.5226148907841244
4597,vudichtinechutiniqe,4597,174,9.148456449911382,2.633355655152493
4598,carquelihrexasorkaor,4598,174,,
4599,ecenivri,4599,174,16.558635560873213,2.775932265698341
4600,soquoginuniq,4600,1045,,
4601,itseidlaelextu,4601,1045,,
4602,vudichtinechutiniqe,4602,1045,40.49546305070429,18.74058832095339
4603,quozagchofuquuri,4603,1045,,
4604,aturrooqel,4604,1045,45.8724911159452,17.64887127690852
4605,itseidlaelextu,4605,1045,,
4606,itseidlaelextu,4606,1045,,
4607,ansicqalob,4607,1045,50.94363083114474,23.25433394196153
4608,saekep,4608,1045,39.81267958801727,19.618334689184167
4609,vudichtinechutiniqe,4609,1045,38.51975935701141,19.285553628825543
4610,vudichtinechutiniqe,4610,1045,39.96201253252688,19.92934595297699
4611,ecenivri,4611,1045,40.967263047374665,15.780259996165984
4612,itseidlaelextu,4612,1045,,
4613,itseidlaelextu,4613,1045,,
4614,saekep,4614,1045,36.26311214727149,18.036095529894254
4615,vudichtinechutiniqe,4615,1045,42.59982066205402,20.83579308129137
4616,ecenivri,4616,1045,51.93297577632615,15.24831695239459
4617,vudichtinechutiniqe,4617,1045,36.056226380548345,17.182218755388156
4618,carquelihrexasorkaor,4618,1045,32.90154207241202,18.76380126694993
4619,ecenivri,4619,1045,44.17888788988464,16.562735247858498
4620,soquoginuniq,4620,904,11.12151451092543,4.935162458331225
4621,itseidlaelextu,4621,904,,
4622,vudichtinechutiniqe,4622,904,11.812139564128648,2.423379030781907
4623,quozagchofuquuri,4623,904,,
4624,aturrooqel,4624,904,14.397018257919122,3.745081204060436
4625,itseidlaelextu,4625,904,,
4626,itseidlaelextu,4626,904,,
4627,ansicqalob,4627,904,23.75829444277282,3.920854143695886
4628,saekep,4628,904,14.346347575946996,2.8782408578298653
4629,vudichtinechutiniqe,4629,904,6.189764784147688,2.565518019722996
4630,vudichtinechutiniqe,4630,904,13.950078553645614,3.2473505073380213
4631,ecenivri,4631,904,19.255221655825512,1.5295402841053285
4632,itseidlaelextu,4632,904,,
4633,itseidlaelextu,4633,904,,
4634,saekep,4634,904,16.273062369692404,2.286853309205883
4635,vudichtinechutiniqe,4635,904,9.416199747072396,2.3607742087282118
4636,ecenivri,4636,904,19.104998509116395,1.199296296288246
4637,vudichtinechutiniqe,4637,904,9.015491136294788,3.7450812040311066
4638,carquelihrexasorkaor,4638,904,20.11059328620931,4.080132696575573
4639,ecenivri,4639,904,23.75829444277282,1.7739283581143028
4640,soquoginuniq,4640,1701,,
4641,itseidlaelextu,4641,1701,,
4642,vudichtinechutiniqe,4642,1701,,
4643,quozagchofuquuri,4643,1701,,
4644,aturrooqel,4644,1701,16.710489517523857,9.354070407210626
4645,itseidlaelextu,4645,1701,,
4646,itseidlaelextu,4646,1701,,
4647,ansicqalob,4647,1701,,
4648,saekep,4648,1701,,
4649,vudichtinechutiniqe,4649,1701,,
4650,vudichtinechutiniqe,4650,1701,,
4651,ecenivri,4651,1701,13.29366589150466,0.5913890626555203
4652,itseidlaelextu,4652,1701,,
4653,itseidlaelextu,4653,1701,,
4654,saekep,4654,1701,,
4655,vudichtinechutiniqe,4655,1701,17.86771753597983,7.613663387444562
4656,ecenivri,4656,1701,23.29078502003222,5.572824168995108
4657,vudichtinechutiniqe,4657,1701,,
4658,carquelihrexasorkaor,4658,1701,10.229936335592736,5.115008122706702
4659,ecenivri,4659,1701,12.66402168141732,0.7506042559604795
4660,soquoginuniq,4660,393,,
4661,itseidlaelextu,4661,393,,
4662,vudichtinechutiniqe,4662,393,,
4663,quozagchofuquuri,4663,393,,
4664,aturrooqel,4664,393,9.039577354316089,3.0581660744055776
4665,itseidlaelextu,4665,393,,
4666,itseidlaelextu,4666,393,,
4667,ansicqalob,4667,393,23.75829444277282,10.112485981207564
4668,saekep,4668,393,,
4669,vudichtinechutiniqe,4669,393,,
4670,vudichtinechutiniqe,4670,393,,
4671,ecenivri,4671,393,15.338234681572864,1.4245673115270605
4672,itseidlaelextu,4672,393,,
4673,itseidlaelextu,4673,393,,
4674,saekep,4674,393,,
4675,vudichtinechutiniqe,4675,393,,
4676,ecenivri,4676,393,14.75119277968424,1.4147899447646892
4677,vudichtinechutiniqe,4677,393,,
4678,carquelihrexasorkaor,4678,393,10.383489930488803,3.079402135154448
4679,ecenivri,4679,393,15.179976216700512,1.5741257687078063
4680,tuacreraste,4680,2049,42.38677805724606,17.32158385321772
4681,dorejif,4681,2049,23.758294442772826,9.846443204004112
4682,dorejif,4682,2049,23.75829444277282,6.634166882750633
4683,funeriwuir,4683,2049,39.60136398316555,14.136646015392722
4684,igavwel,4684,2049,,
4685,dorejif,4685,2049,,
4686,nyvulamru,4686,2049,29.890324773279893,16.032671644084317
4687,dorejif,4687,2049,41.11893219686566,17.554532224366014
4688,chursenolechiom,4688,2049,,
4689,etenlyl,4689,2049,26.164306639732576,11.890280258962266
4690,dorejif,4690,2049,32.211086592767565,14.705310886693088
4691,icdirheumleevvi,4691,2049,,
4692,icdirheumleevvi,4692,2049,,
4693,naugnejniet,4693,2049,23.75829444277281,7.804540757977428
4694,soquoginuniq,4694,2049,,
4695,icdirheumleevvi,4695,2049,,
4696,nyvulamru,4696,2049,29.05586233960448,17.15813964029513
4697,icdirheumleevvi,4697,2049,,
4698,sarohesgire,4698,2049,,
4699,saekep,4699,2049,39.522490683158,16.629969586756573
4700,tuacreraste,4700,1451,,
4701,dorejif,4701,1451,16.663958183435394,7.442412613664166
4702,dorejif,4702,1451,14.849553080065034,6.383843474873397
4703,funeriwuir,4703,1451,16.178883239822003,5.328745676056764
4704,igavwel,4704,1451,,
4705,dorejif,4705,1451,15.133683023482838,4.985826631406941
4706,nyvulamru,4706,1451,10.723623352465808,4.6602813749196885
4707,dorejif,4707,1451,15.175478216581537,6.306627269554591
4708,chursenolechiom,4708,1451,,
4709,etenlyl,4709,1451,13.543306900896743,4.400952400003758
4710,dorejif,4710,1451,17.483829328655478,6.840497704396384
4711,icdirheumleevvi,4711,1451,,
4712,icdirheumleevvi,4712,1451,,
4713,naugnejniet,4713,1451,14.75211093523392,5.08899223308754
4714,soquoginuniq,4714,1451,,
4715,icdirheumleevvi,4715,1451,,
4716,nyvulamru,4716,1451,12.92737001121268,4.731798822479316
4717,icdirheumleevvi,4717,1451,,
4718,sarohesgire,4718,1451,,
4719,saekep,4719,1451,,
4720,tuacreraste,4720,940,,
4721,dorejif,4721,940,17.51230642480912,7.053223649199808
4722,dorejif,4722,940,23.75829444277284,8.138212136141567
4723,funeriwuir,4723,940,17.41523969864589,5.983140447887288
4724,igavwel,4724,940,,
4725,dorejif,4725,940,19.67001102252234,6.645832133866422
4726,nyvulamru,4726,940,14.206303856744478,5.993945249485101
4727,dorejif,4727,940,14.466139661457088,5.147611885878129
4728,chursenolechiom,4728,940,,
4729,etenlyl,4729,940,19.93728229672736,6.631385319858503
4730,dorejif,4730,940,21.171014508779717,7.653840355845987
4731,icdirheumleevvi,4731,940,23.75829444277283,13.251597085194874
4732,icdirheumleevvi,4732,940,23.75829444277283,9.71717953928184
4733,naugnejniet,4733,940,23.75829444277283,8.777032989506159
4734,soquoginuniq,4734,940,,
4735,icdirheumleevvi,4735,940,23.75829444277282,23.75829444277281
4736,nyvulamru,4736,940,14.313946264299584,5.612006408750618
4737,icdirheumleevvi,4737,940,34.27992044552424,23.7582944427728
4738,sarohesgire,4738,940,,
4739,saekep,4739,940,,
4740,tuacreraste,4740,634,39.06080955178956,10.874817207641126
4741,dorejif,4741,634,18.0364389350306,6.044085548203826
4742,dorejif,4742,634,16.357686845449848,6.294561399951013
4743,funeriwuir,4743,634,43.56403215370414,14.713093971438294
4744,igavwel,4744,634,23.75829444277282,23.7582944427728
4745,dorejif,4745,634,15.87346471022717,4.904253411971064
4746,nyvulamru,4746,634,33.0572260117157,11.85258875713864
4747,dorejif,4747,634,13.614293314949222,5.839438077541198
4748,chursenolechiom,4748,634,,
4749,etenlyl,4749,634,36.70508479632869,15.836554830781497
4750,dorejif,4750,634,15.554192008485002,5.357447169372817
4751,icdirheumleevvi,4751,634,,
4752,icdirheumleevvi,4752,634,,
4753,naugnejniet,4753,634,14.214435311730265,4.875603292695815
4754,soquoginuniq,4754,634,30.587570663599955,20.36936210917936
4755,icdirheumleevvi,4755,634,,
4756,nyvulamru,4756,634,31.72861546793365,15.10914533986382
4757,icdirheumleevvi,4757,634,,
4758,sarohesgire,4758,634,,
4759,saekep,4759,634,14.89206343442645,5.560585635090438
4760,tuacreraste,4760,1219,,
4761,dorejif,4761,1219,,
4762,dorejif,4762,1219,,
4763,funeriwuir,4763,1219,10.674241739795695,3.016149111389211
4764,igavwel,4764,1219,,
4765,dorejif,4765,1219,,
4766,nyvulamru,4766,1219,7.749604671174546,1.8280455769922064
4767,dorejif,4767,1219,,
4768,chursenolechiom,4768,1219,,
4769,etenlyl,4769,1219,,
4770,dorejif,4770,1219,,
4771,icdirheumleevvi,4771,1219,,
4772,icdirheumleevvi,4772,1219,,
4773,naugnejniet,4773,1219,11.482037697950302,2.103047934830287
4774,soquoginuniq,4774,1219,,
4775,icdirheumleevvi,4775,1219,,
4776,nyvulamru,4776,1219,,
4777,icdirheumleevvi,4777,1219,,
4778,sarohesgire,4778,1219,,
4779,saekep,4779,1219,,
4780,tuacreraste,4780,2258,26.261626700465666,7.221119549070623
4781,dorejif,4781,2258,23.75829444277284,5.734721160597266
4782,dorejif,4782,2258,23.75829444277281,5.787128810034035
4783,funeriwuir,4783,2258,23.75829444277282,7.076270222651639
4784,igavwel,4784,2258,23.75829444277282,23.75829444277282
4785,dorejif,4785,2258,23.75829444277281,8.408180316001486
4786,nyvulamru,4786,2258,19.530404775910984,7.932486230702702
4787,dorejif,4787,2258,23.75829444277281,6.109604188870952
4788,chursenolechiom,4788,2258,,
4789,etenlyl,4789,2258,23.75829444277282,9.845191686118284
4790,dorejif,4790,2258,23.75829444277284,9.01898822761811
4791,icdirheumleevvi,4791,2258,,
4792,icdirheumleevvi,4792,2258,,
4793,naugnejniet,4793,2258,19.15674628231349,7.782728716906958
4794,soquoginuniq,4794,2258,,
4795,icdirheumleevvi,4795,2258,,
4796,nyvulamru,4796,2258,17.0383538430397,7.622287931778328
4797,icdirheumleevvi,4797,2258,,
4798,sarohesgire,4798,2258,,
4799,saekep,4799,2258,19.253590076606717,6.746945745350283
4800,tanarilaw,4800,916,,
4801,dynechievwa,4801,916,16.876329311672606,6.311659624968214
4802,icdirheumleevvi,4802,916,44.45530313275349,23.75829444277282
4803,itseidlaelextu,4803,916,,
4804,tuacreraste,4804,916,9.281707855341097,2.999679485268952
4805,icdirheumleevvi,4805,916,23.7582944427728,23.7582944427728
4806,itseidlaelextu,4806,916,,
4807,sarohesgire,4807,916,,
4808,itseidlaelextu,4808,916,,
4809,dumequahcasojpechro,4809,916,,
4810,itseidlaelextu,4810,916,,
4811,itseidlaelextu,4811,916,,
4812,itseidlaelextu,4812,916,,
4813,itseidlaelextu,4813,916,,
4814,itseidlaelextu,4814,916,,
4815,tuacreraste,4815,916,9.861404898252417,3.279957763368037
4816,itseidlaelextu,4816,916,,
4817,olsycher,4817,916,,
4818,itseidlaelextu,4818,916,,
4819,lesdohanusre,4819,916,12.782629513440224,3.468481079841815
4820,tanarilaw,4820,1052,,
4821,dynechievwa,4821,1052,13.335885538955338,6.316892889858784
4822,icdirheumleevvi,4822,1052,36.139962269252656,23.75829444277283
4823,itseidlaelextu,4823,1052,,
4824,tuacreraste,4824,1052,11.382162121804472,4.174432641919144
4825,icdirheumleevvi,4825,1052,23.75829444277283,23.75829444277281
4826,itseidlaelextu,4826,1052,,
4827,sarohesgire,4827,1052,,
4828,itseidlaelextu,4828,1052,,
4829,dumequahcasojpechro,4829,1052,,
4830,itseidlaelextu,4830,1052,,
4831,itseidlaelextu,4831,1052,,
4832,itseidlaelextu,4832,1052,,
4833,itseidlaelextu,4833,1052,,
4834,itseidlaelextu,4834,1052,,
4835,tuacreraste,4835,1052,11.429408327178084,3.01056395058139
4836,itseidlaelextu,4836,1052,,
4837,olsycher,4837,1052,,
4838,itseidlaelextu,4838,1052,,
4839,lesdohanusre,4839,1052,13.60103534954861,4.089698932675952
4840,tanarilaw,4840,2194,,
4841,dynechievwa,4841,2194,23.7582944427728,8.058945889285587
4842,icdirheumleevvi,4842,2194,,
4843,itseidlaelextu,4843,2194,,
4844,tuacreraste,4844,2194,22.300954320503887,4.102365831779122
4845,icdirheumleevvi,4845,2194,,
4846,itseidlaelextu,4846,2194,,
4847,sarohesgire,4847,2194,,
4848,itseidlaelextu,4848,2194,,
4849,dumequahcasojpechro,4849,2194,,
4850,itseidlaelextu,4850,2194,,
4851,itseidlaelextu,4851,2194,,
4852,itseidlaelextu,4852,2194,,
4853,itseidlaelextu,4853,2194,,
4854,itseidlaelextu,4854,2194,,
4855,tuacreraste,4855,2194,20.84430676611583,3.821231462565145
4856,itseidlaelextu,4856,2194,,
4857,olsycher,4857,2194,13.26079501987402,4.225466114047317
4858,itseidlaelextu,4858,2194,,
4859,lesdohanusre,4859,2194,16.41501294490998,3.0612371011624546
4860,tanarilaw,4860,557,,
4861,dynechievwa,4861,557,16.854939790750457,5.832994062421818
4862,icdirheumleevvi,4862,557,45.98320152803613,23.75829444277282
4863,itseidlaelextu,4863,557,,
4864,tuacreraste,4864,557,,
4865,icdirheumleevvi,4865,557,,
4866,itseidlaelextu,4866,557,,
4867,sarohesgire,4867,557,,
4868,itseidlaelextu,4868,557,,
4869,dumequahcasojpechro,4869,557,,
4870,itseidlaelextu,4870,557,,
4871,itseidlaelextu,4871,557,,
4872,itseidlaelextu,4872,557,,
4873,itseidlaelextu,4873,557,,
4874,itseidlaelextu,4874,557,,
4875,tuacreraste,4875,557,,
4876,itseidlaelextu,4876,557,,
4877,olsycher,4877,557,,
4878,itseidlaelextu,4878,557,,
4879,lesdohanusre,4879,557,16.259144154442204,4.789776622507157
4880,tanarilaw,4880,1043,,
4881,tanarilaw,4881,1043,,
4882,icdirheumleevvi,4882,1043,,
4883,itseidlaelextu,4883,1043,,
4884,tuacreraste,4884,1043,,
4885,icdirheumleevvi,4885,1043,,
4886,itseidlaelextu,4886,1043,,
4887,sarohesgire,4887,1043,,
4888,itseidlaelextu,4888,1043,,
4889,dumequahcasojpechro,4889,1043,,
4890,itseidlaelextu,4890,1043,,
4891,itseidlaelextu,4891,1043,,
4892,itseidlaelextu,4892,1043,,
4893,itseidlaelextu,4893,1043,,
4894,itseidlaelextu,4894,1043,,
4895,tuacreraste,4895,1043,,
4896,itseidlaelextu,4896,1043,,
4897,olsycher,4897,1043,,
4898,itseidlaelextu,4898,1043,,
4899,lesdohanusre,4899,1043,12.655979531071727,4.404453887618355
4900,tanarilaw,4900,1431,23.758294442772826,23.75829444277282
4901,dynechievwa,4901,1431,15.060062070521695,5.075906820836936
4902,icdirheumleevvi,4902,1431,40.394126943783085,23.75829444277282
4903,itseidlaelextu,4903,1431,,
4904,tuacreraste,4904,1431,11.06838817060476,3.3019763338956194
4905,icdirheumleevvi,4905,1431,23.75829444277282,23.75829444277282
4906,itseidlaelextu,4906,1431,,
4907,sarohesgire,4907,1431,,
4908,itseidlaelextu,4908,1431,,
4909,dumequahcasojpechro,4909,1431,,
4910,itseidlaelextu,4910,1431,,
4911,itseidlaelextu,4911,1431,,
4912,itseidlaelextu,4912,1431,,
4913,itseidlaelextu,4913,1431,,
4914,itseidlaelextu,4914,1431,,
4915,tuacreraste,4915,1431,12.427394225298386,3.50652216148199
4916,itseidlaelextu,4916,1431,,
4917,olsycher,4917,1431,9.107852504540508,2.764693709000535
4918,itseidlaelextu,4918,1431,,
4919,lesdohanusre,4919,1431,9.87333660503314,3.350622775555949
4920,tanarilaw,4920,2187,,
4921,dynechievwa,4921,2187,12.42590551693428,4.134520590422066
4922,icdirheumleevvi,4922,2187,34.07355256453178,23.75829444277281
4923,itseidlaelextu,4923,2187,,
4924,tuacreraste,4924,2187,,
4925,icdirheumleevvi,4925,2187,33.78507606183,23.75829444277282
4926,itseidlaelextu,4926,2187,,
4927,sarohesgire,4927,2187,,
4928,itseidlaelextu,4928,2187,,
4929,dumequahcasojpechro,4929,2187,,
4930,itseidlaelextu,4930,2187,,
4931,itseidlaelextu,4931,2187,,
4932,itseidlaelextu,4932,2187,,
4933,itseidlaelextu,4933,2187,,
4934,itseidlaelextu,4934,2187,,
4935,tuacreraste,4935,2187,,
4936,itseidlaelextu,4936,2187,,
4937,olsycher,4937,2187,10.4109025216675,3.412224090820956
4938,itseidlaelextu,4938,2187,,
4939,lesdohanusre,4939,2187,11.923972965496189,2.0500483205263875
4940,tuacreraste,4940,1015,17.760235983044733,6.002154169750223
4941,qutestesageigen,4941,1015,15.574514818955675,4.715436099583682
4942,gelerutec,4942,1015,,
4943,itseidlaelextu,4943,1015,,
4944,gelerutec,4944,1015,,
4945,gelerutec,4945,1015,,
4946,gelerutec,4946,1015,,
4947,gelerutec,4947,1015,,
4948,gelerutec,4948,1015,,
4949,gelerutec,4949,1015,,
4950,gelerutec,4950,1015,,
4951,gelerutec,4951,1015,,
4952,gelerutec,4952,1015,,
4953,tuacreraste,4953,1015,20.71077923619366,6.882620435709667
4954,itseidlaelextu,4954,1015,,
4955,gelerutec,4955,1015,,
4956,gelerutec,4956,1015,,
4957,gelerutec,4957,1015,,
4958,gelerutec,4958,1015,,
4959,gelerutec,4959,1015,,
4960,tuacreraste,4960,2024,30.662350738930076,10.919123632968557
4961,qutestesageigen,4961,2024,34.465207331766976,11.968894370466153
4962,gelerutec,4962,2024,,
4963,itseidlaelextu,4963,2024,,
4964,gelerutec,4964,2024,,
4965,gelerutec,4965,2024,,
4966,gelerutec,4966,2024,,
4967,gelerutec,4967,2024,,
4968,gelerutec,4968,2024,,
4969,gelerutec,4969,2024,,
4970,gelerutec,4970,2024,,
4971,gelerutec,4971,2024,,
4972,gelerutec,4972,2024,,
4973,tuacreraste,4973,2024,36.04824138957864,10.595599550840156
4974,itseidlaelextu,4974,2024,,
4975,gelerutec,4975,2024,,
4976,gelerutec,4976,2024,,
4977,gelerutec,4977,2024,,
4978,gelerutec,4978,2024,,
4979,gelerutec,4979,2024,,
4980,tuacreraste,4980,1765,16.081225758468157,3.7210793747993822
4981,qutestesageigen,4981,1765,15.136589277317816,4.481215156482742
4982,gelerutec,4982,1765,,
4983,itseidlaelextu,4983,1765,,
4984,gelerutec,4984,1765,,
4985,gelerutec,4985,1765,,
4986,gelerutec,4986,1765,,
4987,gelerutec,4987,1765,,
4988,gelerutec,4988,1765,,
4989,gelerutec,4989,1765,,
4990,gelerutec,4990,1765,,
4991,gelerutec,4991,1765,,
4992,gelerutec,4992,1765,,
4993,tuacreraste,4993,1765,11.733040534678109,3.737035907526372
4994,itseidlaelextu,4994,1765,,
4995,gelerutec,4995,1765,,
4996,gelerutec,4996,1765,,
4997,gelerutec,4997,1765,,
4998,gelerutec,4998,1765,,
4999,gelerutec,4999,1765,,
5000,tuacreraste,5000,535,29.44401843866752,10.139467791198298
5001,qutestesageigen,5001,535,28.94290222874828,8.117830028055739
5002,gelerutec,5002,535,,
5003,itseidlaelextu,5003,535,,
5004,gelerutec,5004,535,,
5005,gelerutec,5005,535,,
5006,gelerutec,5006,535,,
5007,gelerutec,5007,535,,
5008,gelerutec,5008,535,,
5009,gelerutec,5009,535,,
5010,gelerutec,5010,535,,
5011,gelerutec,5011,535,,
5012,gelerutec,5012,535,,
5013,tuacreraste,5013,535,29.540632542178333,9.12121365297594
5014,itseidlaelextu,5014,535,,
5015,gelerutec,5015,535,,
5016,gelerutec,5016,535,,
5017,gelerutec,5017,535,,
5018,gelerutec,5018,535,,
5019,gelerutec,5019,535,,
5020,gelerutec,5020,355,,
5021,gelerutec,5021,355,,
5022,gelerutec,5022,355,,
5023,gelerutec,5023,355,,
5024,gelerutec,5024,355,,
5025,gelerutec,5025,355,,
5026,gelerutec,5026,355,,
5027,gelerutec,5027,355,,
5028,gelerutec,5028,355,,
5029,tuacreraste,5029,355,23.758294442772787,3.8615653282194495
5030,aturrooqel,5030,355,16.642466171903394,3.773785549373183
5031,idpaadoressapneav,5031,355,14.10592687101591,2.8964169628055068
5032,tuacreraste,5032,355,23.7582944427728,4.160967201055307
5033,gelerutec,5033,355,,
5034,ynqoronnicheeq,5034,355,14.088984645031394,4.296784968263456
5035,ecenivri,5035,355,20.396358877660127,2.0470483688033334
5036,aturrooqel,5036,355,15.26080932014537,4.814922386936781
5037,tuacreraste,5037,355,23.7582944427728,3.679149111508079
5038,ingifokraelgaimche,5038,355,13.285091159821471,3.02995071497756
5039,fosineqgu,5039,355,18.11790811040614,3.065410422022242
5040,gelerutec,5040,1785,,
5041,gelerutec,5041,1785,,
5042,gelerutec,5042,1785,,
5043,gelerutec,5043,1785,,
5044,gelerutec,5044,1785,,
5045,gelerutec,5045,1785,,
5046,gelerutec,5046,1785,,
5047,gelerutec,5047,1785,,
5048,gelerutec,5048,1785,,
5049,tuacreraste,5049,1785,34.95170266365109,14.52894767257664
5050,aturrooqel,5050,1785,33.265571935606566,15.596661968723293
5051,idpaadoressapneav,5051,1785,28.738924259276764,10.741463958667447
5052,tuacreraste,5052,1785,34.10733056801121,9.849686862145816
5053,gelerutec,5053,1785,,
5054,ynqoronnicheeq,5054,1785,35.415802341912645,16.554534785907407
5055,ecenivri,5055,1785,33.57685311275826,8.45084563878392
5056,aturrooqel,5056,1785,32.48864755632815,12.5256870360766
5057,tuacreraste,5057,1785,34.8421628021327,14.526309480841938
5058,ingifokraelgaimche,5058,1785,29.801003560956605,11.386503681630458
5059,fosineqgu,5059,1785,34.513387993458366,10.343222815033764
5060,gelerutec,5060,135,,
5061,gelerutec,5061,135,,
5062,gelerutec,5062,135,,
5063,gelerutec,5063,135,,
5064,gelerutec,5064,135,,
5065,gelerutec,5065,135,,
5066,gelerutec,5066,135,,
5067,gelerutec,5067,135,,
5068,gelerutec,5068,135,,
5069,tuacreraste,5069,135,17.322678014381836,2.83923911240906
5070,aturrooqel,5070,135,11.795721195896595,2.699648591055585
5071,idpaadoressapneav,5071,135,10.533102508061551,2.549364087275612
5072,tuacreraste,5072,135,15.789248930432787,3.888598424695215
5073,gelerutec,5073,135,,
5074,ynqoronnicheeq,5074,135,10.63044706067879,3.283879783609142
5075,ecenivri,5075,135,18.109743025392596,0.6768573187179366
5076,aturrooqel,5076,135,12.453173995204686,4.215983082782365
5077,tuacreraste,5077,135,16.934287602156285,3.706502574223368
5078,ingifokraelgaimche,5078,135,12.468190909813776,3.7327117704934727
5079,fosineqgu,5079,135,13.371158089701044,2.765645503156326
5080,gelerutec,5080,1075,,
5081,gelerutec,5081,1075,,
5082,gelerutec,5082,1075,,
5083,gelerutec,5083,1075,,
5084,gelerutec,5084,1075,,
5085,gelerutec,5085,1075,,
5086,gelerutec,5086,1075,,
5087,gelerutec,5087,1075,,
5088,gelerutec,5088,1075,,
5089,tuacreraste,5089,1075,23.7582944427728,6.156718403967452
5090,aturrooqel,5090,1075,16.762091769608514,6.179664045598892
5091,idpaadoressapneav,5091,1075,15.244866899442044,6.33913920036715
5092,tuacreraste,5092,1075,25.251155985384397,6.069342985562318
5093,gelerutec,5093,1075,,
5094,ynqoronnicheeq,5094,1075,17.932047960222015,7.173549874084697
5095,ecenivri,5095,1075,30.43479242785089,2.8219850525958305
5096,aturrooqel,5096,1075,18.901192095600592,6.75501418938084
5097,tuacreraste,5097,1075,20.315234980987604,5.733801335446483
5098,ingifokraelgaimche,5098,1075,18.791503559741884,6.03659776500788
5099,fosineqgu,5099,1075,23.215406327995392,5.473161031599459
5100,gelerutec,5100,1589,,
5101,gelerutec,5101,1589,,
5102,gelerutec,5102,1589,,
5103,gelerutec,5103,1589,,
5104,gelerutec,5104,1589,,
5105,gelerutec,5105,1589,,
5106,gelerutec,5106,1589,,
5107,gelerutec,5107,1589,,
5108,gelerutec,5108,1589,,
5109,tuacreraste,5109,1589,,
5110,aturrooqel,5110,1589,14.699072383296263,2.72724367200206
5111,idpaadoressapneav,5111,1589,7.274982905232782,2.706507026148561
5112,tuacreraste,5112,1589,,
5113,gelerutec,5113,1589,,
5114,ynqoronnicheeq,5114,1589,8.1336954580729,2.8427485913816755
5115,ecenivri,5115,1589,27.5607484501135,1.4217511180062832
5116,aturrooqel,5116,1589,15.061437152134504,3.361974438047666
5117,tuacreraste,5117,1589,,
5118,ingifokraelgaimche,5118,1589,9.693516123175282,2.9474207364158187
5119,fosineqgu,5119,1589,,
5120,aturrooqel,5120,1466,8.047388276170299,1.7074076859805911
5121,dotrutole,5121,1466,7.547484194390474,2.8071736536863567
5122,ingifokraelgaimche,5122,1466,6.425565622776571,1.4879626186327286
5123,mixmotegefwe,5123,1466,23.75829444277282,8.853031810103731
5124,ecenivri,5124,1466,12.197298583850849,1.3485517239908118
5125,quniocsulafryt,5125,1466,,
5126,ingifokraelgaimche,5126,1466,6.553795498470423,1.5390364899703806
5127,lesdohanusre,5127,1466,8.542711852256062,3.07797758167413
5128,dorejif,5128,1466,6.8900933964857085,1.823880790953687
5129,dotrutole,5129,1466,9.276741004993928,3.064044837860113
5130,aturrooqel,5130,1466,10.018545408616772,1.900951795131412
5131,quniocsulafryt,5131,1466,3.200189302741021,1.5246798736184908
5132,olepneet,5132,1466,,
5133,zavpomyisab,5133,1466,6.515035029466676,1.4886021747190017
5134,lesdohanusre,5134,1466,12.235028265458151,3.1537464028917257
5135,aturrooqel,5135,1466,9.690683385020938,1.7475234710900476
5136,lesdohanusre,5136,1466,8.721000081002302,2.000865945616343
5137,tuacreraste,5137,1466,9.601685845942075,1.8716523635610969
5138,zavpomyisab,5138,1466,8.17806525947762,2.310858396565433
5139,dotrutole,5139,1466,9.706490246182272,2.426298150595572
5140,aturrooqel,5140,204,,
5141,dotrutole,5141,204,,
5142,ingifokraelgaimche,5142,204,,
5143,mixmotegefwe,5143,204,,
5144,ecenivri,5144,204,,
5145,quniocsulafryt,5145,204,,
5146,ingifokraelgaimche,5146,204,8.946339499173927,2.8177969290147584
5147,lesdohanusre,5147,204,8.23581718022067,0.9991847714782812
5148,dorejif,5148,204,,
5149,dotrutole,5149,204,4.341864440762094,1.3718289712433378
5150,aturrooqel,5150,204,,
5151,quniocsulafryt,5151,204,1.9132942975952696,0.899278917159397
5152,olepneet,5152,204,,
5153,zavpomyisab,5153,204,,
5154,lesdohanusre,5154,204,,
5155,aturrooqel,5155,204,,
5156,lesdohanusre,5156,204,,
5157,tuacreraste,5157,204,,
5158,zavpomyisab,5158,204,,
5159,dotrutole,5159,204,,
5160,aturrooqel,5160,1925,23.75829444277283,7.299692726664901
5161,dotrutole,5161,1925,23.7582944427728,5.753914831668663
5162,ingifokraelgaimche,5162,1925,7.465423540988678,2.682189079924393
5163,mixmotegefwe,5163,1925,23.75829444277284,9.701267836645092
5164,ecenivri,5164,1925,23.96428460776328,6.194708572575388
5165,quniocsulafryt,5165,1925,23.75829444277283,23.75829444277281
5166,ingifokraelgaimche,5166,1925,5.969830820639553,2.18588251242626
5167,lesdohanusre,5167,1925,24.68090821031632,4.713612382551911
5168,dorejif,5168,1925,8.812116541183055,2.995919139581228
5169,dotrutole,5169,1925,23.7582944427728,7.123137922766197
5170,aturrooqel,5170,1925,19.92991688593941,7.003523471900147
5171,quniocsulafryt,5171,1925,5.845579525923154,3.022707463370056
5172,olepneet,5172,1925,17.912115578575413,6.747457105528372
5173,zavpomyisab,5173,1925,21.304309768070254,6.715784861872477
5174,lesdohanusre,5174,1925,23.75829444277281,5.961955700317064
5175,aturrooqel,5175,1925,17.963455422447655,6.819390315023288
5176,lesdohanusre,5176,1925,26.42705103771368,8.239488704737514
5177,tuacreraste,5177,1925,,
5178,zavpomyisab,5178,1925,,
5179,dotrutole,5179,1925,23.75829444277282,7.070711940140877
5180,pabegatuol,5180,1463,9.564291414871375,3.781131445845419
5181,lesdohanusre,5181,1463,9.733721420811609,1.882530371220436
5182,zavpomyisab,5182,1463,,
5183,dotrutole,5183,1463,7.631890641680241,2.40305099147436
5184,lesdohanusre,5184,1463,7.100128359153446,1.3815386082904026
5185,tuacreraste,5185,1463,,
5186,zavpomyisab,5186,1463,,
5187,olteneva,5187,1463,,
5188,quozagchofuquuri,5188,1463,,
5189,lesdohanusre,5189,1463,12.104929870694944,3.989569381935733
5190,fosineqgu,5190,1463,10.415033511852547,2.7963788460673062
5191,olteneva,5191,1463,,
5192,quniocsulafryt,5192,1463,7.01584971036327,4.355564554994007
5193,lesdohanusre,5193,1463,10.635183244576536,2.1455459845633498
5194,olteneva,5194,1463,6.204702229508193,3.3474224992505226
5195,dotrutole,5195,1463,11.790243325795895,1.9666732416567196
5196,duotutholechquaig,5196,1463,9.313849905334736,2.390593094318723
5197,sarohesgire,5197,1463,,
5198,vudichtinechutiniqe,5198,1463,5.627459727449645,2.7812167879457226
5199,iztuzaseurdosecir,5199,1463,9.136942418381215,2.4847022317777743
5200,pabegatuol,5200,1959,16.76880477639641,7.723565410941635
5201,lesdohanusre,5201,1959,18.24241041632492,6.379059108310418
5202,zavpomyisab,5202,1959,,
5203,dotrutole,5203,1959,14.52102992343,5.133872326679239
5204,lesdohanusre,5204,1959,18.84780956225508,5.896335666068639
5205,tuacreraste,5205,1959,,
5206,zavpomyisab,5206,1959,,
5207,olteneva,5207,1959,,
5208,quozagchofuquuri,5208,1959,,
5209,lesdohanusre,5209,1959,18.250299026549957,5.555936668554299
5210,fosineqgu,5210,1959,18.313285578003192,5.598608750696045
5211,olteneva,5211,1959,,
5212,quniocsulafryt,5212,1959,,
5213,lesdohanusre,5213,1959,17.202828609201465,5.527217053059879
5214,olteneva,5214,1959,,
5215,dotrutole,5215,1959,16.641437612566104,4.616552955055614
5216,duotutholechquaig,5216,1959,15.768732014506366,5.298977456814781
5217,sarohesgire,5217,1959,,
5218,vudichtinechutiniqe,5218,1959,,
5219,iztuzaseurdosecir,5219,1959,,
5220,pabegatuol,5220,1365,8.089441029499318,2.184404338860177
5221,lesdohanusre,5221,1365,10.08173007322556,1.4400765493396783
5222,zavpomyisab,5222,1365,6.866026099894563,1.6764718982425897
5223,dotrutole,5223,1365,6.431303582719615,1.765554749932164
5224,lesdohanusre,5224,1365,9.172497634752531,0.9267642725092856
5225,tuacreraste,5225,1365,10.250629422349547,1.1631567300354164
5226,zavpomyisab,5226,1365,6.034759758219648,1.356755662159184
5227,olteneva,5227,1365,,
5228,quozagchofuquuri,5228,1365,4.6292248667771005,0.7815162547248155
5229,lesdohanusre,5229,1365,8.438371425234742,1.7378348246866906
5230,fosineqgu,5230,1365,,
5231,olteneva,5231,1365,,
5232,quniocsulafryt,5232,1365,,
5233,lesdohanusre,5233,1365,8.951950331186358,2.194463045959324
5234,olteneva,5234,1365,,
5235,dotrutole,5235,1365,6.932389063887902,1.761123080631496
5236,duotutholechquaig,5236,1365,6.434356558076937,0.7370419582605359
5237,sarohesgire,5237,1365,,
5238,vudichtinechutiniqe,5238,1365,,
5239,iztuzaseurdosecir,5239,1365,9.014969994536504,2.556693590359838
5240,pabegatuol,5240,478,19.32294391009839,4.893455775684718
5241,lesdohanusre,5241,478,18.870706282049035,6.859168756629424
5242,zavpomyisab,5242,478,,
5243,dotrutole,5243,478,15.37809865879786,3.7453072086875983
5244,lesdohanusre,5244,478,14.276613129505808,3.089214241712137
5245,tuacreraste,5245,478,,
5246,zavpomyisab,5246,478,,
5247,olteneva,5247,478,,
5248,quozagchofuquuri,5248,478,,
5249,lesdohanusre,5249,478,15.909372595971806,3.9669648847557313
5250,fosineqgu,5250,478,,
5251,olteneva,5251,478,,
5252,quniocsulafryt,5252,478,8.175986678203907,3.4684810798528094
5253,lesdohanusre,5253,478,15.63868752365806,4.3257315699597845
5254,olteneva,5254,478,,
5255,dotrutole,5255,478,12.296827927806737,5.195760811738564
5256,duotutholechquaig,5256,478,9.587596178359728,1.7508808679719077
5257,sarohesgire,5257,478,,
5258,vudichtinechutiniqe,5258,478,,
5259,iztuzaseurdosecir,5259,478,,
5260,pabegatuol,5260,179,12.90454453700573,3.264688230496568
5261,lesdohanusre,5261,179,13.970864184366672,2.4847022317906724
5262,zavpomyisab,5262,179,11.004176437622863,2.446186669940957
5263,dotrutole,5263,179,14.600132879566567,1.746674534338449
5264,lesdohanusre,5264,179,10.031340323694533,2.0737243910482546
5265,tuacreraste,5265,179,12.023715260250448,2.010672327947163
5266,zavpomyisab,5266,179,10.585905163477596,2.058279095102262
5267,olteneva,5267,179,4.49796383024711,2.7265218822583037
5268,quozagchofuquuri,5268,179,,
5269,lesdohanusre,5269,179,14.007466209736789,2.4233790307943583
5270,fosineqgu,5270,179,,
5271,olteneva,5271,179,4.251234724481413,2.99059111714773
5272,quniocsulafryt,5272,179,6.793937818335243,2.719210536223455
5273,lesdohanusre,5273,179,16.710489517498658,3.1140420545652723
5274,olteneva,5274,179,,
5275,dotrutole,5275,179,10.956916421189888,1.8641125499509592
5276,duotutholechquaig,5276,179,14.387811722349808,1.3405470426860535
5277,sarohesgire,5277,179,,
5278,vudichtinechutiniqe,5278,179,7.330881789807014,2.036575786912392
5279,iztuzaseurdosecir,5279,179,,
5280,lesdohanusre,5280,1049,11.033861887071534,3.06813567238138
5281,olteneva,5281,1049,9.905737796734693,6.262934651150368
5282,vudichtinechutiniqe,5282,1049,,
5283,olteneva,5283,1049,12.299657286378114,6.031463744060161
5284,igavwel,5284,1049,23.75829444277283,23.75829444277282
5285,vudichtinechutiniqe,5285,1049,,
5286,fircemtefwaapud,5286,1049,17.0599343272885,6.409883346848784
5287,lesdohanusre,5287,1049,12.143795094023004,2.8782408578178007
5288,igavwel,5288,1049,23.75829444277282,23.75829444277282
5289,vudichtinechutiniqe,5289,1049,,
5290,olteneva,5290,1049,8.559795318537667,4.376615149448012
5291,vudichtinechutiniqe,5291,1049,,
5292,lesdohanusre,5292,1049,14.368345362804517,3.8846767943433336
5293,quniocsulafryt,5293,1049,7.499565272870133,3.150392740033628
5294,lesdohanusre,5294,1049,14.010872280602184,3.635573381776583
5295,raechtiwoteenci,5295,1049,,
5296,aturrooqel,5296,1049,10.75219774008602,2.544547982328332
5297,lesdohanusre,5297,1049,12.811949018022542,2.314099688263842
5298,olteneva,5298,1049,10.493343137124814,5.329368087660091
5299,raechtiwoteenci,5299,1049,8.396868462978519,1.7755696462575998
5300,lesdohanusre,5300,830,16.006571116054698,3.917431743217577
5301,olteneva,5301,830,,
5302,vudichtinechutiniqe,5302,830,,
5303,olteneva,5303,830,,
5304,igavwel,5304,830,,
5305,vudichtinechutiniqe,5305,830,,
5306,fircemtefwaapud,5306,830,,
5307,lesdohanusre,5307,830,15.485520443708833,2.2194765282438533
5308,igavwel,5308,830,,
5309,vudichtinechutiniqe,5309,830,,
5310,olteneva,5310,830,,
5311,vudichtinechutiniqe,5311,830,,
5312,lesdohanusre,5312,830,14.516105876533947,2.8843914176007703
5313,quniocsulafryt,5313,830,11.060196762612378,8.276557857172952
5314,lesdohanusre,5314,830,15.023161519329175,3.721682205457277
5315,raechtiwoteenci,5315,830,,
5316,aturrooqel,5316,830,13.830921231778149,2.308451386107169
5317,lesdohanusre,5317,830,10.950169249561744,1.5924452966501428
5318,olteneva,5318,830,,
5319,raechtiwoteenci,5319,830,15.06143715205368,2.9181347799615827
5320,lesdohanusre,5320,1382,23.7582944427728,7.516382655031155
5321,olteneva,5321,1382,16.572097987625728,8.478363930914067
5322,vudichtinechutiniqe,5322,1382,16.15070768375734,5.682526710100833
5323,olteneva,5323,1382,17.076860388168402,10.069606457345357
5324,igavwel,5324,1382,,
5325,vudichtinechutiniqe,5325,1382,15.219129020949213,5.148753770975294
5326,fircemtefwaapud,5326,1382,23.75829444277282,9.313865668861135
5327,lesdohanusre,5327,1382,32.41527701899423,5.367114389630924
5328,igavwel,5328,1382,,
5329,vudichtinechutiniqe,5329,1382,17.41075044990815,5.314885145343272
5330,olteneva,5330,1382,14.595506310934065,6.695776966230101
5331,vudichtinechutiniqe,5331,1382,15.008573485930144,5.5367714544055
5332,lesdohanusre,5332,1382,21.10036428725558,6.945305564664947
5333,quniocsulafryt,5333,1382,14.496552584799655,10.42700894812359
5334,lesdohanusre,5334,1382,30.84530273896417,7.331482589823891
5335,raechtiwoteenci,5335,1382,,
5336,aturrooqel,5336,1382,25.38732728567137,7.7294490017251425
5337,lesdohanusre,5337,1382,25.54877133385476,6.023607746993377
5338,olteneva,5338,1382,17.988148359029456,9.964332247730814
5339,raechtiwoteenci,5339,1382,20.564312887960615,9.81759419432701
5340,lesdohanusre,5340,1271,12.205563265988111,2.930034619285965
5341,olteneva,5341,1271,,
5342,vudichtinechutiniqe,5342,1271,,
5343,olteneva,5343,1271,9.267642725137868,3.52849312951798
5344,igavwel,5344,1271,23.75829444277282,23.75829444277282
5345,vudichtinechutiniqe,5345,1271,,
5346,fircemtefwaapud,5346,1271,15.09149441249376,4.023101153885545
5347,lesdohanusre,5347,1271,17.738356793682193,2.210893461942711
5348,igavwel,5348,1271,23.75829444277283,23.75829444277282
5349,vudichtinechutiniqe,5349,1271,,
5350,olteneva,5350,1271,6.750426580462757,4.0308304619753335
5351,vudichtinechutiniqe,5351,1271,,
5352,lesdohanusre,5352,1271,11.348654904215817,2.0474044406147973
5353,quniocsulafryt,5353,1271,5.44578617060446,2.6254267021645856
5354,lesdohanusre,5354,1271,10.472390715641795,2.314612433401291
5355,raechtiwoteenci,5355,1271,15.880530558391031,1.3365984419275434
5356,aturrooqel,5356,1271,11.99633815121579,2.721315460182176
5357,lesdohanusre,5357,1271,18.4338696738406,2.730230986328828
5358,olteneva,5358,1271,5.394726946495581,2.525115598533392
5359,raechtiwoteenci,5359,1271,15.185166676828048,2.888806047848393
5360,lesdohanusre,5360,2222,9.618784881858083,2.1617029971918926
5361,olteneva,5361,2222,,
5362,vudichtinechutiniqe,5362,2222,12.057270222328926,1.879095663752827
5363,olteneva,5363,2222,,
5364,igavwel,5364,2222,,
5365,vudichtinechutiniqe,5365,2222,10.560935952682968,3.066173076336037
5366,fircemtefwaapud,5366,2222,12.283735161284572,6.1418675806455205
5367,lesdohanusre,5367,2222,13.73616148522688,3.888598424695215
5368,igavwel,5368,2222,23.75829444277282,23.75829444277282
5369,vudichtinechutiniqe,5369,2222,9.004451148317536,2.777915482508039
5370,olteneva,5370,2222,,
5371,vudichtinechutiniqe,5371,2222,10.929412562112027,2.3518016391624013
5372,lesdohanusre,5372,2222,16.82177821639424,5.026901419099385
5373,quniocsulafryt,5373,2222,6.857916461376835,5.138763663599468
5374,lesdohanusre,5374,2222,14.446821554585432,3.7485294976892343
5375,raechtiwoteenci,5375,2222,,
5376,aturrooqel,5376,2222,12.424142713733549,3.3046835867167963
5377,lesdohanusre,5377,2222,16.46340754144097,2.2300100998998884
5378,olteneva,5378,2222,,
5379,raechtiwoteenci,5379,2222,14.949420422388863,2.4476128211037165
5380,lesdohanusre,5380,1942,7.319447190067676,1.503276530992541
5381,olteneva,5381,1942,,
5382,vudichtinechutiniqe,5382,1942,,
5383,olteneva,5383,1942,5.474101583074399,2.8447621073108764
5384,igavwel,5384,1942,,
5385,vudichtinechutiniqe,5385,1942,,
5386,fircemtefwaapud,5386,1942,10.81596305497874,4.48331670323555
5387,lesdohanusre,5387,1942,7.633990136162895,1.3106426033081215
5388,igavwel,5388,1942,23.75829444277282,23.7582944427728
5389,vudichtinechutiniqe,5389,1942,,
5390,olteneva,5390,1942,3.735857093794695,2.4027225651823843
5391,vudichtinechutiniqe,5391,1942,,
5392,lesdohanusre,5392,1942,8.26065901826983,1.4925676161384414
5393,quniocsulafryt,5393,1942,4.175250696334315,1.540037830565665
5394,lesdohanusre,5394,1942,7.227522284074975,1.0905205638508635
5395,raechtiwoteenci,5395,1942,,
5396,aturrooqel,5396,1942,6.1202569397843565,1.1902991061117696
5397,lesdohanusre,5397,1942,7.362426878019961,1.7963147232507484
5398,olteneva,5398,1942,,
5399,raechtiwoteenci,5399,1942,6.17093853973694,2.254914796512304
5400,vudichtinechutiniqe,5400,980,,
5401,lijies,5401,980,15.952525139151046,3.832464948718708
5402,raechtiwoteenci,5402,980,11.28514951623182,2.9161215787578785
5403,vudichtinechutiniqe,5403,980,,
5404,lesdohanusre,5404,980,15.7158512402302,4.187399817075848
5405,raechtiwoteenci,5405,980,13.599696740409607,3.98275542413204
5406,fiahlamuawetulko,5406,980,12.844663227192266,3.521831375093882
5407,vudichtinechutiniqe,5407,980,,
5408,quniocsulafryt,5408,980,10.89875484978399,6.106915157600874
5409,igavwel,5409,980,23.75829444277282,23.75829444277281
5410,raechtiwoteenci,5410,980,13.64364546539435,2.2736216457624563
5411,lesdohanusre,5411,980,14.605081366037636,3.614817310372488
5412,fircemtefwaapud,5412,980,19.3229439100984,6.1894685016184
5413,raechtiwoteenci,5413,980,13.271842103059846,3.0836054149809966
5414,olteneva,5414,980,,
5415,vudichtinechutiniqe,5415,980,,
5416,vudichtinechutiniqe,5416,980,,
5417,degocig,5417,980,13.60103534954862,3.3079345690677564
5418,gesitcetiridakbe,5418,980,,
5419,raechtiwoteenci,5419,980,14.500233298635884,2.0976581872974016
5420,vudichtinechutiniqe,5420,378,,
5421,lijies,5421,378,12.39202396740579,1.9521743336761543
5422,raechtiwoteenci,5422,378,14.043565120119942,2.37503508873576
5423,vudichtinechutiniqe,5423,378,,
5424,lesdohanusre,5424,378,10.541698783943158,2.640176641400107
5425,raechtiwoteenci,5425,378,8.366591073393463,1.7450011842603776
5426,fiahlamuawetulko,5426,378,6.195790428061636,1.9808791725889252
5427,vudichtinechutiniqe,5427,378,,
5428,quniocsulafryt,5428,378,6.627243838832946,2.628556469446945
5429,igavwel,5429,378,,
5430,raechtiwoteenci,5430,378,10.013461097349031,2.423863658134159
5431,lesdohanusre,5431,378,9.48436374788645,2.6533510497422417
5432,fircemtefwaapud,5432,378,13.76556084569994,2.75077539221526
5433,raechtiwoteenci,5433,378,12.847480564439074,2.605836833537588
5434,olteneva,5434,378,5.3807746672221874,2.8390792934728943
5435,vudichtinechutiniqe,5435,378,,
5436,vudichtinechutiniqe,5436,378,,
5437,degocig,5437,378,11.447901211022844,1.9023911276205696
5438,gesitcetiridakbe,5438,378,8.839277933995234,1.796000190803711
5439,raechtiwoteenci,5439,378,9.82141437619529,1.96667324166622
5440,vudichtinechutiniqe,5440,593,39.01656470901729,17.848992691372974
5441,lijies,5441,593,38.88352810925606,14.83813627913841
5442,raechtiwoteenci,5442,593,42.26435038161005,21.62090096715177
5443,vudichtinechutiniqe,5443,593,40.35491106617472,18.393590521774005
5444,lesdohanusre,5444,593,37.26936249131898,15.11179408161308
5445,raechtiwoteenci,5445,593,50.558551969546,14.111080355277224
5446,fiahlamuawetulko,5446,593,,
5447,vudichtinechutiniqe,5447,593,43.00707152302977,21.47694970675435
5448,quniocsulafryt,5448,593,40.31208659953935,25.32680369877375
5449,igavwel,5449,593,,
5450,raechtiwoteenci,5450,593,43.207416108272895,16.773722172374356
5451,lesdohanusre,5451,593,37.924033368769294,16.35053670443482
5452,fircemtefwaapud,5452,593,23.7582944427728,11.515360653037382
5453,raechtiwoteenci,5453,593,46.15543106834262,16.66857192734145
5454,olteneva,5454,593,40.09727821483137,26.2415416794548
5455,vudichtinechutiniqe,5455,593,38.66822863774116,16.86539489321406
5456,vudichtinechutiniqe,5456,593,37.269362491318994,15.6437047125075
5457,degocig,5457,593,88.03608035936176,18.519349343593483
5458,gesitcetiridakbe,5458,593,45.60602604076001,13.160532387242576
5459,raechtiwoteenci,5459,593,39.11236527646808,20.06471495446877
5460,vudichtinechutiniqe,5460,675,,
5461,lijies,5461,675,23.75829444277283,8.831629094704509
5462,raechtiwoteenci,5462,675,23.75829444277281,4.0851730605310985
5463,vudichtinechutiniqe,5463,675,,
5464,lesdohanusre,5464,675,21.701759927238605,8.739297504913088
5465,raechtiwoteenci,5465,675,19.840375214290905,8.951950331162113
5466,fiahlamuawetulko,5466,675,,
5467,vudichtinechutiniqe,5467,675,,
5468,quniocsulafryt,5468,675,14.043565120086516,8.786628993329966
5469,igavwel,5469,675,,
5470,raechtiwoteenci,5470,675,23.7582944427728,8.835368757626448
5471,lesdohanusre,5471,675,27.88467565393511,8.237439269008565
5472,fircemtefwaapud,5472,675,23.75829444277281,10.665125645072193
5473,raechtiwoteenci,5473,675,23.758294442772787,9.197840573165433
5474,olteneva,5474,675,20.81007514742459,12.561784542494513
5475,vudichtinechutiniqe,5475,675,,
5476,vudichtinechutiniqe,5476,675,,
5477,degocig,5477,675,23.302588257879943,8.795230115785628
5478,gesitcetiridakbe,5478,675,20.39563488212584,9.3971189659192
5479,raechtiwoteenci,5479,675,23.75829444277281,5.745312436048918
5480,vudichtinechutiniqe,5480,441,18.31328557805056,8.50404067576526
5481,lijies,5481,441,21.52193558548369,7.372112592673537
5482,raechtiwoteenci,5482,441,23.75829444277282,4.386316045750373
5483,vudichtinechutiniqe,5483,441,18.242410416324883,10.502804220796513
5484,lesdohanusre,5484,441,23.75829444277282,8.293835500043967
5485,raechtiwoteenci,5485,441,23.75829444277281,7.803280479130209
5486,fiahlamuawetulko,5486,441,17.6355074157448,7.831426264564981
5487,vudichtinechutiniqe,5487,441,21.46836503419973,8.657307482996165
5488,quniocsulafryt,5488,441,13.643645465394398,7.026232174699511
5489,igavwel,5489,441,,
5490,raechtiwoteenci,5490,441,23.7582944427728,8.076253758197264
5491,lesdohanusre,5491,441,25.50762707164137,8.674376832857469
5492,fircemtefwaapud,5492,441,23.75829444277282,9.720197157749086
5493,raechtiwoteenci,5493,441,23.75829444277283,6.694329619465893
5494,olteneva,5494,441,19.5819265663487,12.971870555975844
5495,vudichtinechutiniqe,5495,441,19.852034864822752,8.175986678254514
5496,vudichtinechutiniqe,5496,441,22.004743012139592,10.55382263487418
5497,degocig,5497,441,25.0099320302926,9.21911799932686
5498,gesitcetiridakbe,5498,441,,
5499,raechtiwoteenci,5499,441,29.55364780082457,7.499565272872855
5500,vudichtinechutiniqe,5500,127,15.780158421991674,4.774195079586296
5501,lijies,5501,127,19.88101595301287,6.823651855973115
5502,raechtiwoteenci,5502,127,23.758294442772787,8.50343639213047
5503,vudichtinechutiniqe,5503,127,16.941461935506286,4.8011046919388525
5504,lesdohanusre,5504,127,23.7582944427728,5.094862647508948
5505,raechtiwoteenci,5505,127,23.75829444277282,6.42967716653228
5506,fiahlamuawetulko,5506,127,13.31460855415368,4.247386033670612
5507,vudichtinechutiniqe,5507,127,19.31549338197428,6.475910861335841
5508,quniocsulafryt,5508,127,9.758081052305718,6.168915885816458
5509,igavwel,5509,127,,
5510,raechtiwoteenci,5510,127,23.7582944427728,4.306017907853046
5511,lesdohanusre,5511,127,18.669080403758027,4.844121919982444
5512,fircemtefwaapud,5512,127,23.75829444277281,8.47836393091302
5513,raechtiwoteenci,5513,127,23.7582944427728,7.433495450073585
5514,olteneva,5514,127,17.87804252868648,10.860740223159134
5515,vudichtinechutiniqe,5515,127,17.37765013392761,6.356579093237674
5516,vudichtinechutiniqe,5516,127,17.024276499824666,7.338328233481379
5517,degocig,5517,127,18.80618637659933,5.791951930574866
5518,gesitcetiridakbe,5518,127,18.348588135804164,6.187895080748287
5519,raechtiwoteenci,5519,127,23.75829444277282,4.081973190266075
5520,nyvulamru,5520,1044,13.584145352392902,3.7949295440527777
5521,quniocsulafryt,5521,1044,12.921630021940498,7.042929022089194
5522,lesdohanusre,5522,1044,19.895855391562176,6.021065533378629
5523,chursenolechiom,5523,1044,,
5524,quniocsulafryt,5524,1044,10.191180454463264,5.428382552288433
5525,acpoirnogofipca,5525,1044,16.221177480266526,5.234121011423918
5526,nyvulamru,5526,1044,9.754108124965638,4.391668314043272
5527,leohgoeboher,5527,1044,17.58354795390238,9.610195162528433
5528,fircemtefwaapud,5528,1044,16.66736560178503,6.580266193635389
5529,degocig,5529,1044,16.604125885988235,5.474101583092314
5530,dosycfut,5530,1044,17.340275924515332,14.570685084527192
5531,quniocsulafryt,5531,1044,15.109145339816592,8.71717766939357
5532,fosineqgu,5532,1044,,
5533,nyvulamru,5533,1044,13.509769339830164,6.606208579391388
5534,gesitcetiridakbe,5534,1044,,
5535,dorejif,5535,1044,15.123288207811097,6.2093564152601415
5536,nyvulamru,5536,1044,12.628686653440422,4.238523871414025
5537,lesdohanusre,5537,1044,17.377650133940318,5.083611556893134
5538,saekep,5538,1044,13.22630514228665,3.8737562125121503
5539,fosineqgu,5539,1044,,
5540,nyvulamru,5540,1323,8.616637582626245,1.699348647402974
5541,quniocsulafryt,5541,1323,3.587603744059718,1.4431827451833803
5542,lesdohanusre,5542,1323,12.09675489713537,2.220721913217884
5543,chursenolechiom,5543,1323,23.75829444277282,23.75829444277282
5544,quniocsulafryt,5544,1323,7.150446659913517,3.9016402395801326
5545,acpoirnogofipca,5545,1323,5.182705511949261,1.2727285622676854
5546,nyvulamru,5546,1323,5.818948878199471,1.4879626186196355
5547,leohgoeboher,5547,1323,,
5548,fircemtefwaapud,5548,1323,23.75829444277282,4.438026855006822
5549,degocig,5549,1323,11.419156396663515,2.3980434515595355
5550,dosycfut,5550,1323,7.026336032111509,4.942656268149984
5551,quniocsulafryt,5551,1323,6.325204967180051,3.4751627087061405
5552,fosineqgu,5552,1323,,
5553,nyvulamru,5553,1323,5.512867719332829,1.7519287350027597
5554,gesitcetiridakbe,5554,1323,10.728756319684717,1.7663258189343696
5555,dorejif,5555,1323,9.041237747777194,2.3252701906652598
5556,nyvulamru,5556,1323,6.152293108656579,1.6877751961922172
5557,lesdohanusre,5557,1323,16.818449208467698,2.485021004855932
5558,saekep,5558,1323,9.095276367909417,2.101039643489625
5559,fosineqgu,5559,1323,,
5560,nyvulamru,5560,1133,17.118952787226462,5.092845051270097
5561,quniocsulafryt,5561,1133,9.5191765811934,4.50982959300578
5562,lesdohanusre,5562,1133,23.75829444277282,6.790559613215749
5563,chursenolechiom,5563,1133,,
5564,quniocsulafryt,5564,1133,8.71246049036051,4.116054174201518
5565,acpoirnogofipca,5565,1133,22.222007184401317,7.070055416808484
5566,nyvulamru,5566,1133,19.134277114371493,5.690040294670746
5567,leohgoeboher,5567,1133,20.635360603920297,10.628513317895068
5568,fircemtefwaapud,5568,1133,23.7582944427728,6.9203915248557
5569,degocig,5569,1133,20.919376455717245,5.9330733153871975
5570,dosycfut,5570,1133,,
5571,quniocsulafryt,5571,1133,12.857344730665938,7.888098745219448
5572,fosineqgu,5572,1133,,
5573,nyvulamru,5573,1133,18.03609552995644,6.517222743585806
5574,gesitcetiridakbe,5574,1133,,
5575,dorejif,5575,1133,23.75829444277283,6.245083617409586
5576,nyvulamru,5576,1133,17.575316966828435,6.316889690907197
5577,lesdohanusre,5577,1133,35.79178110208056,5.079855655688846
5578,saekep,5578,1133,18.92927486139042,7.415643924681693
5579,fosineqgu,5579,1133,,
5580,nyvulamru,5580,109,9.10804530050556,1.3815386082978771
5581,quniocsulafryt,5581,109,7.591213055761971,2.9277788760298997
5582,lesdohanusre,5582,109,12.017736727723788,2.6522441492564326
5583,chursenolechiom,5583,109,,
5584,quniocsulafryt,5584,109,4.395160495649271,1.968165746425327
5585,acpoirnogofipca,5585,109,11.813710307270624,2.16826806661843
5586,nyvulamru,5586,109,7.74731194195896,2.315880714270725
5587,leohgoeboher,5587,109,9.218600405732824,5.0718723675660415
5588,fircemtefwaapud,5588,109,13.704256629544885,2.6420666910359167
5589,degocig,5589,109,10.113978989989532,2.505942658091184
5590,dosycfut,5590,109,16.59534654008318,11.707015274077134
5591,quniocsulafryt,5591,109,6.649349770924367,2.932313662050593
5592,fosineqgu,5592,109,,
5593,nyvulamru,5593,109,8.54434441184931,2.056305295264828
5594,gesitcetiridakbe,5594,109,,
5595,dorejif,5595,109,,
5596,nyvulamru,5596,109,7.137355241362732,2.0075322207317274
5597,lesdohanusre,5597,109,12.79993843066477,2.1195909827220745
5598,saekep,5598,109,10.60322676989392,2.089198260818596
5599,fosineqgu,5599,109,,
5600,nyvulamru,5600,2329,6.442383487251078,1.1171225355750078
5601,quniocsulafryt,5601,2329,5.30008562381724,2.152309866895727
5602,lesdohanusre,5602,2329,9.855448914877035,2.341549705559765
5603,chursenolechiom,5603,2329,,
5604,quniocsulafryt,5604,2329,4.846818645691738,2.104296915564181
5605,acpoirnogofipca,5605,2329,5.092171309015655,0.8695018021492663
5606,nyvulamru,5606,2329,4.335495524719766,1.2722162903490355
5607,leohgoeboher,5607,2329,9.410701896071496,4.2976562031069845
5608,fircemtefwaapud,5608,2329,11.352599646972326,2.5654932456325072
5609,degocig,5609,2329,9.128936678810122,1.1813817429349285
5610,dosycfut,5610,2329,8.698594479824026,8.12724014104645
5611,quniocsulafryt,5611,2329,4.753777791034056,3.0800756611488094
5612,fosineqgu,5612,2329,,
5613,nyvulamru,5613,2329,5.623074937285691,1.0745848502504265
5614,gesitcetiridakbe,5614,2329,,
5615,dorejif,5615,2329,6.5903843605752925,1.1757879089043874
5616,nyvulamru,5616,2329,5.695224302208687,1.4653429775942963
5617,lesdohanusre,5617,2329,11.70228576581468,1.4335485950724876
5618,saekep,5618,2329,5.478841078891191,1.324774748932946
5619,fosineqgu,5619,2329,,
5620,nyvulamru,5620,427,,
5621,quniocsulafryt,5621,427,,
5622,lesdohanusre,5622,427,,
5623,chursenolechiom,5623,427,,
5624,quniocsulafryt,5624,427,,
5625,acpoirnogofipca,5625,427,13.744254999153917,2.332403841395433
5626,nyvulamru,5626,427,,
5627,leohgoeboher,5627,427,,
5628,fircemtefwaapud,5628,427,,
5629,degocig,5629,427,7.930283402414637,0.7290303946911947
5630,dosycfut,5630,427,,
5631,quniocsulafryt,5631,427,,
5632,fosineqgu,5632,427,,
5633,nyvulamru,5633,427,,
5634,gesitcetiridakbe,5634,427,,
5635,dorejif,5635,427,,
5636,nyvulamru,5636,427,,
5637,lesdohanusre,5637,427,,
5638,saekep,5638,427,,
5639,fosineqgu,5639,427,,
5640,nyvulamru,5640,794,17.88188134845397,5.380024253337926
5641,quniocsulafryt,5641,794,9.916625708654877,5.066615631963856
5642,lesdohanusre,5642,794,23.75829444277282,4.271477372039231
5643,chursenolechiom,5643,794,,
5644,quniocsulafryt,5644,794,10.032979426816016,4.770380226907603
5645,acpoirnogofipca,5645,794,19.448425717212416,5.3202035181053935
5646,nyvulamru,5646,794,16.37014508795657,5.09975920091244
5647,leohgoeboher,5647,794,16.653128504321877,8.70179530753102
5648,fircemtefwaapud,5648,794,23.75829444277282,4.3889260919028805
5649,degocig,5649,794,21.18197551680573,4.042850686143766
5650,dosycfut,5650,794,18.48443034776581,9.587759725353676
5651,quniocsulafryt,5651,794,8.818053278165403,3.9043486673934287
5652,fosineqgu,5652,794,,
5653,nyvulamru,5653,794,14.739245474866694,4.547469298415373
5654,gesitcetiridakbe,5654,794,,
5655,dorejif,5655,794,13.044065910613703,3.948315475605966
5656,nyvulamru,5656,794,12.626176856917734,4.703603278296669
5657,lesdohanusre,5657,794,23.75829444277282,3.618268016949296
5658,saekep,5658,794,,
5659,fosineqgu,5659,794,,
5660,quniocsulafryt,5660,1919,,
5661,leohgoeboher,5661,1919,,
5662,itseidlaelextu,5662,1919,,
5663,osumtaetneochir,5663,1919,,
5664,nyleesdoewrenu,5664,1919,,
5665,leohgoeboher,5665,1919,,
5666,firpervagowohannod,5666,1919,,
5667,nyleesdoewrenu,5667,1919,,
5668,leohgoeboher,5668,1919,,
5669,nyvulamru,5669,1919,,
5670,leohgoeboher,5670,1919,,
5671,degocig,5671,1919,6.340760930191604,1.354980976949124
5672,dorejif,5672,1919,,
5673,ecenivri,5673,1919,5.5832571765338095,0.5182836681843502
5674,sarohesgire,5674,1919,,
5675,lesdohanusre,5675,1919,,
5676,tatigpog,5676,1919,,
5677,emnuselnenfymengo,5677,1919,5.379792286018866,1.1026374590052956
5678,loenxezi,5678,1919,,
5679,nyleesdoewrenu,5679,1919,,
5680,quniocsulafryt,5680,1340,8.185444737156331,5.425609570242589
5681,leohgoeboher,5681,1340,17.89143581539013,9.870399290424755
5682,itseidlaelextu,5682,1340,,
5683,osumtaetneochir,5683,1340,15.032739563947478,4.323134312699097
5684,nyleesdoewrenu,5684,1340,,
5685,leohgoeboher,5685,1340,16.414763119065842,8.223939458764706
5686,firpervagowohannod,5686,1340,18.27394442500477,4.221133949792381
5687,nyleesdoewrenu,5687,1340,,
5688,leohgoeboher,5688,1340,16.789474096339774,9.4175256233219
5689,nyvulamru,5689,1340,12.322977686033637,4.144615824909956
5690,leohgoeboher,5690,1340,21.98316877826104,12.93426625073998
5691,degocig,5691,1340,13.92810613404042,4.633108412120593
5692,dorejif,5692,1340,12.583760756227136,4.7698440724032025
5693,ecenivri,5693,1340,20.01766404242004,3.546872286167579
5694,sarohesgire,5694,1340,,
5695,lesdohanusre,5695,1340,15.485520443738876,4.270049553875661
5696,tatigpog,5696,1340,16.278204222744016,4.497963830230206
5697,emnuselnenfymengo,5697,1340,14.442627443369409,4.293725705724267
5698,loenxezi,5698,1340,,
5699,nyleesdoewrenu,5699,1340,,
5700,quniocsulafryt,5700,1681,14.299604824566773,7.390650510704803
5701,leohgoeboher,5701,1681,,
5702,itseidlaelextu,5702,1681,,
5703,osumtaetneochir,5703,1681,20.19706347190438,9.331370352962352
5704,nyleesdoewrenu,5704,1681,,
5705,leohgoeboher,5705,1681,,
5706,firpervagowohannod,5706,1681,23.75829444277281,7.304669012501414
5707,nyleesdoewrenu,5707,1681,,
5708,leohgoeboher,5708,1681,,
5709,nyvulamru,5709,1681,15.596661968703945,7.975568292256805
5710,leohgoeboher,5710,1681,,
5711,degocig,5711,1681,20.458231945710256,9.107843801779442
5712,dorejif,5712,1681,,
5713,ecenivri,5713,1681,12.238280323407254,0.8501435766581641
5714,sarohesgire,5714,1681,,
5715,lesdohanusre,5715,1681,21.43193449022864,7.036578454658629
5716,tatigpog,5716,1681,,
5717,emnuselnenfymengo,5717,1681,20.48889223165056,6.356579093240651
5718,loenxezi,5718,1681,,
5719,nyleesdoewrenu,5719,1681,,
5720,quniocsulafryt,5720,1386,12.093851140570884,7.094387788175041
5721,leohgoeboher,5721,1386,17.599555588115432,10.829223806042462
5722,itseidlaelextu,5722,1386,,
5723,osumtaetneochir,5723,1386,20.564312887965155,7.423296925573663
5724,nyleesdoewrenu,5724,1386,,
5725,leohgoeboher,5725,1386,20.032825094565197,11.692580648848905
5726,firpervagowohannod,5726,1386,20.41679584395349,4.846818645668223
5727,nyleesdoewrenu,5727,1386,23.75829444277282,23.75829444277282
5728,leohgoeboher,5728,1386,17.261864477389267,10.437014862939384
5729,nyvulamru,5729,1386,13.1355191344445,5.284480681986982
5730,leohgoeboher,5730,1386,23.17069623279013,13.60370828868357
5731,degocig,5731,1386,18.313285578050557,6.356579093207452
5732,dorejif,5732,1386,18.805266828204623,7.427048619378858
5733,ecenivri,5733,1386,22.06180304382906,5.965782963681022
5734,sarohesgire,5734,1386,,
5735,lesdohanusre,5735,1386,16.096244484978584,5.537036619081007
5736,tatigpog,5736,1386,22.9276823746364,5.722151618830546
5737,emnuselnenfymengo,5737,1386,23.75829444277282,6.676508187417861
5738,loenxezi,5738,1386,10.426043172258606,9.988601137654925
5739,nyleesdoewrenu,5739,1386,,
5740,quniocsulafryt,5740,2105,23.758294442772787,11.086296920710266
5741,leohgoeboher,5741,2105,26.11689871667242,15.902703629456209
5742,itseidlaelextu,5742,2105,,
5743,osumtaetneochir,5743,2105,30.903109557312245,14.40076549334411
5744,nyleesdoewrenu,5744,2105,23.75829444277282,23.7582944427728
5745,leohgoeboher,5745,2105,30.79225329798487,18.027899275220253
5746,firpervagowohannod,5746,2105,31.345229165459624,10.232429199762649
5747,nyleesdoewrenu,5747,2105,23.75829444277283,23.75829444277282
5748,leohgoeboher,5748,2105,29.67583594337913,17.494366689236095
5749,nyvulamru,5749,2105,29.63147189294338,10.126491694627097
5750,leohgoeboher,5750,2105,31.4510296930622,19.81247567893547
5751,degocig,5751,2105,36.72736657637805,9.582817191753888
5752,dorejif,5752,2105,23.75829444277281,7.811224114015858
5753,ecenivri,5753,2105,34.69971780064389,9.535205765582912
5754,sarohesgire,5754,2105,,
5755,lesdohanusre,5755,2105,32.161175487561486,7.511145928100422
5756,tatigpog,5756,2105,32.28563482750291,8.557625292753302
5757,emnuselnenfymengo,5757,2105,37.47181906126858,7.970025373647174
5758,loenxezi,5758,2105,,
5759,nyleesdoewrenu,5759,2105,,
5760,itseidlaelextu,5760,293,,
5761,itseidlaelextu,5761,293,,
5762,itseidlaelextu,5762,293,,
5763,itseidlaelextu,5763,293,,
5764,itseidlaelextu,5764,293,,
5765,itseidlaelextu,5765,293,,
5766,itseidlaelextu,5766,293,,
5767,itseidlaelextu,5767,293,,
5768,itseidlaelextu,5768,293,,
5769,itseidlaelextu,5769,293,,
5770,itseidlaelextu,5770,293,,
5771,itseidlaelextu,5771,293,,
5772,itseidlaelextu,5772,293,,
5773,dorejif,5773,293,23.7582944427728,7.462652968491602
5774,itseidlaelextu,5774,293,,
5775,itseidlaelextu,5775,293,,
5776,itseidlaelextu,5776,293,,
5777,itseidlaelextu,5777,293,,
5778,itseidlaelextu,5778,293,,
5779,itseidlaelextu,5779,293,,
5780,itseidlaelextu,5780,1602,,
5781,itseidlaelextu,5781,1602,,
5782,itseidlaelextu,5782,1602,,
5783,itseidlaelextu,5783,1602,,
5784,itseidlaelextu,5784,1602,,
5785,itseidlaelextu,5785,1602,,
5786,itseidlaelextu,5786,1602,,
5787,itseidlaelextu,5787,1602,,
5788,itseidlaelextu,5788,1602,,
5789,itseidlaelextu,5789,1602,,
5790,itseidlaelextu,5790,1602,,
5791,itseidlaelextu,5791,1602,,
5792,itseidlaelextu,5792,1602,,
5793,dorejif,5793,1602,,
5794,itseidlaelextu,5794,1602,,
5795,itseidlaelextu,5795,1602,,
5796,itseidlaelextu,5796,1602,,
5797,itseidlaelextu,5797,1602,,
5798,itseidlaelextu,5798,1602,,
5799,itseidlaelextu,5799,1602,,
5800,itseidlaelextu,5800,1512,,
5801,itseidlaelextu,5801,1512,,
5802,itseidlaelextu,5802,1512,,
5803,itseidlaelextu,5803,1512,,
5804,itseidlaelextu,5804,1512,,
5805,itseidlaelextu,5805,1512,,
5806,itseidlaelextu,5806,1512,,
5807,itseidlaelextu,5807,1512,,
5808,itseidlaelextu,5808,1512,,
5809,itseidlaelextu,5809,1512,,
5810,itseidlaelextu,5810,1512,,
5811,itseidlaelextu,5811,1512,,
5812,itseidlaelextu,5812,1512,,
5813,dorejif,5813,1512,19.691275905465005,8.388052836172635
5814,itseidlaelextu,5814,1512,,
5815,itseidlaelextu,5815,1512,,
5816,itseidlaelextu,5816,1512,,
5817,itseidlaelextu,5817,1512,,
5818,itseidlaelextu,5818,1512,,
5819,itseidlaelextu,5819,1512,,
5820,itseidlaelextu,5820,1989,,
5821,itseidlaelextu,5821,1989,,
5822,itseidlaelextu,5822,1989,,
5823,itseidlaelextu,5823,1989,,
5824,itseidlaelextu,5824,1989,,
5825,itseidlaelextu,5825,1989,,
5826,itseidlaelextu,5826,1989,,
5827,itseidlaelextu,5827,1989,,
5828,itseidlaelextu,5828,1989,,
5829,itseidlaelextu,5829,1989,,
5830,itseidlaelextu,5830,1989,,
5831,itseidlaelextu,5831,1989,,
5832,itseidlaelextu,5832,1989,,
5833,dorejif,5833,1989,27.84766944596276,11.288226640538682
5834,itseidlaelextu,5834,1989,,
5835,itseidlaelextu,5835,1989,,
5836,itseidlaelextu,5836,1989,,
5837,itseidlaelextu,5837,1989,,
5838,itseidlaelextu,5838,1989,,
5839,itseidlaelextu,5839,1989,,
5840,itseidlaelextu,5840,521,,
5841,itseidlaelextu,5841,521,,
5842,otrarewcetga,5842,521,,
5843,itseidlaelextu,5843,521,,
5844,itseidlaelextu,5844,521,,
5845,olepneet,5845,521,15.398547769286484,5.857989373713424
5846,itseidlaelextu,5846,521,,
5847,itseidlaelextu,5847,521,,
5848,dorejif,5848,521,15.548907052626756,5.07366048864852
5849,itseidlaelextu,5849,521,,
5850,dorejif,5850,521,23.75829444277282,6.306135237016348
5851,fosineqgu,5851,521,,
5852,tatigpog,5852,521,19.34527827767747,4.364504961657003
5853,itseidlaelextu,5853,521,,
5854,gelerutec,5854,521,,
5855,gelerutec,5855,521,,
5856,gelerutec,5856,521,,
5857,dorejif,5857,521,15.31535579944768,4.409915183403568
5858,gelerutec,5858,521,,
5859,gelerutec,5859,521,,
5860,itseidlaelextu,5860,2149,,
5861,itseidlaelextu,5861,2149,,
5862,otrarewcetga,5862,2149,,
5863,itseidlaelextu,5863,2149,,
5864,itseidlaelextu,5864,2149,,
5865,olepneet,5865,2149,19.64531384659024,6.071628537352189
5866,itseidlaelextu,5866,2149,,
5867,itseidlaelextu,5867,2149,,
5868,dorejif,5868,2149,17.892946488585814,6.024390802050911
5869,itseidlaelextu,5869,2149,,
5870,dorejif,5870,2149,17.67526979441253,5.582774824002683
5871,fosineqgu,5871,2149,20.136311201045043,6.400657396409843
5872,tatigpog,5872,2149,21.584712714626093,4.725292681160046
5873,itseidlaelextu,5873,2149,,
5874,gelerutec,5874,2149,,
5875,gelerutec,5875,2149,,
5876,gelerutec,5876,2149,,
5877,dorejif,5877,2149,16.522602196665442,4.763867414846876
5878,gelerutec,5878,2149,,
5879,gelerutec,5879,2149,,
5880,itseidlaelextu,5880,1057,,
5881,itseidlaelextu,5881,1057,,
5882,otrarewcetga,5882,1057,,
5883,itseidlaelextu,5883,1057,,
5884,itseidlaelextu,5884,1057,,
5885,olepneet,5885,1057,18.40990664285691,6.488526644394365
5886,itseidlaelextu,5886,1057,,
5887,itseidlaelextu,5887,1057,,
5888,dorejif,5888,1057,23.7582944427728,7.159740962807574
5889,itseidlaelextu,5889,1057,,
5890,dorejif,5890,1057,23.7582944427728,7.199760832610933
5891,fosineqgu,5891,1057,21.37899020022245,6.713153593480704
5892,tatigpog,5892,1057,20.517962071457774,5.78898915065784
5893,itseidlaelextu,5893,1057,,
5894,gelerutec,5894,1057,,
5895,gelerutec,5895,1057,,
5896,gelerutec,5896,1057,,
5897,dorejif,5897,1057,23.75829444277283,5.713168898484287
5898,gelerutec,5898,1057,,
5899,gelerutec,5899,1057,,
5900,gelerutec,5900,1747,,
5901,gelerutec,5901,1747,,
5902,gelerutec,5902,1747,,
5903,gelerutec,5903,1747,,
5904,gelerutec,5904,1747,,
5905,gelerutec,5905,1747,,
5906,gelerutec,5906,1747,,
5907,dorejif,5907,1747,13.44470006000119,5.412017916966194
5908,gelerutec,5908,1747,,
5909,gelerutec,5909,1747,,
5910,gelerutec,5910,1747,,
5911,gelerutec,5911,1747,,
5912,quozagchofuquuri,5912,1747,16.86144302141188,5.5773696371001495
5913,gelerutec,5913,1747,,
5914,gelerutec,5914,1747,,
5915,gelerutec,5915,1747,,
5916,gelerutec,5916,1747,,
5917,gelerutec,5917,1747,,
5918,gelerutec,5918,1747,,
5919,gelerutec,5919,1747,,
5920,gelerutec,5920,1114,,
5921,gelerutec,5921,1114,,
5922,gelerutec,5922,1114,,
5923,gelerutec,5923,1114,,
5924,gelerutec,5924,1114,,
5925,gelerutec,5925,1114,,
5926,gelerutec,5926,1114,,
5927,dorejif,5927,1114,,
5928,gelerutec,5928,1114,,
5929,gelerutec,5929,1114,,
5930,gelerutec,5930,1114,,
5931,gelerutec,5931,1114,,
5932,quozagchofuquuri,5932,1114,,
5933,gelerutec,5933,1114,,
5934,gelerutec,5934,1114,,
5935,gelerutec,5935,1114,,
5936,gelerutec,5936,1114,,
5937,gelerutec,5937,1114,,
5938,gelerutec,5938,1114,,
5939,gelerutec,5939,1114,,
5940,gelerutec,5940,1839,,
5941,gelerutec,5941,1839,,
5942,gelerutec,5942,1839,,
5943,gelerutec,5943,1839,,
5944,gelerutec,5944,1839,,
5945,gelerutec,5945,1839,,
5946,gelerutec,5946,1839,,
5947,dorejif,5947,1839,23.75829444277283,7.499391709614407
5948,gelerutec,5948,1839,,
5949,gelerutec,5949,1839,,
5950,gelerutec,5950,1839,,
5951,gelerutec,5951,1839,,
5952,quozagchofuquuri,5952,1839,21.219786064664344,6.380024740985053
5953,gelerutec,5953,1839,,
5954,gelerutec,5954,1839,,
5955,gelerutec,5955,1839,,
5956,gelerutec,5956,1839,,
5957,gelerutec,5957,1839,,
5958,gelerutec,5958,1839,,
5959,gelerutec,5959,1839,,
5960,gelerutec,5960,1851,,
5961,gelerutec,5961,1851,,
5962,gelerutec,5962,1851,,
5963,gelerutec,5963,1851,,
5964,gelerutec,5964,1851,,
5965,gelerutec,5965,1851,,
5966,gelerutec,5966,1851,,
5967,dorejif,5967,1851,19.86057532083957,9.938434287743974
5968,gelerutec,5968,1851,,
5969,gelerutec,5969,1851,,
5970,gelerutec,5970,1851,,
5971,gelerutec,5971,1851,,
5972,quozagchofuquuri,5972,1851,20.88076513038708,7.256104780873257
5973,gelerutec,5973,1851,,
5974,gelerutec,5974,1851,,
5975,gelerutec,5975,1851,,
5976,gelerutec,5976,1851,,
5977,gelerutec,5977,1851,,
5978,gelerutec,5978,1851,,
5979,gelerutec,5979,1851,,
5980,gelerutec,5980,1427,,
5981,gelerutec,5981,1427,,
5982,gelerutec,5982,1427,,
5983,gelerutec,5983,1427,,
5984,gelerutec,5984,1427,,
5985,gelerutec,5985,1427,,
5986,gelerutec,5986,1427,,
5987,dorejif,5987,1427,9.069869028972684,2.1030634958415098
5988,gelerutec,5988,1427,,
5989,gelerutec,5989,1427,,
5990,gelerutec,5990,1427,,
5991,gelerutec,5991,1427,,
5992,quozagchofuquuri,5992,1427,,
5993,gelerutec,5993,1427,,
5994,gelerutec,5994,1427,,
5995,gelerutec,5995,1427,,
5996,gelerutec,5996,1427,,
5997,gelerutec,5997,1427,,
5998,gelerutec,5998,1427,,
5999,gelerutec,5999,1427,,
6000,gelerutec,6000,836,,
6001,gelerutec,6001,836,,
6002,aturrooqel,6002,836,24.316302209590223,7.086104908237351
6003,heowajbeel,6003,836,,
6004,iwdekworixujdorak,6004,836,30.65807610631088,8.761855829024556
6005,quozagchofuquuri,6005,836,,
6006,icdirheumleevvi,6006,836,,
6007,olepneet,6007,836,18.388169889344613,10.27995556758096
6008,iwdekworixujdorak,6008,836,29.68000832495956,11.022306024726992
6009,olepneet,6009,836,14.782612087841589,8.026196960146626
6010,erfylinpubsi,6010,836,28.03185489657167,12.437063723711166
6011,saekep,6011,836,29.37222611678992,9.926873121274454
6012,lesdohanusre,6012,836,30.964359875891525,6.838964975623177
6013,quniocsulafryt,6013,836,22.27514125909084,12.653844808744951
6014,leohgoeboher,6014,836,23.93741629171786,13.391910243546466
6015,saekep,6015,836,26.32499697746047,8.40896809988245
6016,leohgoeboher,6016,836,18.820981294497034,12.40791483004948
6017,fircemtefwaapud,6017,836,23.75829444277284,9.7337214208595
6018,leohgoeboher,6018,836,27.75721246569819,16.856012269772805
6019,lesdohanusre,6019,836,23.7582944427728,7.018705634693281
6020,gelerutec,6020,361,,
6021,gelerutec,6021,361,,
6022,aturrooqel,6022,361,13.54169479437554,3.243527845028839
6023,heowajbeel,6023,361,,
6024,iwdekworixujdorak,6024,361,15.17568483597413,3.663232198863271
6025,quozagchofuquuri,6025,361,,
6026,icdirheumleevvi,6026,361,,
6027,olepneet,6027,361,6.474414363994639,2.1615671563527696
6028,iwdekworixujdorak,6028,361,14.165101611783395,2.5911463960817547
6029,olepneet,6029,361,6.623321441737335,2.2105946095609004
6030,erfylinpubsi,6030,361,25.26173086243393,12.301708002450454
6031,saekep,6031,361,,
6032,lesdohanusre,6032,361,11.902960891561436,3.167310966173833
6033,quniocsulafryt,6033,361,18.09982751485621,11.592417935803446
6034,leohgoeboher,6034,361,11.8821278970356,5.845444410333118
6035,saekep,6035,361,12.73058462526453,2.5944024067159708
6036,leohgoeboher,6036,361,11.55512604120385,5.932321550343996
6037,fircemtefwaapud,6037,361,15.113999346872436,5.028876442375052
6038,leohgoeboher,6038,361,9.140508982459863,4.196925880273921
6039,lesdohanusre,6039,361,5.977930863888061,2.61248289566728
6040,leohgoeboher,6040,1441,11.893953170854324,5.715528013093788
6041,itseidlaelextu,6041,1441,,
6042,itseidlaelextu,6042,1441,,
6043,tehsidetegenichurgew,6043,1441,,
6044,itseidlaelextu,6044,1441,,
6045,itseidlaelextu,6045,1441,,
6046,itseidlaelextu,6046,1441,,
6047,itseidlaelextu,6047,1441,,
6048,itseidlaelextu,6048,1441,,
6049,firpervagowohannod,6049,1441,15.210275310431449,3.381026305228769
6050,itseidlaelextu,6050,1441,,
6051,itseidlaelextu,6051,1441,,
6052,itseidlaelextu,6052,1441,,
6053,itseidlaelextu,6053,1441,,
6054,itseidlaelextu,6054,1441,,
6055,itseidlaelextu,6055,1441,,
6056,itseidlaelextu,6056,1441,,
6057,itseidlaelextu,6057,1441,,
6058,itseidlaelextu,6058,1441,,
6059,itseidlaelextu,6059,1441,,
6060,leohgoeboher,6060,758,,
6061,itseidlaelextu,6061,758,,
6062,itseidlaelextu,6062,758,,
6063,tehsidetegenichurgew,6063,758,,
6064,itseidlaelextu,6064,758,,
6065,itseidlaelextu,6065,758,,
6066,itseidlaelextu,6066,758,,
6067,itseidlaelextu,6067,758,,
6068,itseidlaelextu,6068,758,,
6069,firpervagowohannod,6069,758,8.071162000859177,1.8171303317070668
6070,itseidlaelextu,6070,758,,
6071,itseidlaelextu,6071,758,,
6072,itseidlaelextu,6072,758,,
6073,itseidlaelextu,6073,758,,
6074,itseidlaelextu,6074,758,,
6075,itseidlaelextu,6075,758,,
6076,itseidlaelextu,6076,758,,
6077,itseidlaelextu,6077,758,,
6078,itseidlaelextu,6078,758,,
6079,itseidlaelextu,6079,758,,
6080,leohgoeboher,6080,735,16.967980126271204,9.718021859941938
6081,itseidlaelextu,6081,735,,
6082,itseidlaelextu,6082,735,,
6083,tehsidetegenichurgew,6083,735,,
6084,itseidlaelextu,6084,735,,
6085,itseidlaelextu,6085,735,,
6086,itseidlaelextu,6086,735,,
6087,itseidlaelextu,6087,735,,
6088,itseidlaelextu,6088,735,,
6089,firpervagowohannod,6089,735,16.641437612616983,4.166873223745047
6090,itseidlaelextu,6090,735,,
6091,itseidlaelextu,6091,735,,
6092,itseidlaelextu,6092,735,,
6093,itseidlaelextu,6093,735,,
6094,itseidlaelextu,6094,735,,
6095,itseidlaelextu,6095,735,,
6096,itseidlaelextu,6096,735,,
6097,itseidlaelextu,6097,735,,
6098,itseidlaelextu,6098,735,,
6099,itseidlaelextu,6099,735,,
6100,leohgoeboher,6100,158,,
6101,itseidlaelextu,6101,158,,
6102,itseidlaelextu,6102,158,,
6103,tehsidetegenichurgew,6103,158,,
6104,itseidlaelextu,6104,158,,
6105,itseidlaelextu,6105,158,,
6106,itseidlaelextu,6106,158,,
6107,itseidlaelextu,6107,158,,
6108,itseidlaelextu,6108,158,,
6109,firpervagowohannod,6109,158,7.0717941391311365,0.8055685165939661
6110,itseidlaelextu,6110,158,,
6111,itseidlaelextu,6111,158,,
6112,itseidlaelextu,6112,158,,
6113,itseidlaelextu,6113,158,,
6114,itseidlaelextu,6114,158,,
6115,itseidlaelextu,6115,158,,
6116,itseidlaelextu,6116,158,,
6117,itseidlaelextu,6117,158,,
6118,itseidlaelextu,6118,158,,
6119,itseidlaelextu,6119,158,,
6120,itseidlaelextu,6120,1762,,
6121,itseidlaelextu,6121,1762,,
6122,itseidlaelextu,6122,1762,,
6123,itseidlaelextu,6123,1762,,
6124,otodcetchaquaropri,6124,1762,,
6125,lesdohanusre,6125,1762,10.162929391846896,4.645636657302004
6126,otliawin,6126,1762,11.256654291154693,3.925948824814214
6127,firpervagowohannod,6127,1762,19.85928410175952,4.173914244701036
6128,ecenivri,6128,1762,17.497417524504147,2.8371742431914253
6129,zavpomyisab,6129,1762,,
6130,fitarwuas,6130,1762,23.75829444277282,10.086629296042435
6131,gelerutec,6131,1762,,
6132,fosineqgu,6132,1762,14.959999786618344,3.723983456535748
6133,gelerutec,6133,1762,,
6134,gelerutec,6134,1762,,
6135,gelerutec,6135,1762,,
6136,gelerutec,6136,1762,,
6137,gelerutec,6137,1762,,
6138,gelerutec,6138,1762,,
6139,gelerutec,6139,1762,,
6140,itseidlaelextu,6140,869,,
6141,itseidlaelextu,6141,869,,
6142,itseidlaelextu,6142,869,,
6143,itseidlaelextu,6143,869,,
6144,otodcetchaquaropri,6144,869,6.827738712607927,2.1459223151113007
6145,lesdohanusre,6145,869,5.792078673273205,2.2271697108729622
6146,otliawin,6146,869,11.06458976664014,1.8902356440215509
6147,firpervagowohannod,6147,869,9.152868727719426,3.705967783970656
6148,ecenivri,6148,869,15.29752518494008,1.1447492354738906
6149,zavpomyisab,6149,869,9.181210786619992,2.1641425425601444
6150,fitarwuas,6150,869,12.044413201689578,3.253109927486493
6151,gelerutec,6151,869,,
6152,fosineqgu,6152,869,9.709649919127822,2.357690744639716
6153,gelerutec,6153,869,,
6154,gelerutec,6154,869,,
6155,gelerutec,6155,869,,
6156,gelerutec,6156,869,,
6157,gelerutec,6157,869,,
6158,gelerutec,6158,869,,
6159,gelerutec,6159,869,,
6160,gelerutec,6160,978,,
6161,gelerutec,6161,978,,
6162,gelerutec,6162,978,,
6163,furuqzibumehew,6163,978,9.16621294913363,4.785621391664226
6164,fosineqgu,6164,978,,
6165,gelerutec,6165,978,,
6166,gelerutec,6166,978,,
6167,degocig,6167,978,10.573336293510184,1.7705599260525025
6168,gelerutec,6168,978,,
6169,gelerutec,6169,978,,
6170,gelerutec,6170,978,,
6171,gelerutec,6171,978,,
6172,gelerutec,6172,978,,
6173,gelerutec,6173,978,,
6174,gelerutec,6174,978,,
6175,gelerutec,6175,978,,
6176,gelerutec,6176,978,,
6177,gelerutec,6177,978,,
6178,gelerutec,6178,978,,
6179,gelerutec,6179,978,,
6180,gelerutec,6180,547,,
6181,gelerutec,6181,547,,
6182,gelerutec,6182,547,,
6183,furuqzibumehew,6183,547,30.26112989410817,18.24241041630794
6184,fosineqgu,6184,547,38.07733097193746,13.59969674043854
6185,gelerutec,6185,547,,
6186,gelerutec,6186,547,,
6187,degocig,6187,547,45.6757464624485,15.188193370971966
6188,gelerutec,6188,547,,
6189,gelerutec,6189,547,,
6190,gelerutec,6190,547,,
6191,gelerutec,6191,547,,
6192,gelerutec,6192,547,,
6193,gelerutec,6193,547,,
6194,gelerutec,6194,547,,
6195,gelerutec,6195,547,,
6196,gelerutec,6196,547,,
6197,gelerutec,6197,547,,
6198,gelerutec,6198,547,,
6199,gelerutec,6199,547,,
6200,gelerutec,6200,1608,,
6201,gelerutec,6201,1608,,
6202,gelerutec,6202,1608,,
6203,furuqzibumehew,6203,1608,8.191056972817027,3.8169950680626
6204,fosineqgu,6204,1608,23.75829444277283,6.953134350907112
6205,gelerutec,6205,1608,,
6206,gelerutec,6206,1608,,
6207,degocig,6207,1608,10.631676185746173,2.484702231780183
6208,gelerutec,6208,1608,,
6209,gelerutec,6209,1608,,
6210,gelerutec,6210,1608,,
6211,gelerutec,6211,1608,,
6212,gelerutec,6212,1608,,
6213,gelerutec,6213,1608,,
6214,gelerutec,6214,1608,,
6215,gelerutec,6215,1608,,
6216,gelerutec,6216,1608,,
6217,gelerutec,6217,1608,,
6218,gelerutec,6218,1608,,
6219,gelerutec,6219,1608,,
6220,gelerutec,6220,2308,,
6221,gelerutec,6221,2308,,
6222,gelerutec,6222,2308,,
6223,furuqzibumehew,6223,2308,,
6224,fosineqgu,6224,2308,,
6225,gelerutec,6225,2308,,
6226,gelerutec,6226,2308,,
6227,degocig,6227,2308,9.54469912782982,2.0115505769594546
6228,gelerutec,6228,2308,,
6229,gelerutec,6229,2308,,
6230,gelerutec,6230,2308,,
6231,gelerutec,6231,2308,,
6232,gelerutec,6232,2308,,
6233,gelerutec,6233,2308,,
6234,gelerutec,6234,2308,,
6235,gelerutec,6235,2308,,
6236,gelerutec,6236,2308,,
6237,gelerutec,6237,2308,,
6238,gelerutec,6238,2308,,
6239,gelerutec,6239,2308,,
6240,gelerutec,6240,801,,
6241,gelerutec,6241,801,,
6242,gelerutec,6242,801,,
6243,furuqzibumehew,6243,801,10.719480967915832,4.85887495674876
6244,fosineqgu,6244,801,,
6245,gelerutec,6245,801,,
6246,gelerutec,6246,801,,
6247,degocig,6247,801,23.75829444277282,3.610265460902269
6248,gelerutec,6248,801,,
6249,gelerutec,6249,801,,
6250,gelerutec,6250,801,,
6251,gelerutec,6251,801,,
6252,gelerutec,6252,801,,
6253,gelerutec,6253,801,,
6254,gelerutec,6254,801,,
6255,gelerutec,6255,801,,
6256,gelerutec,6256,801,,
6257,gelerutec,6257,801,,
6258,gelerutec,6258,801,,
6259,gelerutec,6259,801,,
6260,dorejif,6260,2293,,
6261,aturrooqel,6261,2293,,
6262,touhde,6262,2293,,
6263,olepneet,6263,2293,7.5736798308366655,2.5915996512368804
6264,dorejif,6264,2293,,
6265,fosineqgu,6265,2293,,
6266,tatigpog,6266,2293,,
6267,naugnejniet,6267,2293,9.047059930928832,3.4982410098383623
6268,aturrooqel,6268,2293,,
6269,idpaadoressapneav,6269,2293,5.8585508014717504,2.332001426492863
6270,tatigpog,6270,2293,,
6271,fosineqgu,6271,2293,,
6272,selcholemusowitirqua,6272,2293,5.305825234553812,2.3241668463174903
6273,catafewechu,6273,2293,,
6274,idpaadoressapneav,6274,2293,6.891164709914428,2.464214832199988
6275,tatigpog,6275,2293,,
6276,qynuaxfufygmoreper,6276,2293,11.350726397235835,2.7424818691349766
6277,seogix,6277,2293,,
6278,leresgodat,6278,2293,9.875468952141691,2.4756140011708383
6279,bopevtunagaet,6279,2293,,
6280,dorejif,6280,1149,16.01840276803923,3.733227247676876
6281,aturrooqel,6281,1149,13.240861577384605,4.7377060051879605
6282,touhde,6282,1149,14.338234913019788,3.912462701222646
6283,olepneet,6283,1149,13.260224290479846,5.260742288924069
6284,dorejif,6284,1149,13.254171298810656,3.401657125037622
6285,fosineqgu,6285,1149,13.898078741627891,4.20133136871392
6286,tatigpog,6286,1149,14.76413255526232,2.475430836268344
6287,naugnejniet,6287,1149,12.369068299067482,4.517162374876687
6288,aturrooqel,6288,1149,,
6289,idpaadoressapneav,6289,1149,13.60181778563907,4.571859198044573
6290,tatigpog,6290,1149,13.876040634112886,3.405041575537909
6291,fosineqgu,6291,1149,16.24495643860309,4.887977131674389
6292,selcholemusowitirqua,6292,1149,11.883619470168604,4.2267015210779695
6293,catafewechu,6293,1149,12.79993843066477,4.568085543151246
6294,idpaadoressapneav,6294,1149,11.976888590073605,3.914639748092959
6295,tatigpog,6295,1149,15.341539689758806,5.148753770947394
6296,qynuaxfufygmoreper,6296,1149,14.498829491696922,3.4575711177869133
6297,seogix,6297,1149,,
6298,leresgodat,6298,1149,23.75829444277282,3.478166256933461
6299,bopevtunagaet,6299,1149,16.674054094197025,4.486982967494618
6300,dorejif,6300,2263,17.771083536044273,6.097651287065151
6301,aturrooqel,6301,2263,17.06616399133773,5.85798937368841
6302,touhde,6302,2263,,
6303,olepneet,6303,2263,14.92192563475593,7.08174215214293
6304,dorejif,6304,2263,17.37697046094497,6.582412691627398
6305,fosineqgu,6305,2263,,
6306,tatigpog,6306,2263,22.232507769669912,8.17890422893243
6307,naugnejniet,6307,2263,16.166242032521442,8.845264805160989
6308,aturrooqel,6308,2263,17.160079632226168,5.185427674403582
6309,idpaadoressapneav,6309,2263,18.062413609325457,7.02032467013048
6310,tatigpog,6310,2263,17.839839334843663,8.28827514484281
6311,fosineqgu,6311,2263,,
6312,selcholemusowitirqua,6312,2263,16.02477724782045,8.643035835862065
6313,catafewechu,6313,2263,,
6314,idpaadoressapneav,6314,2263,16.65311666442878,7.406464137586254
6315,tatigpog,6315,2263,21.488469641469504,8.122478219284147
6316,qynuaxfufygmoreper,6316,2263,20.07436286939012,9.615163157502035
6317,seogix,6317,2263,,
6318,leresgodat,6318,2263,23.41453518925847,6.789644241822495
6319,bopevtunagaet,6319,2263,,
6320,dorejif,6320,1727,20.18518305313844,6.488858295062747
6321,aturrooqel,6321,1727,19.12809927472072,4.413361790312308
6322,touhde,6322,1727,22.004743012184765,7.593533581460097
6323,olepneet,6323,1727,15.262526942851276,6.780786016007504
6324,dorejif,6324,1727,16.570087198938406,5.135015589520824
6325,fosineqgu,6325,1727,,
6326,tatigpog,6326,1727,18.218724091105678,4.629859137488782
6327,naugnejniet,6327,1727,17.81063975603856,6.1873914433048975
6328,aturrooqel,6328,1727,21.14102133682175,5.166795103656479
6329,idpaadoressapneav,6329,1727,12.139559247121444,4.2996060712129465
6330,tatigpog,6330,1727,19.677251992253648,5.7812956230777255
6331,fosineqgu,6331,1727,,
6332,selcholemusowitirqua,6332,1727,13.742399494250929,6.397438783967424
6333,catafewechu,6333,1727,23.75829444277282,7.901144795482133
6334,idpaadoressapneav,6334,1727,20.062451150453374,6.70789631089418
6335,tatigpog,6335,1727,18.97561490154949,4.089698932645205
6336,qynuaxfufygmoreper,6336,1727,25.855998820952465,6.051873196956101
6337,seogix,6337,1727,,
6338,leresgodat,6338,1727,33.380389268814646,4.267583851595073
6339,bopevtunagaet,6339,1727,,
6340,risaca,6340,84,40.20385994682341,12.977879166322056
6341,lijies,6341,84,30.96174446194548,8.239711438731145
6342,fosineqgu,6342,84,31.95045124804641,8.39177004098247
6343,olepneet,6343,84,12.818919176261222,7.1920994535692975
6344,leehzewidqueegiriq,6344,84,30.540476608508733,10.470077219526974
6345,idpaadoressapneav,6345,84,25.01177177573874,9.32579786123487
6346,podcidum,6346,84,36.11655712731931,9.227532638904854
6347,deetpechgamervisehe,6347,84,,
6348,naugnejniet,6348,84,26.188835190864964,10.941288570069318
6349,siarsarchaquda,6349,84,23.92312106499353,11.39957727914942
6350,leehzewidqueegiriq,6350,84,29.412066779047542,8.743840691502673
6351,quozagchofuquuri,6351,84,30.192178715817928,7.506269289285215
6352,seogix,6352,84,,
6353,podcidum,6353,84,34.348878989988684,8.327006600177842
6354,naugnejniet,6354,84,25.74945349067702,11.89759296466056
6355,fircemtefwaapud,6355,84,23.7582944427728,14.459807392460569
6356,onemsuqudewcyfach,6356,84,,
6357,ryjiibyzterirav,6357,84,30.71638896322464,10.287236849741824
6358,fircemtefwaapud,6358,84,29.09440376765801,13.576460594551582
6359,lijies,6359,84,28.68365018755564,11.830322377233577
6360,risaca,6360,1776,7.458904803839471,2.212672664321324
6361,lijies,6361,1776,7.275991234734598,2.255337976527013
6362,fosineqgu,6362,1776,7.276445238532289,2.3275795512798383
6363,olepneet,6363,1776,6.0787698765434905,2.007532220734761
6364,leehzewidqueegiriq,6364,1776,9.13299669086523,4.37419915059676
6365,idpaadoressapneav,6365,1776,7.101193073028321,2.294126948787954
6366,podcidum,6366,1776,7.75987358896387,1.9286120070298445
6367,deetpechgamervisehe,6367,1776,23.75829444277282,23.75829444277282
6368,naugnejniet,6368,1776,9.302730343372453,2.37633786700184
6369,siarsarchaquda,6369,1776,8.529364716814671,3.096666892602137
6370,leehzewidqueegiriq,6370,1776,6.925375358549714,2.4950214192679807
6371,quozagchofuquuri,6371,1776,,
6372,seogix,6372,1776,,
6373,podcidum,6373,1776,6.455633271531285,1.9053617691323117
6374,naugnejniet,6374,1776,5.293870870502394,2.666034865340974
6375,fircemtefwaapud,6375,1776,11.153468709162317,3.937990925040957
6376,onemsuqudewcyfach,6376,1776,23.75829444277282,23.75829444277282
6377,ryjiibyzterirav,6377,1776,9.82345075058559,1.919554190729626
6378,fircemtefwaapud,6378,1776,11.488069128113825,5.428585397786059
6379,lijies,6379,1776,7.129184065371884,1.7960001907902632
6380,risaca,6380,580,,
6381,lijies,6381,580,23.75829444277283,7.015671830528007
6382,fosineqgu,6382,580,,
6383,olepneet,6383,580,12.82517688673561,6.047107667289096
6384,leehzewidqueegiriq,6384,580,23.7582944427728,7.637489611709836
6385,idpaadoressapneav,6385,580,22.210371405909843,5.031717165851201
6386,podcidum,6386,580,27.890293190948466,6.333533743068971
6387,deetpechgamervisehe,6387,580,23.75829444277282,23.75829444277282
6388,naugnejniet,6388,580,19.170414191271178,5.328326190781647
6389,siarsarchaquda,6389,580,13.195321075914794,5.857989373688416
6390,leehzewidqueegiriq,6390,580,23.75829444277282,7.009600282994609
6391,quozagchofuquuri,6391,580,,
6392,seogix,6392,580,,
6393,podcidum,6393,580,25.85123117471504,6.123030232000815
6394,naugnejniet,6394,580,18.32760204012908,6.243164244615
6395,fircemtefwaapud,6395,580,18.489147247350147,8.629407392922921
6396,onemsuqudewcyfach,6396,580,,
6397,ryjiibyzterirav,6397,580,25.03829362567738,8.507751762321028
6398,fircemtefwaapud,6398,580,23.75829444277284,9.33077244439156
6399,lijies,6399,580,23.75829444277282,7.219066756507977
6400,risaca,6400,2051,,
6401,lijies,6401,2051,42.20438254049848,18.686908111812443
6402,fosineqgu,6402,2051,,
6403,olepneet,6403,2051,30.58757066359998,17.202828609199308
6404,leehzewidqueegiriq,6404,2051,47.353210726628326,23.7582944427728
6405,idpaadoressapneav,6405,2051,42.20967424371969,17.639608868231505
6406,podcidum,6406,2051,42.5411264766709,16.163732268215448
6407,deetpechgamervisehe,6407,2051,23.75829444277282,23.75829444277281
6408,naugnejniet,6408,2051,47.74854231899822,18.07450096310394
6409,siarsarchaquda,6409,2051,37.28823634590246,17.584658442482908
6410,leehzewidqueegiriq,6410,2051,42.88170735704513,23.75829444277283
6411,quozagchofuquuri,6411,2051,,
6412,seogix,6412,2051,,
6413,podcidum,6413,2051,55.08223438793701,18.761127249230828
6414,naugnejniet,6414,2051,33.53592004907178,21.76311705025792
6415,fircemtefwaapud,6415,2051,45.81399499823305,23.75829444277281
6416,onemsuqudewcyfach,6416,2051,23.75829444277283,23.75829444277282
6417,ryjiibyzterirav,6417,2051,48.788281893880544,19.287290171512147
6418,fircemtefwaapud,6418,2051,43.523948112476496,23.7582944427728
6419,lijies,6419,2051,38.6115943666377,18.90119209558937
6420,ryjiibyzterirav,6420,805,14.064213357844944,3.793575213947353
6421,dorejif,6421,805,9.584496513745709,0.8556797066808335
6422,fircemtefwaapud,6422,805,14.041489738656225,4.0064619640861885
6423,siarsarchaquda,6423,805,13.960392846006442,3.647366586451793
6424,urpohohoicceqere,6424,805,14.34645687568006,1.469030669926173
6425,dorejif,6425,805,9.86706109436707,1.899268329901756
6426,lijies,6426,805,12.18974708184807,3.6350685462049337
6427,fircemtefwaapud,6427,805,17.593464722508763,5.155023357779263
6428,firpervagowohannod,6428,805,14.946316199417051,3.234098965061318
6429,leohgoeboher,6429,805,,
6430,degocig,6430,805,16.096244484978584,3.468735047689444
6431,fircemtefwaapud,6431,805,17.202828609284044,4.825506906014874
6432,lijies,6432,805,14.595506310919042,2.6287240303840984
6433,naugnejniet,6433,805,7.915597939337885,4.155356178335345
6434,fircemtefwaapud,6434,805,13.181934541061636,2.2276640698736747
6435,emqegolelce,6435,805,12.876995587982856,2.689950724180269
6436,lijies,6436,805,12.216738985369329,2.467804341159648
6437,lijies,6437,805,14.496552584799662,3.745375216477628
6438,hevaakimtychi,6438,805,,
6439,otliawin,6439,805,15.635021001138051,3.685528498376079
6440,ryjiibyzterirav,6440,1419,15.030596966340449,3.912462701218498
6441,dorejif,6441,1419,13.020182661379277,3.354924494858229
6442,fircemtefwaapud,6442,1419,23.75829444277283,7.201657037918848
6443,siarsarchaquda,6443,1419,9.190007986623982,3.766795627386169
6444,urpohohoicceqere,6444,1419,13.295726229154477,2.6482804318832445
6445,dorejif,6445,1419,12.67746972354628,3.5530938756402675
6446,lijies,6446,1419,10.401068269123494,4.524001464979978
6447,fircemtefwaapud,6447,1419,12.191095988792732,4.06795769753433
6448,firpervagowohannod,6448,1419,12.699084204336408,2.399022844479119
6449,leohgoeboher,6449,1419,12.197838286097504,5.895140341735663
6450,degocig,6450,1419,11.70514649720664,3.717340208536324
6451,fircemtefwaapud,6451,1419,11.68078748315877,4.585376382746439
6452,lijies,6452,1419,12.359233057060123,4.8526311973080585
6453,lijies,6453,1419,,
6454,fircemtefwaapud,6454,1419,14.969049654440518,6.985387429008927
6455,emqegolelce,6455,1419,9.208872203512932,2.7264091132528963
6456,lijies,6456,1419,12.47634277677909,3.1754588796674583
6457,lijies,6457,1419,15.596661968678022,5.181230273555379
6458,hevaakimtychi,6458,1419,12.938538976350715,3.61313709571104
6459,otliawin,6459,1419,11.130936293057962,3.465770931593876
6460,ryjiibyzterirav,6460,1609,20.94262580082952,6.55578898719641
6461,dorejif,6461,1609,17.413473150061474,5.335098202086133
6462,fircemtefwaapud,6462,1609,23.75829444277283,10.226774361407356
6463,siarsarchaquda,6463,1609,11.26871249320281,5.215897636674723
6464,urpohohoicceqere,6464,1609,17.651141498991212,5.362693195888692
6465,dorejif,6465,1609,15.781415989857528,4.922436105375007
6466,lijies,6466,1609,20.388576347623708,7.589201359485578
6467,fircemtefwaapud,6467,1609,23.75829444277282,8.487234212181816
6468,firpervagowohannod,6468,1609,21.46836503419972,4.4561848512864985
6469,leohgoeboher,6469,1609,16.618311764532177,9.747889653496122
6470,degocig,6470,1609,23.7582944427728,5.594804946594008
6471,fircemtefwaapud,6471,1609,23.75829444277283,7.299692726653058
6472,lijies,6472,1609,19.917183012085733,4.253185541027413
6473,lijies,6473,1609,,
6474,fircemtefwaapud,6474,1609,23.75829444277283,6.4098833468509335
6475,emqegolelce,6475,1609,19.85203486482277,6.702735213388418
6476,lijies,6476,1609,18.480759829976385,6.19029867397711
6477,lijies,6477,1609,23.7582944427728,5.987818474171696
6478,hevaakimtychi,6478,1609,,
6479,otliawin,6479,1609,14.726514667211688,6.179664045557012
6480,ryjiibyzterirav,6480,2379,17.002288080238095,4.770811088843688
6481,dorejif,6481,2379,,
6482,fircemtefwaapud,6482,2379,23.75829444277283,5.580734636440248
6483,siarsarchaquda,6483,2379,8.593347831669515,3.793575213943766
6484,urpohohoicceqere,6484,2379,14.159959401495357,5.372663449953674
6485,dorejif,6485,2379,,
6486,lijies,6486,2379,14.16510161176622,3.974230783704002
6487,fircemtefwaapud,6487,2379,17.49681338475863,4.83907288636324
6488,firpervagowohannod,6488,2379,7.16636244923028,1.6578463299704835
6489,leohgoeboher,6489,2379,,
6490,degocig,6490,2379,16.09624448497859,3.9848376795270553
6491,fircemtefwaapud,6491,2379,12.795441282580496,3.249158483244517
6492,lijies,6492,2379,15.752131471661452,3.419112144101995
6493,naugnejniet,6493,2379,14.110547208272685,4.853778343671473
6494,fircemtefwaapud,6494,2379,16.605257665572353,5.137620700126127
6495,emqegolelce,6495,2379,6.237553548124283,2.71418451450573
6496,lijies,6496,2379,15.270238304263982,4.734668060026399
6497,lijies,6497,2379,9.583598535199018,1.1817545165572492
6498,hevaakimtychi,6498,2379,17.212496978397883,4.935447871749034
6499,otliawin,6499,2379,12.767551207370408,3.2531099274702924
6500,ryjiibyzterirav,6500,513,10.28016979652842,3.5935736830870115
6501,dorejif,6501,513,,
6502,fircemtefwaapud,6502,513,14.072103180635034,5.720727420815527
6503,siarsarchaquda,6503,513,10.169894243790656,4.662375943672834
6504,urpohohoicceqere,6504,513,11.159719639715297,3.0571096964357856
6505,dorejif,6505,513,,
6506,lijies,6506,513,10.636411822329602,2.3658994112273133
6507,fircemtefwaapud,6507,513,14.024278914866724,4.173298629636916
6508,firpervagowohannod,6508,513,12.092715998810316,3.443522687922209
6509,leohgoeboher,6509,513,,
6510,degocig,6510,513,10.12975333644597,2.6533510497394284
6511,fircemtefwaapud,6511,513,9.084900212931068,4.268519214912841
6512,lijies,6512,513,9.860055960086031,2.569810359701118
6513,naugnejniet,6513,513,10.525690114646858,4.623887632802685
6514,fircemtefwaapud,6514,513,9.886257846885457,2.7249816949712318
6515,emqegolelce,6515,513,9.194033045714084,3.0519185375781053
6516,lijies,6516,513,11.244909575597404,3.034260230032411
6517,lijies,6517,513,10.98339568755252,2.56549324563572
6518,hevaakimtychi,6518,513,,
6519,otliawin,6519,513,8.820650270293031,2.508928886751748
6520,ryjiibyzterirav,6520,2141,,
6521,dorejif,6521,2141,18.137282084750407,5.054604166537917
6522,fircemtefwaapud,6522,2141,23.75829444277283,7.873259738607706
6523,siarsarchaquda,6523,2141,15.270238304225384,6.622612059853764
6524,urpohohoicceqere,6524,2141,,
6525,dorejif,6525,2141,14.661455055939452,3.596241963963526
6526,lijies,6526,2141,15.1091453398166,4.226695393511837
6527,fircemtefwaapud,6527,2141,15.722716188719613,4.625036498470655
6528,firpervagowohannod,6528,2141,25.20371571863405,5.834357365236177
6529,leohgoeboher,6529,2141,14.709331809382457,7.269026292133876
6530,degocig,6530,2141,20.88975215182589,4.397615057857009
6531,fircemtefwaapud,6531,2141,23.7582944427728,4.840119515106211
6532,lijies,6532,2141,18.25029902659744,5.791951930550995
6533,naugnejniet,6533,2141,9.715898965579765,5.275674375553012
6534,fircemtefwaapud,6534,2141,17.71399648449318,5.798716115764592
6535,emqegolelce,6535,2141,17.090389875504624,4.423081673917572
6536,lijies,6536,2141,17.24461353499634,5.332810609888999
6537,lijies,6537,2141,16.6673656017407,5.020548910050074
6538,hevaakimtychi,6538,2141,,
6539,otliawin,6539,2141,13.212417158728124,5.9706177614152764
6540,lijies,6540,856,15.952525139162692,2.908282019877559
6541,idpaadoressapneav,6541,856,16.29262882384641,6.676805051353039
6542,leohgoeboher,6542,856,14.54935901799989,8.328970757126816
6543,rahietifmavo,6543,856,17.068488814967374,4.311895897691172
6544,idpaadoressapneav,6544,856,16.68474903818004,7.839780985672574
6545,leohgoeboher,6545,856,14.257709104227343,8.004582715773045
6546,adxaimnunangidto,6546,856,17.533510183125586,5.3375112470167885
6547,tehsidetegenichurgew,6547,856,,
6548,ekyldaporamtetef,6548,856,8.512149239613937,1.8428307767767809
6549,quniocsulafryt,6549,856,11.539725344680582,7.514673303990487
6550,leohgoeboher,6550,856,16.533848647850217,9.424732603297707
6551,olepneet,6551,856,18.932190169220164,6.278843656857451
6552,tehsidetegenichurgew,6552,856,,
6553,ekyldaporamtetef,6553,856,9.21363593614226,1.5800002147580348
6554,degocig,6554,856,18.39351070076899,4.753777791053558
6555,gelerutec,6555,856,,
6556,gelerutec,6556,856,,
6557,vamquanireavipru,6557,856,,
6558,degocig,6558,856,17.496813384747927,4.000869609160364
6559,ecenivri,6559,856,12.233572010680977,0.8455701491239906
6560,lijies,6560,2185,8.948292205344607,4.5085271903529724
6561,idpaadoressapneav,6561,2185,8.502961567694408,3.843940565641773
6562,leohgoeboher,6562,2185,,
6563,rahietifmavo,6563,2185,5.459971053863642,2.080838468122967
6564,idpaadoressapneav,6564,2185,7.411390814807219,3.6003697854738976
6565,leohgoeboher,6565,2185,,
6566,adxaimnunangidto,6566,2185,14.471451114339606,4.695718330325954
6567,tehsidetegenichurgew,6567,2185,,
6568,ekyldaporamtetef,6568,2185,14.126812732543495,2.6218960915370584
6569,quniocsulafryt,6569,2185,4.203148160766969,2.4500409941476304
6570,leohgoeboher,6570,2185,,
6571,olepneet,6571,2185,6.979373681101008,2.181041127714592
6572,tehsidetegenichurgew,6572,2185,,
6573,ekyldaporamtetef,6573,2185,10.332717689157624,2.054601714038381
6574,degocig,6574,2185,8.531189139375146,2.690387333602077
6575,gelerutec,6575,2185,,
6576,gelerutec,6576,2185,,
6577,vamquanireavipru,6577,2185,,
6578,degocig,6578,2185,10.583259977795114,2.5326919638208847
6579,ecenivri,6579,2185,13.501162223527094,1.885556987356101
6580,lijies,6580,545,32.23716975343088,6.432987332386118
6581,idpaadoressapneav,6581,545,31.253253529564248,14.191031164273577
6582,leohgoeboher,6582,545,28.658548537366592,15.17362355473977
6583,rahietifmavo,6583,545,30.222030833954683,10.1279006420133
6584,idpaadoressapneav,6584,545,29.17621612883117,10.299360880853742
6585,leohgoeboher,6585,545,22.58636059676539,13.274499675521415
6586,adxaimnunangidto,6586,545,29.607400035609896,9.987329149759306
6587,tehsidetegenichurgew,6587,545,,
6588,ekyldaporamtetef,6588,545,27.75585240741449,7.142519793462991
6589,quniocsulafryt,6589,545,17.705806565494346,10.975526169296414
6590,leohgoeboher,6590,545,21.01490549952571,12.37810788077812
6591,olepneet,6591,545,23.75829444277283,9.683855658611671
6592,tehsidetegenichurgew,6592,545,,
6593,ekyldaporamtetef,6593,545,32.40099420498649,8.534316247971718
6594,degocig,6594,545,29.309115650198866,10.059942287894264
6595,gelerutec,6595,545,,
6596,gelerutec,6596,545,,
6597,vamquanireavipru,6597,545,,
6598,degocig,6598,545,31.20812141529152,11.092751150371567
6599,ecenivri,6599,545,34.22858032463485,8.234181624885391
6600,itseidlaelextu,6600,1160,,
6601,vamquanireavipru,6601,1160,,
6602,zavpomyisab,6602,1160,,
6603,siarsarchaquda,6603,1160,17.896756688608093,7.328868750830407
6604,gelerutec,6604,1160,,
6605,ecenivri,6605,1160,23.75829444277283,2.676864841552848
6606,gelerutec,6606,1160,,
6607,gelerutec,6607,1160,,
6608,gelerutec,6608,1160,,
6609,itseidlaelextu,6609,1160,,
6610,gelerutec,6610,1160,,
6611,gelerutec,6611,1160,,
6612,gelerutec,6612,1160,,
6613,gelerutec,6613,1160,,
6614,gelerutec,6614,1160,,
6615,itseidlaelextu,6615,1160,,
6616,gelerutec,6616,1160,,
6617,zavpomyisab,6617,1160,16.70741654041272,6.589798528887646
6618,gelerutec,6618,1160,,
6619,gelerutec,6619,1160,,
6620,itseidlaelextu,6620,1254,,
6621,vamquanireavipru,6621,1254,,
6622,zavpomyisab,6622,1254,,
6623,siarsarchaquda,6623,1254,10.594276161410477,4.188626811761586
6624,gelerutec,6624,1254,,
6625,ecenivri,6625,1254,17.28388309502776,2.09905350830545
6626,gelerutec,6626,1254,,
6627,gelerutec,6627,1254,,
6628,gelerutec,6628,1254,,
6629,itseidlaelextu,6629,1254,,
6630,gelerutec,6630,1254,,
6631,gelerutec,6631,1254,,
6632,gelerutec,6632,1254,,
6633,gelerutec,6633,1254,,
6634,gelerutec,6634,1254,,
6635,itseidlaelextu,6635,1254,,
6636,gelerutec,6636,1254,,
6637,zavpomyisab,6637,1254,8.333248229252947,1.827249568508417
6638,gelerutec,6638,1254,,
6639,gelerutec,6639,1254,,
6640,itseidlaelextu,6640,187,,
6641,vamquanireavipru,6641,187,,
6642,zavpomyisab,6642,187,15.73684441380705,4.483677344931648
6643,siarsarchaquda,6643,187,8.537038429849115,3.122540573014985
6644,gelerutec,6644,187,,
6645,ecenivri,6645,187,23.75829444277282,2.572880741214509
6646,gelerutec,6646,187,,
6647,gelerutec,6647,187,,
6648,gelerutec,6648,187,,
6649,itseidlaelextu,6649,187,,
6650,gelerutec,6650,187,,
6651,gelerutec,6651,187,,
6652,gelerutec,6652,187,,
6653,gelerutec,6653,187,,
6654,gelerutec,6654,187,,
6655,itseidlaelextu,6655,187,,
6656,gelerutec,6656,187,,
6657,zavpomyisab,6657,187,14.764488165928949,4.247178049694022
6658,gelerutec,6658,187,,
6659,gelerutec,6659,187,,
6660,degocig,6660,36,22.54112877258523,6.697125348763368
6661,gelerutec,6661,36,,
6662,olepneet,6662,36,16.568054212264627,7.320450060109831
6663,gelerutec,6663,36,,
6664,gelerutec,6664,36,,
6665,gelerutec,6665,36,,
6666,gelerutec,6666,36,,
6667,gelerutec,6667,36,,
6668,gelerutec,6668,36,,
6669,gelerutec,6669,36,,
6670,gelerutec,6670,36,,
6671,gelerutec,6671,36,,
6672,gelerutec,6672,36,,
6673,gelerutec,6673,36,,
6674,itseidlaelextu,6674,36,,
6675,itseidlaelextu,6675,36,,
6676,itseidlaelextu,6676,36,,
6677,ecenivri,6677,36,25.797443286975565,5.728236530621318
6678,siarsarchaquda,6678,36,23.75829444277282,8.191056972824644
6679,idpaadoressapneav,6679,36,17.16943945143793,7.032877281301668
6680,degocig,6680,142,25.240270919252268,6.251214131346544
6681,gelerutec,6681,142,,
6682,olepneet,6682,142,14.0527777838158,5.042725102908425
6683,gelerutec,6683,142,,
6684,gelerutec,6684,142,,
6685,gelerutec,6685,142,,
6686,gelerutec,6686,142,,
6687,gelerutec,6687,142,,
6688,gelerutec,6688,142,,
6689,gelerutec,6689,142,,
6690,gelerutec,6690,142,,
6691,gelerutec,6691,142,,
6692,gelerutec,6692,142,,
6693,gelerutec,6693,142,,
6694,itseidlaelextu,6694,142,,
6695,itseidlaelextu,6695,142,,
6696,itseidlaelextu,6696,142,,
6697,ecenivri,6697,142,31.26096555549092,4.27157542997416
6698,siarsarchaquda,6698,142,16.581651159198945,7.578049987690443
6699,idpaadoressapneav,6699,142,16.855041260235698,5.471518423037147
6700,siarsarchaquda,6700,1923,10.474107980768313,4.558272243872396
6701,ecenivri,6701,1923,17.889220207796328,2.0019607492229943
6702,zavpomyisab,6702,1923,13.766556160137666,4.9731707380550585
6703,olepneet,6703,1923,,
6704,siarsarchaquda,6704,1923,13.877151570122155,5.363351713796027
6705,ecenivri,6705,1923,17.92129341374929,2.589958080607241
6706,degocig,6706,1923,15.061437152101064,4.783396630819311
6707,siarsarchaquda,6707,1923,10.956916421148597,4.629859137501413
6708,idpaadoressapneav,6708,1923,12.276921358635526,4.393934117382277
6709,leehzewidqueegiriq,6709,1923,17.330023826948533,8.838691574102794
6710,odewciquchiiwitejsat,6710,1923,,
6711,siarsarchaquda,6711,1923,12.66243951303604,7.2527487483958035
6712,leehzewidqueegiriq,6712,1923,16.770676708314618,6.440104127039775
6713,lijies,6713,1923,18.099827514866075,4.721548417466615
6714,lijies,6714,1923,17.71399648445634,5.500189585891818
6715,degocig,6715,1923,21.410553737085383,4.455328139764037
6716,olepneet,6716,1923,,
6717,nahachesyrandeyhah,6717,1923,,
6718,idpaadoressapneav,6718,1923,14.272046810158844,4.394088885995439
6719,siarsarchaquda,6719,1923,14.12200608357604,3.8968206087890698
6720,siarsarchaquda,6720,674,23.75829444277282,7.423296925573657
6721,ecenivri,6721,674,29.17991945309457,6.500479563368366
6722,zavpomyisab,6722,674,22.44938583753282,7.467518395648801
6723,olepneet,6723,674,15.768555108695685,7.627390606448512
6724,siarsarchaquda,6724,674,23.75829444277282,10.18922098334261
6725,ecenivri,6725,674,31.82110584029561,6.671492403037556
6726,degocig,6726,674,8.210660647384245,1.6246583166483088
6727,siarsarchaquda,6727,674,23.75829444277282,10.549745787820491
6728,idpaadoressapneav,6728,674,15.557218617605027,5.608834083642791
6729,leehzewidqueegiriq,6729,674,19.322440043347605,6.887258554110574
6730,odewciquchiiwitejsat,6730,674,,
6731,siarsarchaquda,6731,674,23.75829444277282,9.99045169746123
6732,leehzewidqueegiriq,6732,674,17.99614842543579,6.471340924962104
6733,lijies,6733,674,17.99614842543578,5.998169075611825
6734,lijies,6734,674,20.50122127313342,5.327136145427333
6735,degocig,6735,674,7.557873893373031,1.9388546799047264
6736,olepneet,6736,674,10.242131303340004,4.60800600089311
6737,nahachesyrandeyhah,6737,674,23.75829444277282,7.59477029244399
6738,idpaadoressapneav,6738,674,16.73386282887968,5.333935328704411
6739,siarsarchaquda,6739,674,18.00572250684012,8.505197327567643
6740,siarsarchaquda,6740,334,38.679394207707645,12.868051377107374
6741,ecenivri,6741,334,38.89515445121497,8.102914636846029
6742,zavpomyisab,6742,334,,
6743,olepneet,6743,334,23.48006052683193,10.150747666392627
6744,siarsarchaquda,6744,334,23.75955993576537,11.359632827588388
6745,ecenivri,6745,334,50.17652933801555,7.898059120766862
6746,degocig,6746,334,23.75829444277282,7.632008952728031
6747,siarsarchaquda,6747,334,27.39443223771672,11.649939431668804
6748,idpaadoressapneav,6748,334,,
6749,leehzewidqueegiriq,6749,334,55.40605163426106,12.965474155740557
6750,odewciquchiiwitejsat,6750,334,23.75829444277282,23.75829444277282
6751,siarsarchaquda,6751,334,30.45062782365029,10.287950423565055
6752,leehzewidqueegiriq,6752,334,43.94730027688907,11.061086031209149
6753,lijies,6753,334,,
6754,lijies,6754,334,43.20408464481613,13.509769339860217
6755,degocig,6755,334,32.19248896995717,7.015671830509846
6756,olepneet,6756,334,17.012176892831267,6.410570463642229
6757,nahachesyrandeyhah,6757,334,,
6758,idpaadoressapneav,6758,334,14.250001569260906,4.514387971706193
6759,siarsarchaquda,6759,334,23.70220794215151,11.71824286552324
6760,siarsarchaquda,6760,714,6.154285441245516,2.547344870987952
6761,ecenivri,6761,714,11.78551353109299,0.4723212672077816
6762,zavpomyisab,6762,714,6.661735360450846,1.163870762665383
6763,olepneet,6763,714,,
6764,siarsarchaquda,6764,714,,
6765,ecenivri,6765,714,12.18711966004666,0.5919589470898674
6766,degocig,6766,714,,
6767,siarsarchaquda,6767,714,4.667285829526127,1.7985325886793098
6768,idpaadoressapneav,6768,714,5.650412513601843,1.2310629361706458
6769,leehzewidqueegiriq,6769,714,,
6770,odewciquchiiwitejsat,6770,714,,
6771,siarsarchaquda,6771,714,9.602186448657584,2.662548134694058
6772,leehzewidqueegiriq,6772,714,,
6773,lijies,6773,714,,
6774,lijies,6774,714,,
6775,degocig,6775,714,7.675515116958537,0.8346597259239925
6776,olepneet,6776,714,,
6777,nahachesyrandeyhah,6777,714,6.567448599816678,1.019278302805966
6778,idpaadoressapneav,6778,714,,
6779,siarsarchaquda,6779,714,4.241346028063761,1.713673423316051
6780,siarsarchaquda,6780,800,20.933159430266716,11.36730101240957
6781,ecenivri,6781,800,36.00820543183715,7.200692478220225
6782,zavpomyisab,6782,800,19.243987299424024,3.3770135347387096
6783,olepneet,6783,800,17.826666716435344,7.148536848521029
6784,siarsarchaquda,6784,800,13.60727865279178,4.140291833180167
6785,ecenivri,6785,800,29.314332103157007,1.429861885376296
6786,degocig,6786,800,37.92024492763817,8.271500652753149
6787,siarsarchaquda,6787,800,17.697737649946152,9.634265175657651
6788,idpaadoressapneav,6788,800,30.918432547256657,9.066137766923951
6789,leehzewidqueegiriq,6789,800,34.42222034402792,15.140946568439915
6790,odewciquchiiwitejsat,6790,800,,
6791,siarsarchaquda,6791,800,17.94890120725313,7.4182319889037585
6792,leehzewidqueegiriq,6792,800,27.447649958554862,11.875057989569154
6793,lijies,6793,800,27.384648383579457,6.48705569005401
6794,lijies,6794,800,30.065479127986094,8.518315179997803
6795,degocig,6795,800,37.3038252387072,9.382773136049025
6796,olepneet,6796,800,16.52861300585245,8.19535768121871
6797,nahachesyrandeyhah,6797,800,23.75829444277282,2.715764619874981
6798,idpaadoressapneav,6798,800,23.933378447629828,7.9358496738465885
6799,siarsarchaquda,6799,800,24.795561394869708,10.859557304225453
6800,siarsarchaquda,6800,2288,12.55909022442136,3.522246161276102
6801,ecenivri,6801,2288,22.321043049081396,2.976785180728003
6802,zavpomyisab,6802,2288,14.075745263844343,4.067848306321269
6803,olepneet,6803,2288,13.635992254157282,4.616552955077055
6804,siarsarchaquda,6804,2288,10.584286513106932,3.916738331107642
6805,ecenivri,6805,2288,23.75829444277281,3.290356339121273
6806,degocig,6806,2288,18.567436880247733,4.152560912700673
6807,siarsarchaquda,6807,2288,10.631676185750033,5.358024725314124
6808,idpaadoressapneav,6808,2288,13.539889074159722,3.3803409302465437
6809,leehzewidqueegiriq,6809,2288,16.58804716762303,5.283188610813658
6810,odewciquchiiwitejsat,6810,2288,,
6811,siarsarchaquda,6811,2288,11.256654291124654,5.307421385983461
6812,leehzewidqueegiriq,6812,2288,17.94515854001818,4.825506906027081
6813,lijies,6813,2288,22.56027740588205,5.024129979366039
6814,lijies,6814,2288,21.4616593133206,4.107609585619977
6815,degocig,6815,2288,17.45378077284877,3.9619097376497434
6816,olepneet,6816,2288,7.282253987537754,2.9566217346944117
6817,nahachesyrandeyhah,6817,2288,,
6818,idpaadoressapneav,6818,2288,16.34710377264183,3.4230745031065988
6819,siarsarchaquda,6819,2288,12.04967805037757,5.397801400089399
6820,siarsarchaquda,6820,1828,13.676534457660964,5.594804946596898
6821,ecenivri,6821,1828,20.174605000426443,3.1800009421477835
6822,zavpomyisab,6822,1828,16.579859959984557,6.126314319691878
6823,olepneet,6823,1828,,
6824,siarsarchaquda,6824,1828,14.177833991062569,4.1255136568548565
6825,ecenivri,6825,1828,25.881020775886537,3.414353425391952
6826,degocig,6826,1828,19.859284101845414,4.662375943671547
6827,siarsarchaquda,6827,1828,12.801314792802875,5.610135541473217
6828,idpaadoressapneav,6828,1828,16.00324018863478,4.491260809134499
6829,leehzewidqueegiriq,6829,1828,15.376382918034512,6.692487089033394
6830,odewciquchiiwitejsat,6830,1828,,
6831,siarsarchaquda,6831,1828,18.49095369758,9.166653417778596
6832,leehzewidqueegiriq,6832,1828,16.164592107480743,5.657396383881835
6833,lijies,6833,1828,19.32294391009841,5.5790374987579545
6834,lijies,6834,1828,17.705868933476438,4.919459432511468
6835,degocig,6835,1828,19.50806572904079,5.295083182286319
6836,olepneet,6836,1828,,
6837,nahachesyrandeyhah,6837,1828,,
6838,idpaadoressapneav,6838,1828,10.149141216129715,3.2256903335847875
6839,siarsarchaquda,6839,1828,15.173962209020072,5.047265005687647
6840,quniocsulafryt,6840,866,6.561049782193722,3.917263086695911
6841,siarsarchaquda,6841,866,15.078720215514483,6.322767262474517
6842,bopevtunagaet,6842,866,,
6843,alidewetgelequfa,6843,866,23.75829444277283,7.206140750582672
6844,leohgoeboher,6844,866,18.088905289568796,8.936980284496125
6845,alidewetgelequfa,6845,866,,
6846,quniocsulafryt,6846,866,11.244798594832954,6.64254557989175
6847,leohgoeboher,6847,866,16.96693144913918,9.23566567788611
6848,niswaonfugrir,6848,866,23.75829444277282,23.758294442772787
6849,tegeagchef,6849,866,16.392419550313626,5.889375722585631
6850,tehsidetegenichurgew,6850,866,,
6851,onnasy,6851,866,23.7582944427728,8.574549126617063
6852,niswaonfugrir,6852,866,,
6853,leohgoeboher,6853,866,16.1284659236907,8.810857612790482
6854,niswaonfugrir,6854,866,,
6855,niswaonfugrir,6855,866,,
6856,niswaonfugrir,6856,866,,
6857,tehsidetegenichurgew,6857,866,,
6858,leohgoeboher,6858,866,17.053448413628704,10.0159167110804
6859,quniocsulafryt,6859,866,10.253857643873916,6.492055575031819
6860,quniocsulafryt,6860,700,8.28796514269108,3.832464948711237
6861,siarsarchaquda,6861,700,11.310003662455845,4.841332714502291
6862,bopevtunagaet,6862,700,22.00474301213961,3.508568294697259
6863,alidewetgelequfa,6863,700,,
6864,leohgoeboher,6864,700,,
6865,alidewetgelequfa,6865,700,,
6866,quniocsulafryt,6866,700,11.62405019677686,6.958516728939552
6867,leohgoeboher,6867,700,,
6868,niswaonfugrir,6868,700,,
6869,tegeagchef,6869,700,,
6870,tehsidetegenichurgew,6870,700,,
6871,onnasy,6871,700,,
6872,niswaonfugrir,6872,700,,
6873,leohgoeboher,6873,700,,
6874,niswaonfugrir,6874,700,,
6875,niswaonfugrir,6875,700,,
6876,niswaonfugrir,6876,700,,
6877,tehsidetegenichurgew,6877,700,,
6878,leohgoeboher,6878,700,,
6879,quniocsulafryt,6879,700,,
6880,quniocsulafryt,6880,2192,7.755049553038589,4.097678840606345
6881,siarsarchaquda,6881,2192,11.356478777886082,3.953247301568679
6882,bopevtunagaet,6882,2192,,
6883,alidewetgelequfa,6883,2192,,
6884,leohgoeboher,6884,2192,13.189617457288913,6.882567105833876
6885,alidewetgelequfa,6885,2192,,
6886,quniocsulafryt,6886,2192,8.470134400019264,4.707409868684255
6887,leohgoeboher,6887,2192,13.345152487856724,7.274174936142309
6888,niswaonfugrir,6888,2192,,
6889,tegeagchef,6889,2192,13.896047002937465,3.676549624494801
6890,tehsidetegenichurgew,6890,2192,,
6891,onnasy,6891,2192,32.592309613971075,13.471020527180574
6892,niswaonfugrir,6892,2192,,
6893,leohgoeboher,6893,2192,14.4609953152422,7.380621549056425
6894,niswaonfugrir,6894,2192,,
6895,niswaonfugrir,6895,2192,,
6896,niswaonfugrir,6896,2192,,
6897,tehsidetegenichurgew,6897,2192,,
6898,leohgoeboher,6898,2192,12.722739911683512,6.455110286009868
6899,quniocsulafryt,6899,2192,7.479621528514253,5.4819078776453845
6900,quniocsulafryt,6900,1218,16.10518436039779,8.01490254555013
6901,siarsarchaquda,6901,1218,24.79265392167416,8.869699676807786
6902,bopevtunagaet,6902,1218,,
6903,alidewetgelequfa,6903,1218,,
6904,leohgoeboher,6904,1218,17.45203756131031,10.810891864360055
6905,alidewetgelequfa,6905,1218,,
6906,quniocsulafryt,6906,1218,14.735579332854089,8.942211158505172
6907,leohgoeboher,6907,1218,21.12055811631456,12.26290252834837
6908,niswaonfugrir,6908,1218,,
6909,tegeagchef,6909,1218,24.15782773117081,7.19828045277761
6910,tehsidetegenichurgew,6910,1218,,
6911,onnasy,6911,1218,38.55398426274287,18.629975444819525
6912,niswaonfugrir,6912,1218,,
6913,leohgoeboher,6913,1218,17.348626723135787,9.799115229837762
6914,niswaonfugrir,6914,1218,,
6915,niswaonfugrir,6915,1218,,
6916,niswaonfugrir,6916,1218,,
6917,tehsidetegenichurgew,6917,1218,,
6918,leohgoeboher,6918,1218,16.710489517546417,9.20948599734925
6919,quniocsulafryt,6919,1218,13.304350879059044,9.962475531600928
6920,niswaonfugrir,6920,1388,,
6921,leohgoeboher,6921,1388,13.400146609290362,7.550925909911435
6922,tehsidetegenichurgew,6922,1388,,
6923,totefoczuenboef,6923,1388,12.873853402248022,10.596298387560998
6924,niswaonfugrir,6924,1388,23.75829444277282,23.7582944427728
6925,quozagchofuquuri,6925,1388,,
6926,quniocsulafryt,6926,1388,14.043565120084526,10.228956293769864
6927,leohgoeboher,6927,1388,13.992154862791471,6.794640117302184
6928,totefoczuenboef,6928,1388,20.915112383948976,9.602836259260616
6929,tehsidetegenichurgew,6929,1388,,
6930,apicog,6930,1388,15.09127141524016,9.530769624060836
6931,leohgoeboher,6931,1388,,
6932,apicog,6932,1388,12.563484814017585,5.849239313140992
6933,quniocsulafryt,6933,1388,14.786787854118735,9.18749142928716
6934,axdimodpevtiqdeken,6934,1388,23.75829444277284,1.2626840231474117
6935,tehsidetegenichurgew,6935,1388,,
6936,degocig,6936,1388,14.034273178756251,3.8047822552292616
6937,gelerutec,6937,1388,,
6938,gelerutec,6938,1388,,
6939,gelerutec,6939,1388,,
6940,niswaonfugrir,6940,32,,
6941,leohgoeboher,6941,32,,
6942,tehsidetegenichurgew,6942,32,,
6943,totefoczuenboef,6943,32,,
6944,niswaonfugrir,6944,32,23.75829444277282,23.75829444277282
6945,quozagchofuquuri,6945,32,,
6946,quniocsulafryt,6946,32,23.96068758803756,18.32028467239267
6947,leohgoeboher,6947,32,,
6948,totefoczuenboef,6948,32,37.11843459468152,15.70849260897486
6949,tehsidetegenichurgew,6949,32,,
6950,apicog,6950,32,35.039897165147245,19.600327953199645
6951,leohgoeboher,6951,32,,
6952,apicog,6952,32,32.94382181462982,16.998259254989396
6953,quniocsulafryt,6953,32,23.14441479405732,13.960392846053944
6954,axdimodpevtiqdeken,6954,32,36.48482083260228,15.061437152087104
6955,tehsidetegenichurgew,6955,32,,
6956,degocig,6956,32,7.29441113804243,1.8432024003605028
6957,gelerutec,6957,32,,
6958,gelerutec,6958,32,,
6959,gelerutec,6959,32,,
6960,niswaonfugrir,6960,2218,,
6961,leohgoeboher,6961,2218,9.55752701273125,4.810468418025326
6962,tehsidetegenichurgew,6962,2218,,
6963,totefoczuenboef,6963,2218,,
6964,niswaonfugrir,6964,2218,,
6965,quozagchofuquuri,6965,2218,13.72369301956305,2.6458149944399403
6966,quniocsulafryt,6966,2218,8.200193282023847,4.452328351310332
6967,leohgoeboher,6967,2218,,
6968,totefoczuenboef,6968,2218,13.828918533774631,3.091684625332007
6969,tehsidetegenichurgew,6969,2218,,
6970,apicog,6970,2218,9.404128201392242,3.140315247886991
6971,leohgoeboher,6971,2218,,
6972,apicog,6972,2218,8.691618246297189,4.204341768560697
6973,quniocsulafryt,6973,2218,7.510520403258508,3.4183391237117524
6974,axdimodpevtiqdeken,6974,2218,,
6975,tehsidetegenichurgew,6975,2218,,
6976,degocig,6976,2218,14.092579378546654,3.0684706243195743
6977,gelerutec,6977,2218,,
6978,gelerutec,6978,2218,,
6979,gelerutec,6979,2218,,
6980,niswaonfugrir,6980,1016,,
6981,leohgoeboher,6981,1016,,
6982,tehsidetegenichurgew,6982,1016,,
6983,totefoczuenboef,6983,1016,,
6984,niswaonfugrir,6984,1016,,
6985,quozagchofuquuri,6985,1016,,
6986,quniocsulafryt,6986,1016,,
6987,leohgoeboher,6987,1016,,
6988,totefoczuenboef,6988,1016,,
6989,tehsidetegenichurgew,6989,1016,,
6990,apicog,6990,1016,,
6991,leohgoeboher,6991,1016,,
6992,apicog,6992,1016,,
6993,quniocsulafryt,6993,1016,,
6994,axdimodpevtiqdeken,6994,1016,,
6995,tehsidetegenichurgew,6995,1016,,
6996,degocig,6996,1016,10.179230467377703,3.714179204384337
6997,gelerutec,6997,1016,,
6998,gelerutec,6998,1016,,
6999,gelerutec,6999,1016,,
7000,niswaonfugrir,7000,955,,
7001,leohgoeboher,7001,955,12.082008859063208,7.003523471887623
7002,tehsidetegenichurgew,7002,955,,
7003,totefoczuenboef,7003,955,,
7004,niswaonfugrir,7004,955,23.75829444277282,23.75829444277282
7005,quozagchofuquuri,7005,955,,
7006,quniocsulafryt,7006,955,8.564442297894566,4.338119225286122
7007,leohgoeboher,7007,955,12.270054087178933,6.516704581960214
7008,totefoczuenboef,7008,955,,
7009,tehsidetegenichurgew,7009,955,,
7010,apicog,7010,955,10.640535413401008,5.321330228912265
7011,leohgoeboher,7011,955,11.689036306217202,5.792230760892677
7012,apicog,7012,955,12.082008859073223,4.834641166441548
7013,quniocsulafryt,7013,955,8.288275144822451,5.816917410839916
7014,axdimodpevtiqdeken,7014,955,,
7015,tehsidetegenichurgew,7015,955,,
7016,degocig,7016,955,13.903153811595852,3.503857470001081
7017,gelerutec,7017,955,,
7018,gelerutec,7018,955,,
7019,gelerutec,7019,955,,
7020,gelerutec,7020,337,,
7021,gelerutec,7021,337,,
7022,gelerutec,7022,337,,
7023,gelerutec,7023,337,,
7024,liganelikquunedaw,7024,337,23.169106812845893,5.444855966388068
7025,gelerutec,7025,337,,
7026,gelerutec,7026,337,,
7027,gelerutec,7027,337,,
7028,gelerutec,7028,337,,
7029,gelerutec,7029,337,,
7030,gelerutec,7030,337,,
7031,gelerutec,7031,337,,
7032,tehsidetegenichurgew,7032,337,,
7033,gelerutec,7033,337,,
7034,gelerutec,7034,337,,
7035,gelerutec,7035,337,,
7036,gelerutec,7036,337,,
7037,gelerutec,7037,337,,
7038,gelerutec,7038,337,,
7039,gelerutec,7039,337,,
7040,gelerutec,7040,1719,,
7041,gelerutec,7041,1719,,
7042,gelerutec,7042,1719,,
7043,gelerutec,7043,1719,,
7044,liganelikquunedaw,7044,1719,23.7582944427728,8.622888639292313
7045,gelerutec,7045,1719,,
7046,gelerutec,7046,1719,,
7047,gelerutec,7047,1719,,
7048,gelerutec,7048,1719,,
7049,gelerutec,7049,1719,,
7050,gelerutec,7050,1719,,
7051,gelerutec,7051,1719,,
7052,tehsidetegenichurgew,7052,1719,,
7053,gelerutec,7053,1719,,
7054,gelerutec,7054,1719,,
7055,gelerutec,7055,1719,,
7056,gelerutec,7056,1719,,
7057,gelerutec,7057,1719,,
7058,gelerutec,7058,1719,,
7059,gelerutec,7059,1719,,
7060,gelerutec,7060,2158,,
7061,gelerutec,7061,2158,,
7062,gelerutec,7062,2158,,
7063,gelerutec,7063,2158,,
7064,liganelikquunedaw,7064,2158,12.170092714353697,3.68552849837323
7065,gelerutec,7065,2158,,
7066,gelerutec,7066,2158,,
7067,gelerutec,7067,2158,,
7068,gelerutec,7068,2158,,
7069,gelerutec,7069,2158,,
7070,gelerutec,7070,2158,,
7071,gelerutec,7071,2158,,
7072,tehsidetegenichurgew,7072,2158,,
7073,gelerutec,7073,2158,,
7074,gelerutec,7074,2158,,
7075,gelerutec,7075,2158,,
7076,gelerutec,7076,2158,,
7077,gelerutec,7077,2158,,
7078,gelerutec,7078,2158,,
7079,gelerutec,7079,2158,,
7080,gelerutec,7080,1107,,
7081,gelerutec,7081,1107,,
7082,gelerutec,7082,1107,,
7083,gelerutec,7083,1107,,
7084,liganelikquunedaw,7084,1107,34.48922707010221,13.991290101457412
7085,gelerutec,7085,1107,,
7086,gelerutec,7086,1107,,
7087,gelerutec,7087,1107,,
7088,gelerutec,7088,1107,,
7089,gelerutec,7089,1107,,
7090,gelerutec,7090,1107,,
7091,gelerutec,7091,1107,,
7092,tehsidetegenichurgew,7092,1107,,
7093,gelerutec,7093,1107,,
7094,gelerutec,7094,1107,,
7095,gelerutec,7095,1107,,
7096,gelerutec,7096,1107,,
7097,gelerutec,7097,1107,,
7098,gelerutec,7098,1107,,
7099,gelerutec,7099,1107,,
7100,gelerutec,7100,921,,
7101,gelerutec,7101,921,,
7102,gelerutec,7102,921,,
7103,gelerutec,7103,921,,
7104,liganelikquunedaw,7104,921,7.788741713019976,2.2680613956683517
7105,gelerutec,7105,921,,
7106,gelerutec,7106,921,,
7107,gelerutec,7107,921,,
7108,gelerutec,7108,921,,
7109,gelerutec,7109,921,,
7110,gelerutec,7110,921,,
7111,gelerutec,7111,921,,
7112,tehsidetegenichurgew,7112,921,,
7113,gelerutec,7113,921,,
7114,gelerutec,7114,921,,
7115,gelerutec,7115,921,,
7116,gelerutec,7116,921,,
7117,gelerutec,7117,921,,
7118,gelerutec,7118,921,,
7119,gelerutec,7119,921,,
7120,gelerutec,7120,2374,,
7121,gelerutec,7121,2374,,
7122,apicog,7122,2374,,
7123,ixfatadle,7123,2374,7.718376614455443,1.3841928636062035
7124,tehsidetegenichurgew,7124,2374,,
7125,itseidlaelextu,7125,2374,,
7126,itseidlaelextu,7126,2374,,
7127,itseidlaelextu,7127,2374,,
7128,itseidlaelextu,7128,2374,,
7129,itseidlaelextu,7129,2374,,
7130,itseidlaelextu,7130,2374,,
7131,itseidlaelextu,7131,2374,,
7132,itseidlaelextu,7132,2374,,
7133,itseidlaelextu,7133,2374,,
7134,itseidlaelextu,7134,2374,,
7135,itseidlaelextu,7135,2374,,
7136,itseidlaelextu,7136,2374,,
7137,itseidlaelextu,7137,2374,,
7138,itseidlaelextu,7138,2374,,
7139,itseidlaelextu,7139,2374,,
7140,gelerutec,7140,771,,
7141,gelerutec,7141,771,,
7142,apicog,7142,771,7.480163448287245,3.2895957906305413
7143,ixfatadle,7143,771,7.474268250464697,2.3750350887357685
7144,tehsidetegenichurgew,7144,771,,
7145,itseidlaelextu,7145,771,,
7146,itseidlaelextu,7146,771,,
7147,itseidlaelextu,7147,771,,
7148,itseidlaelextu,7148,771,,
7149,itseidlaelextu,7149,771,,
7150,itseidlaelextu,7150,771,,
7151,itseidlaelextu,7151,771,,
7152,itseidlaelextu,7152,771,,
7153,itseidlaelextu,7153,771,,
7154,itseidlaelextu,7154,771,,
7155,itseidlaelextu,7155,771,,
7156,itseidlaelextu,7156,771,,
7157,itseidlaelextu,7157,771,,
7158,itseidlaelextu,7158,771,,
7159,itseidlaelextu,7159,771,,
7160,gelerutec,7160,986,,
7161,gelerutec,7161,986,,
7162,apicog,7162,986,,
7163,apicog,7163,986,,
7164,tehsidetegenichurgew,7164,986,,
7165,itseidlaelextu,7165,986,,
7166,itseidlaelextu,7166,986,,
7167,itseidlaelextu,7167,986,,
7168,itseidlaelextu,7168,986,,
7169,itseidlaelextu,7169,986,,
7170,itseidlaelextu,7170,986,,
7171,itseidlaelextu,7171,986,,
7172,itseidlaelextu,7172,986,,
7173,itseidlaelextu,7173,986,,
7174,itseidlaelextu,7174,986,,
7175,itseidlaelextu,7175,986,,
7176,itseidlaelextu,7176,986,,
7177,itseidlaelextu,7177,986,,
7178,itseidlaelextu,7178,986,,
7179,itseidlaelextu,7179,986,,
7180,itseidlaelextu,7180,408,,
7181,itseidlaelextu,7181,408,,
7182,itseidlaelextu,7182,408,,
7183,itseidlaelextu,7183,408,,
7184,zavpomyisab,7184,408,6.972103367557085,0.9062238363323036
7185,asbicapadnitiin,7185,408,10.131780787919766,1.6601552169128373
7186,agtiposhifudew,7186,408,,
7187,fireolalixfetnerat,7187,408,7.338606665702662,0.708147057088485
7188,furuqzibumehew,7188,408,,
7189,bopevtunagaet,7189,408,11.166788841083674,2.5499659672759485
7190,firpervagowohannod,7190,408,13.583736630546376,1.4130606551524376
7191,rivelyefuvutycceb,7191,408,11.40091021393946,1.775032089796934
7192,quaemboizniluganic,7192,408,,
7193,bopevtunagaet,7193,408,11.39607355740802,2.80631058652001
7194,firpervagowohannod,7194,408,10.25501737112113,1.3624908474993342
7195,firpervagowohannod,7195,408,8.612035815710483,1.794037169687582
7196,firpervagowohannod,7196,408,12.290378855293834,2.2111258747862768
7197,quniocsulafryt,7197,408,2.359685613462118,1.2238064105481077
7198,quozagchofuquuri,7198,408,10.848519530066794,1.0837680496082462
7199,quniocsulafryt,7199,408,2.18440433886422,1.250919054615125
7200,itseidlaelextu,7200,1169,,
7201,itseidlaelextu,7201,1169,,
7202,itseidlaelextu,7202,1169,,
7203,itseidlaelextu,7203,1169,,
7204,zavpomyisab,7204,1169,17.55135410509094,3.242833968861368
7205,asbicapadnitiin,7205,1169,15.202180437687794,2.952654323032402
7206,agtiposhifudew,7206,1169,10.26902396406789,2.4729155181007862
7207,fireolalixfetnerat,7207,1169,9.21143703637744,2.266808281775744
7208,furuqzibumehew,7208,1169,6.479310706280469,3.41214865589304
7209,bopevtunagaet,7209,1169,,
7210,firpervagowohannod,7210,1169,23.7582944427728,2.089066580903253
7211,rivelyefuvutycceb,7211,1169,10.183844910571628,1.3815386083034846
7212,quaemboizniluganic,7212,1169,,
7213,bopevtunagaet,7213,1169,,
7214,firpervagowohannod,7214,1169,10.629770290696577,1.4590673899920483
7215,firpervagowohannod,7215,1169,13.960392846034344,1.91584934279192
7216,firpervagowohannod,7216,1169,23.75829444277283,2.628444756202836
7217,quniocsulafryt,7217,1169,7.9381848300180815,3.4952569747296183
7218,quozagchofuquuri,7218,1169,,
7219,quniocsulafryt,7219,1169,6.931033493078136,3.870281226600719
7220,itseidlaelextu,7220,857,,
7221,itseidlaelextu,7221,857,,
7222,itseidlaelextu,7222,857,,
7223,itseidlaelextu,7223,857,,
7224,zavpomyisab,7224,857,7.491939250986449,1.265849993134761
7225,asbicapadnitiin,7225,857,11.7394759189071,1.3145413401574009
7226,agtiposhifudew,7226,857,14.165101611752164,3.142226553665512
7227,fireolalixfetnerat,7227,857,8.284842451512606,1.1144543802501627
7228,furuqzibumehew,7228,857,6.546376185349347,2.763077216597962
7229,bopevtunagaet,7229,857,,
7230,firpervagowohannod,7230,857,,
7231,rivelyefuvutycceb,7231,857,7.793433993254966,1.4987771572327602
7232,quaemboizniluganic,7232,857,,
7233,bopevtunagaet,7233,857,,
7234,firpervagowohannod,7234,857,10.047894667074203,0.9273977409898724
7235,firpervagowohannod,7235,857,9.957375149449874,1.3614667626056485
7236,firpervagowohannod,7236,857,15.251374506669832,0.9817676444753316
7237,quniocsulafryt,7237,857,3.470850723641976,2.053804792817518
7238,quozagchofuquuri,7238,857,,
7239,quniocsulafryt,7239,857,5.104780484021867,2.939514811546564
7240,itseidlaelextu,7240,2132,,
7241,itseidlaelextu,7241,2132,,
7242,itseidlaelextu,7242,2132,,
7243,itseidlaelextu,7243,2132,,
7244,zavpomyisab,7244,2132,,
7245,asbicapadnitiin,7245,2132,12.837105235384795,2.056681286567442
7246,agtiposhifudew,7246,2132,15.596661968717251,3.475669649396935
7247,fireolalixfetnerat,7247,2132,9.530199496917623,1.5416486328271637
7248,furuqzibumehew,7248,2132,,
7249,bopevtunagaet,7249,2132,,
7250,firpervagowohannod,7250,2132,,
7251,rivelyefuvutycceb,7251,2132,,
7252,quaemboizniluganic,7252,2132,,
7253,bopevtunagaet,7253,2132,,
7254,firpervagowohannod,7254,2132,,
7255,firpervagowohannod,7255,2132,,
7256,firpervagowohannod,7256,2132,,
7257,quniocsulafryt,7257,2132,6.169510852875696,2.9645563259231
7258,quozagchofuquuri,7258,2132,,
7259,quniocsulafryt,7259,2132,,
7260,atemrepdify,7260,469,10.812092763434473,2.8199029509740767
7261,quozagchofuquuri,7261,469,13.573545159315028,1.5921618675133926
7262,bopevtunagaet,7262,469,10.021485424622096,2.2784918431577066
7263,quniocsulafryt,7263,469,,
7264,garirquayprakuraf,7264,469,6.424103106380515,1.8958198087503364
7265,bopevtunagaet,7265,469,12.719541685678454,2.2528302896714
7266,firpervagowohannod,7266,469,,
7267,geneepedog,7267,469,11.06108603120915,2.448092651097153
7268,bopevtunagaet,7268,469,11.594241566946163,3.1999846076733385
7269,quozagchofuquuri,7269,469,12.1875608128817,1.9963113379343127
7270,degocig,7270,469,12.542484909382091,2.0948566392207164
7271,bymatokehoresen,7271,469,15.789277266091544,4.121525863503983
7272,quaemboizniluganic,7272,469,,
7273,seogix,7273,469,,
7274,reelta,7274,469,,
7275,ixfatadle,7275,469,14.954354690475997,4.553131948563664
7276,firpervagowohannod,7276,469,,
7277,bymatokehoresen,7277,469,,
7278,degocig,7278,469,13.573545159315044,1.945091933362068
7279,bopevtunagaet,7279,469,13.91559863828241,2.690332761310932
7280,atemrepdify,7280,1422,10.36126942751369,2.206271648990858
7281,quozagchofuquuri,7281,1422,11.876852014410035,1.5517197008667247
7282,bopevtunagaet,7282,1422,15.01428529260194,2.662548134688456
7283,quniocsulafryt,7283,1422,,
7284,garirquayprakuraf,7284,1422,5.62270938377625,2.193459250960032
7285,bopevtunagaet,7285,1422,,
7286,firpervagowohannod,7286,1422,18.31328557805053,3.5329009927159243
7287,geneepedog,7287,1422,,
7288,bopevtunagaet,7288,1422,,
7289,quozagchofuquuri,7289,1422,10.948203166150044,2.113347696765571
7290,degocig,7290,1422,12.624950026871174,2.839725640501982
7291,bymatokehoresen,7291,1422,,
7292,quaemboizniluganic,7292,1422,,
7293,seogix,7293,1422,,
7294,reelta,7294,1422,,
7295,reelta,7295,1422,,
7296,firpervagowohannod,7296,1422,16.6414376126136,2.490604145640958
7297,bymatokehoresen,7297,1422,9.665075427779634,2.748212258956249
7298,degocig,7298,1422,12.90495411410954,2.8528019597254963
7299,bopevtunagaet,7299,1422,,
7300,atemrepdify,7300,627,21.186979705861773,4.395450948486571
7301,quozagchofuquuri,7301,627,24.05365139508145,4.763804753877087
7302,bopevtunagaet,7302,627,20.2548826063591,5.965746899586113
7303,quniocsulafryt,7303,627,8.675875393192992,6.123874652317226
7304,garirquayprakuraf,7304,627,17.83546531197854,8.040041582789744
7305,bopevtunagaet,7305,627,21.15615445719748,7.514673303997649
7306,firpervagowohannod,7306,627,23.75829444277283,5.050463765841881
7307,geneepedog,7307,627,19.85928410175952,5.410380253367271
7308,bopevtunagaet,7308,627,21.466026216563023,6.574149852697825
7309,quozagchofuquuri,7309,627,21.435897129556555,3.69698365450394
7310,degocig,7310,627,23.75829444277282,6.315041656412355
7311,bymatokehoresen,7311,627,,
7312,quaemboizniluganic,7312,627,,
7313,seogix,7313,627,,
7314,reelta,7314,627,20.57518728568437,7.091127558946782
7315,ixfatadle,7315,627,18.778951899173368,5.598123581610166
7316,firpervagowohannod,7316,627,23.75829444277283,6.561273552230421
7317,bymatokehoresen,7317,627,16.14089434738869,5.434910374830911
7318,degocig,7318,627,23.75829444277282,5.257364282297312
7319,bopevtunagaet,7319,627,22.038230757480857,7.470967450473959
7320,atemrepdify,7320,2211,8.162831189465772,2.15648576827473
7321,quozagchofuquuri,7321,2211,,
7322,bopevtunagaet,7322,2211,11.26737113948499,2.181041127714604
7323,quniocsulafryt,7323,2211,4.80062649267893,2.076345719614469
7324,garirquayprakuraf,7324,2211,5.452602819292937,1.4572550082787994
7325,bopevtunagaet,7325,2211,9.37709911650042,2.5252318829289857
7326,firpervagowohannod,7326,2211,,
7327,geneepedog,7327,2211,,
7328,bopevtunagaet,7328,2211,9.381012600703432,1.8427642491946592
7329,quozagchofuquuri,7329,2211,,
7330,degocig,7330,2211,7.646538511399608,2.005703033841988
7331,bymatokehoresen,7331,2211,,
7332,quaemboizniluganic,7332,2211,,
7333,seogix,7333,2211,,
7334,reelta,7334,2211,,
7335,reelta,7335,2211,,
7336,firpervagowohannod,7336,2211,,
7337,bymatokehoresen,7337,2211,,
7338,degocig,7338,2211,9.245699167600204,1.5539888510320865
7339,bopevtunagaet,7339,2211,8.812657079936049,1.9162324743548
7340,atemrepdify,7340,1648,27.04102875149465,8.39844859411834
7341,quozagchofuquuri,7341,1648,,
7342,bopevtunagaet,7342,1648,,
7343,quniocsulafryt,7343,1648,11.847801447540316,6.516135485628623
7344,garirquayprakuraf,7344,1648,15.365947800330314,6.835475529496652
7345,bopevtunagaet,7345,1648,29.86451126478192,8.478407223095992
7346,firpervagowohannod,7346,1648,40.093688324675554,5.98118223435615
7347,geneepedog,7347,1648,20.648135162920266,6.7027352133729945
7348,bopevtunagaet,7348,1648,24.75804598169804,9.206193351607803
7349,quozagchofuquuri,7349,1648,,
7350,degocig,7350,1648,26.09312251686743,8.445484614524817
7351,bymatokehoresen,7351,1648,24.8504492570068,10.15407381278067
7352,quaemboizniluganic,7352,1648,,
7353,seogix,7353,1648,,
7354,reelta,7354,1648,25.54409910846175,12.989402029303683
7355,ixfatadle,7355,1648,18.624554721016047,9.866754317924974
7356,firpervagowohannod,7356,1648,28.107122678302,6.1035724800196505
7357,bymatokehoresen,7357,1648,28.652665455361504,7.899249203128708
7358,degocig,7358,1648,27.447649958559158,6.872800771556813
7359,bopevtunagaet,7359,1648,27.34963346327501,7.130388718588202
7360,atemrepdify,7360,216,3.670504401978002,0.7197662990725644
7361,quozagchofuquuri,7361,216,,
7362,bopevtunagaet,7362,216,,
7363,quniocsulafryt,7363,216,1.5788585151191572,0.8337302189561967
7364,garirquayprakuraf,7364,216,3.0779060310138164,0.1532679474284594
7365,bopevtunagaet,7365,216,,
7366,firpervagowohannod,7366,216,,
7367,geneepedog,7367,216,4.3809585935515605,0.794683618709078
7368,bopevtunagaet,7368,216,,
7369,quozagchofuquuri,7369,216,,
7370,degocig,7370,216,4.714468872125491,0.5896335666127176
7371,bymatokehoresen,7371,216,4.476434364430034,0.9544699127768528
7372,quaemboizniluganic,7372,216,,
7373,seogix,7373,216,,
7374,reelta,7374,216,3.265047985686566,1.6494116574364206
7375,ixfatadle,7375,216,5.162494152251239,1.1052308866454437
7376,firpervagowohannod,7376,216,6.859168756620428,0.8368556248235492
7377,bymatokehoresen,7377,216,5.826198336609489,0.9768953183971674
7378,degocig,7378,216,4.120635204194357,0.8356266323596204
7379,bopevtunagaet,7379,216,,
7380,atemrepdify,7380,132,4.63199785838281,1.5579804788970173
7381,quozagchofuquuri,7381,132,,
7382,bopevtunagaet,7382,132,14.18310915805882,1.7960001908010963
7383,quniocsulafryt,7383,132,2.098700206345955,0.8361258581415928
7384,garirquayprakuraf,7384,132,5.004145672582899,0.83465972591148
7385,bopevtunagaet,7385,132,15.074824974791762,2.2172593841249624
7386,firpervagowohannod,7386,132,9.544699127854022,0.981468507471568
7387,geneepedog,7387,132,,
7388,bopevtunagaet,7388,132,,
7389,quozagchofuquuri,7389,132,,
7390,degocig,7390,132,7.949172684163102,1.4601738491502865
7391,bymatokehoresen,7391,132,,
7392,quaemboizniluganic,7392,132,,
7393,seogix,7393,132,,
7394,reelta,7394,132,7.678929596621344,2.4573111170637283
7395,reelta,7395,132,,
7396,firpervagowohannod,7396,132,10.606332991254442,0.9267642725150717
7397,bymatokehoresen,7397,132,,
7398,degocig,7398,132,4.805689545463201,1.408898464493255
7399,bopevtunagaet,7399,132,,
7400,atemrepdify,7400,110,7.998804982384849,2.4245426082000017
7401,quozagchofuquuri,7401,110,12.798510774011014,3.235211006112135
7402,bopevtunagaet,7402,110,19.87170805253795,2.8390792934857703
7403,quniocsulafryt,7403,110,,
7404,garirquayprakuraf,7404,110,5.9513200928543455,1.4782612087825533
7405,bopevtunagaet,7405,110,,
7406,firpervagowohannod,7406,110,13.413537070806616,1.72426440851358
7407,geneepedog,7407,110,14.8628129714616,4.889118396480413
7408,bopevtunagaet,7408,110,17.562502207221705,4.303204046168579
7409,quozagchofuquuri,7409,110,14.522592962359862,2.982331972853242
7410,degocig,7410,110,7.621527051812065,1.6170494825225157
7411,bymatokehoresen,7411,110,10.38453967839757,2.7264091132334274
7412,quaemboizniluganic,7412,110,,
7413,seogix,7413,110,,
7414,reelta,7414,110,,
7415,reelta,7415,110,,
7416,firpervagowohannod,7416,110,14.73292500322112,1.9575443206396244
7417,bymatokehoresen,7417,110,13.28414301324572,2.539927827855526
7418,degocig,7418,110,6.530601829604683,1.92845249439872
7419,bopevtunagaet,7419,110,18.22793474535357,4.048167447212105
7420,ixfatadle,7420,1300,9.202540565381751,3.155980198269256
7421,seogix,7421,1300,,
7422,seogix,7422,1300,,
7423,leresgodat,7423,1300,12.090558311665369,3.1394065758741942
7424,degocig,7424,1300,15.048871587466769,2.41670554976721
7425,ixfatadle,7425,1300,7.664929897435964,2.3002960896735654
7426,apicog,7426,1300,13.023188045292548,3.621291757929588
7427,asbicapadnitiin,7427,1300,17.120266174019665,2.6558567310920638
7428,ixfatadle,7428,1300,8.79699940027074,2.3193649107135896
7429,degocig,7429,1300,14.908213390716684,1.9845462075051303
7430,seogix,7430,1300,,
7431,ixfatadle,7431,1300,10.989923709369604,2.471371393362141
7432,ixfatadle,7432,1300,8.19707733276073,2.532691963828406
7433,asbicapadnitiin,7433,1300,19.060449661060755,2.745954946787967
7434,bopevtunagaet,7434,1300,14.009226989803029,4.463887855866831
7435,seogix,7435,1300,,
7436,ixfatadle,7436,1300,11.387676987683928,2.971111119406702
7437,rivelyefuvutycceb,7437,1300,16.74042801094205,3.1950485712249423
7438,ixfatadle,7438,1300,7.59353358150003,2.544547982328337
7439,ucfeegxechawivgoas,7439,1300,12.571161794610676,2.4755355994645654
7440,ixfatadle,7440,1105,19.1733832720728,6.288516830042389
7441,seogix,7441,1105,,
7442,ixfatadle,7442,1105,21.893259466384063,7.563214152706146
7443,leresgodat,7443,1105,23.7582944427728,6.556284682106124
7444,degocig,7444,1105,26.84519929496031,5.680252603595503
7445,ixfatadle,7445,1105,18.409906642817244,8.24305172700101
7446,apicog,7446,1105,20.88965375560052,10.041229415675613
7447,asbicapadnitiin,7447,1105,24.99144239309594,6.468752532853148
7448,ixfatadle,7448,1105,19.677251992236467,7.403462601473214
7449,degocig,7449,1105,23.7582944427728,5.2133636655656845
7450,seogix,7450,1105,,
7451,ixfatadle,7451,1105,16.07407417590298,5.646525145360126
7452,ixfatadle,7452,1105,19.852034864790888,7.547571098737652
7453,asbicapadnitiin,7453,1105,23.739727586337025,6.991748182640103
7454,bopevtunagaet,7454,1105,,
7455,seogix,7455,1105,,
7456,ixfatadle,7456,1105,16.387176784479145,6.219166856951391
7457,rivelyefuvutycceb,7457,1105,25.563220210173046,5.560585635083879
7458,ixfatadle,7458,1105,15.64273787995036,5.634473505646751
7459,ucfeegxechawivgoas,7459,1105,,
7460,ixfatadle,7460,1196,16.423779307588806,8.038333998559635
7461,seogix,7461,1196,,
7462,ixfatadle,7462,1196,16.90028900839741,8.496743236960333
7463,leresgodat,7463,1196,18.26635925597823,8.796506570589715
7464,degocig,7464,1196,26.843717127333736,6.7616183522122215
7465,ixfatadle,7465,1196,19.11768068291936,7.300064808750488
7466,apicog,7466,1196,,
7467,asbicapadnitiin,7467,1196,29.821182763198514,8.551320813704343
7468,ixfatadle,7468,1196,23.04938590177553,9.278725585363022
7469,degocig,7469,1196,23.778794712830216,7.230497657647629
7470,seogix,7470,1196,,
7471,ixfatadle,7471,1196,18.53730125098461,8.869699676807798
7472,ixfatadle,7472,1196,17.71399648449594,8.438875980900589
7473,asbicapadnitiin,7473,1196,22.853047889142765,8.873540756074773
7474,bopevtunagaet,7474,1196,,
7475,seogix,7475,1196,,
7476,ixfatadle,7476,1196,17.761781291744278,8.379163732023759
7477,rivelyefuvutycceb,7477,1196,28.447956538467405,8.67120269960807
7478,ixfatadle,7478,1196,13.130298315258518,6.222754166400972
7479,ucfeegxechawivgoas,7479,1196,,
7480,ucfeegxechawivgoas,7480,1819,,
7481,seogix,7481,1819,,
7482,seogix,7482,1819,,
7483,leresgodat,7483,1819,23.75829444277283,10.880694841884544
7484,degocig,7484,1819,26.02641010334283,7.185329042918206
7485,degocig,7485,1819,,
7486,apicog,7486,1819,,
7487,asbicapadnitiin,7487,1819,25.92397958925805,7.553738697683319
7488,asbicapadnitiin,7488,1819,,
7489,degocig,7489,1819,28.711532144797484,3.9163634626200654
7490,seogix,7490,1819,,
7491,seogix,7491,1819,,
7492,seogix,7492,1819,,
7493,asbicapadnitiin,7493,1819,26.634562157123845,5.989175041845885
7494,bopevtunagaet,7494,1819,27.98258020296335,6.682992209640927
7495,seogix,7495,1819,,
7496,seogix,7496,1819,,
7497,rivelyefuvutycceb,7497,1819,,
7498,rivelyefuvutycceb,7498,1819,,
7499,ucfeegxechawivgoas,7499,1819,23.75829444277282,5.996639047529308
7500,ucfeegxechawivgoas,7500,1217,,
7501,seogix,7501,1217,,
7502,seogix,7502,1217,,
7503,leresgodat,7503,1217,10.826732309128028,2.814015758698452
7504,degocig,7504,1217,8.927545475886681,1.7692326695616607
7505,degocig,7505,1217,,
7506,apicog,7506,1217,,
7507,asbicapadnitiin,7507,1217,8.095686289656436,1.5571171739072638
7508,asbicapadnitiin,7508,1217,,
7509,degocig,7509,1217,9.403093188292663,1.459067389993202
7510,seogix,7510,1217,,
7511,seogix,7511,1217,,
7512,seogix,7512,1217,,
7513,asbicapadnitiin,7513,1217,8.729560534851505,1.442387910025026
7514,bopevtunagaet,7514,1217,7.127371553951403,1.7629978351590696
7515,seogix,7515,1217,,
7516,seogix,7516,1217,,
7517,rivelyefuvutycceb,7517,1217,,
7518,rivelyefuvutycceb,7518,1217,,
7519,ucfeegxechawivgoas,7519,1217,4.858807129067407,1.2752206669000377
7520,rivelyefuvutycceb,7520,1949,10.190337639919765,1.8958198087603115
7521,degocig,7521,1949,7.48307307564948,1.3764814227440014
7522,seogix,7522,1949,,
7523,rivelyefuvutycceb,7523,1949,8.93698028450919,1.2177328921210604
7524,bopevtunagaet,7524,1949,6.643606431718242,1.858670104262983
7525,weryrfafetebxir,7525,1949,12.058819040794974,2.3041224789227988
7526,asbicapadnitiin,7526,1949,9.258324360707558,1.7871576808142833
7527,firpervagowohannod,7527,1949,6.718050769988222,3.327185563220649
7528,seogix,7528,1949,,
7529,rivelyefuvutycceb,7529,1949,8.74307666077632,2.593128802498423
7530,firpervagowohannod,7530,1949,9.09998993772901,1.6974468424359554
7531,seogix,7531,1949,,
7532,wawaseguadtimuj,7532,1949,,
7533,rivelyefuvutycceb,7533,1949,8.833216567244122,2.6697895058237733
7534,degocig,7534,1949,7.233624034670368,1.6928998116686624
7535,rivelyefuvutycceb,7535,1949,9.166212949135025,2.3692480857992475
7536,seogix,7536,1949,,
7537,degocig,7537,1949,8.122306498706775,1.359038220224748
7538,itseidlaelextu,7538,1949,,
7539,garirquayprakuraf,7539,1949,6.403271809932136,1.095959602907134
7540,rivelyefuvutycceb,7540,2321,25.776337376408044,10.665621219804668
7541,degocig,7541,2321,27.53142779539022,6.974891542076676
7542,seogix,7542,2321,,
7543,rivelyefuvutycceb,7543,2321,27.94761276255724,12.431562412495149
7544,bopevtunagaet,7544,2321,25.809089074050096,7.915263798743338
7545,weryrfafetebxir,7545,2321,27.98258020301072,8.995927660454996
7546,asbicapadnitiin,7546,2321,32.20966118982878,10.334965775079263
7547,firpervagowohannod,7547,2321,24.434737691384584,8.819909539583444
7548,seogix,7548,2321,,
7549,rivelyefuvutycceb,7549,2321,29.71071586688558,11.342507697779684
7550,firpervagowohannod,7550,2321,26.1092354217949,8.928055275956906
7551,seogix,7551,2321,,
7552,wawaseguadtimuj,7552,2321,23.75829444277281,9.681770765224968
7553,rivelyefuvutycceb,7553,2321,29.233827036764243,10.586172858976866
7554,degocig,7554,2321,30.13955828357474,6.905673574522147
7555,rivelyefuvutycceb,7555,2321,26.256240994469053,9.961355440247116
7556,seogix,7556,2321,,
7557,degocig,7557,2321,26.93951222681139,6.596422586821602
7558,itseidlaelextu,7558,2321,,
7559,garirquayprakuraf,7559,2321,19.34527827766693,8.502314037101243
7560,rivelyefuvutycceb,7560,2271,16.35351682790595,3.5643037035854475
7561,degocig,7561,2271,16.976500914156524,1.938854679905824
7562,seogix,7562,2271,,
7563,rivelyefuvutycceb,7563,2271,15.373575454657194,3.3072687430874823
7564,bopevtunagaet,7564,2271,,
7565,weryrfafetebxir,7565,2271,17.240813287514943,3.0173258654112334
7566,asbicapadnitiin,7566,2271,17.17770886554523,3.7882305657233686
7567,firpervagowohannod,7567,2271,15.476222622122988,4.199688592000912
7568,seogix,7568,2271,,
7569,rivelyefuvutycceb,7569,2271,15.843880117023078,3.48705633042283
7570,firpervagowohannod,7570,2271,15.429722990013875,3.4155891898261808
7571,seogix,7571,2271,,
7572,wawaseguadtimuj,7572,2271,,
7573,rivelyefuvutycceb,7573,2271,19.03488641211836,3.52809781626811
7574,degocig,7574,2271,16.096244484978598,2.219807255377229
7575,rivelyefuvutycceb,7575,2271,14.396918740348635,3.271561691571892
7576,seogix,7576,2271,,
7577,degocig,7577,2271,18.005905971509605,2.2545566590571293
7578,itseidlaelextu,7578,2271,,
7579,garirquayprakuraf,7579,2271,11.331169425323605,3.7769355401782887
7580,rivelyefuvutycceb,7580,288,38.10495943121338,6.03893217818485
7581,degocig,7581,288,51.03299071947372,5.310739907376987
7582,seogix,7582,288,,
7583,rivelyefuvutycceb,7583,288,44.41002747995472,6.699755557670645
7584,bopevtunagaet,7584,288,,
7585,weryrfafetebxir,7585,288,35.96934562595587,7.637489611698749
7586,asbicapadnitiin,7586,288,37.862445416344734,10.396296042094454
7587,firpervagowohannod,7587,288,23.75829444277282,3.901941268853595
7588,seogix,7588,288,,
7589,rivelyefuvutycceb,7589,288,44.42095739398142,7.039822235220936
7590,firpervagowohannod,7590,288,39.40039079772145,7.573098245198381
7591,seogix,7591,288,,
7592,wawaseguadtimuj,7592,288,,
7593,rivelyefuvutycceb,7593,288,32.26392227589226,5.089124814359689
7594,degocig,7594,288,47.21954196963794,6.458305117063144
7595,rivelyefuvutycceb,7595,288,32.794371697676226,6.290349316846405
7596,seogix,7596,288,,
7597,degocig,7597,288,52.47822255303081,4.87966489121979
7598,itseidlaelextu,7598,288,,
7599,garirquayprakuraf,7599,288,15.290830371983144,6.700653975745889
7600,rivelyefuvutycceb,7600,2239,18.42981346199368,4.362502960657503
7601,degocig,7601,2239,23.75829444277283,3.2766065082863878
7602,seogix,7602,2239,,
7603,rivelyefuvutycceb,7603,2239,16.6339022575976,4.648625941386904
7604,bopevtunagaet,7604,2239,14.534618533758549,4.396028932828924
7605,weryrfafetebxir,7605,2239,23.75829444277281,3.0604696333831307
7606,asbicapadnitiin,7606,2239,22.354131445364896,3.93192780993545
7607,firpervagowohannod,7607,2239,23.7582944427728,4.608372396489224
7608,seogix,7608,2239,,
7609,rivelyefuvutycceb,7609,2239,16.974040273069946,4.320416556547466
7610,firpervagowohannod,7610,2239,23.75829444277282,4.102065646971286
7611,seogix,7611,2239,,
7612,wawaseguadtimuj,7612,2239,12.051883240748506,4.808865811213979
7613,rivelyefuvutycceb,7613,2239,20.174721398847858,4.389595084506526
7614,degocig,7614,2239,20.952614712009925,2.738847187851087
7615,rivelyefuvutycceb,7615,2239,19.94972365977962,4.39227003608091
7616,seogix,7616,2239,,
7617,degocig,7617,2239,21.982131763020497,3.832464948722015
7618,itseidlaelextu,7618,2239,,
7619,garirquayprakuraf,7619,2239,8.812657079936058,3.798216620904698
7620,itseidlaelextu,7620,2366,,
7621,itseidlaelextu,7621,2366,,
7622,itseidlaelextu,7622,2366,,
7623,itseidlaelextu,7623,2366,,
7624,itseidlaelextu,7624,2366,,
7625,itseidlaelextu,7625,2366,,
7626,itseidlaelextu,7626,2366,,
7627,itseidlaelextu,7627,2366,,
7628,itseidlaelextu,7628,2366,,
7629,itseidlaelextu,7629,2366,,
7630,itseidlaelextu,7630,2366,,
7631,itseidlaelextu,7631,2366,,
7632,itseidlaelextu,7632,2366,,
7633,itseidlaelextu,7633,2366,,
7634,itseidlaelextu,7634,2366,,
7635,itseidlaelextu,7635,2366,,
7636,itseidlaelextu,7636,2366,,
7637,itseidlaelextu,7637,2366,,
7638,itseidlaelextu,7638,2366,,
7639,itseidlaelextu,7639,2366,,
7640,itseidlaelextu,7640,2095,,
7641,itseidlaelextu,7641,2095,,
7642,itseidlaelextu,7642,2095,,
7643,itseidlaelextu,7643,2095,,
7644,itseidlaelextu,7644,2095,,
7645,itseidlaelextu,7645,2095,,
7646,itseidlaelextu,7646,2095,,
7647,itseidlaelextu,7647,2095,,
7648,itseidlaelextu,7648,2095,,
7649,itseidlaelextu,7649,2095,,
7650,itseidlaelextu,7650,2095,,
7651,itseidlaelextu,7651,2095,,
7652,itseidlaelextu,7652,2095,,
7653,itseidlaelextu,7653,2095,,
7654,itseidlaelextu,7654,2095,,
7655,itseidlaelextu,7655,2095,,
7656,itseidlaelextu,7656,2095,,
7657,itseidlaelextu,7657,2095,,
7658,itseidlaelextu,7658,2095,,
7659,itseidlaelextu,7659,2095,,
7660,itseidlaelextu,7660,375,,
7661,itseidlaelextu,7661,375,,
7662,itseidlaelextu,7662,375,,
7663,itseidlaelextu,7663,375,,
7664,itseidlaelextu,7664,375,,
7665,itseidlaelextu,7665,375,,
7666,itseidlaelextu,7666,375,,
7667,itseidlaelextu,7667,375,,
7668,itseidlaelextu,7668,375,,
7669,itseidlaelextu,7669,375,,
7670,itseidlaelextu,7670,375,,
7671,itseidlaelextu,7671,375,,
7672,itseidlaelextu,7672,375,,
7673,itseidlaelextu,7673,375,,
7674,itseidlaelextu,7674,375,,
7675,itseidlaelextu,7675,375,,
7676,itseidlaelextu,7676,375,,
7677,itseidlaelextu,7677,375,,
7678,itseidlaelextu,7678,375,,
7679,itseidlaelextu,7679,375,,
7680,itseidlaelextu,7680,1116,,
7681,itseidlaelextu,7681,1116,,
7682,itseidlaelextu,7682,1116,,
7683,itseidlaelextu,7683,1116,,
7684,itseidlaelextu,7684,1116,,
7685,itseidlaelextu,7685,1116,,
7686,itseidlaelextu,7686,1116,,
7687,itseidlaelextu,7687,1116,,
7688,itseidlaelextu,7688,1116,,
7689,itseidlaelextu,7689,1116,,
7690,itseidlaelextu,7690,1116,,
7691,itseidlaelextu,7691,1116,,
7692,itseidlaelextu,7692,1116,,
7693,itseidlaelextu,7693,1116,,
7694,itseidlaelextu,7694,1116,,
7695,itseidlaelextu,7695,1116,,
7696,itseidlaelextu,7696,1116,,
7697,itseidlaelextu,7697,1116,,
7698,itseidlaelextu,7698,1116,,
7699,itseidlaelextu,7699,1116,,
7700,itseidlaelextu,7700,1406,,
7701,itseidlaelextu,7701,1406,,
7702,itseidlaelextu,7702,1406,,
7703,itseidlaelextu,7703,1406,,
7704,itseidlaelextu,7704,1406,,
7705,itseidlaelextu,7705,1406,,
7706,itseidlaelextu,7706,1406,,
7707,itseidlaelextu,7707,1406,,
7708,itseidlaelextu,7708,1406,,
7709,itseidlaelextu,7709,1406,,
7710,itseidlaelextu,7710,1406,,
7711,itseidlaelextu,7711,1406,,
7712,itseidlaelextu,7712,1406,,
7713,itseidlaelextu,7713,1406,,
7714,itseidlaelextu,7714,1406,,
7715,itseidlaelextu,7715,1406,,
7716,itseidlaelextu,7716,1406,,
7717,itseidlaelextu,7717,1406,,
7718,itseidlaelextu,7718,1406,,
7719,itseidlaelextu,7719,1406,,
7720,itseidlaelextu,7720,1167,,
7721,weebambapcucawkikla,7721,1167,,
7722,rivelyefuvutycceb,7722,1167,29.85446583083679,8.966215861187477
7723,bymatokehoresen,7723,1167,19.27633889389514,9.009993202196949
7724,nowichosfehu,7724,1167,,
7725,degocig,7725,1167,24.689903632484576,6.75173143096939
7726,weebambapcucawkikla,7726,1167,,
7727,eraclorrenosansa,7727,1167,23.43306661130078,11.505915596760612
7728,bymatokehoresen,7728,1167,18.27394442498804,7.19706853344987
7729,rivelyefuvutycceb,7729,1167,31.07397416662109,8.333021735503882
7730,weebambapcucawkikla,7730,1167,,
7731,furuqzibumehew,7731,1167,20.02486938465128,11.208697824507762
7732,degocig,7732,1167,29.95596938546884,6.808703229976308
7733,quozagchofuquuri,7733,1167,,
7734,gelerutec,7734,1167,,
7735,gelerutec,7735,1167,,
7736,gelerutec,7736,1167,,
7737,gelerutec,7737,1167,,
7738,gelerutec,7738,1167,,
7739,gelerutec,7739,1167,,
7740,itseidlaelextu,7740,2134,,
7741,weebambapcucawkikla,7741,2134,,
7742,rivelyefuvutycceb,7742,2134,17.502854001413873,3.713487376051477
7743,bymatokehoresen,7743,2134,12.84393172524467,3.496474914825028
7744,nowichosfehu,7744,2134,,
7745,degocig,7745,2134,16.195648028770076,2.3750350887400256
7746,weebambapcucawkikla,7746,2134,,
7747,eraclorrenosansa,7747,2134,19.450911239961812,9.548030383195758
7748,bymatokehoresen,7748,2134,12.826292991727431,3.3568829679546623
7749,rivelyefuvutycceb,7749,2134,16.029004008536816,3.955830508049562
7750,weebambapcucawkikla,7750,2134,,
7751,furuqzibumehew,7751,2134,10.064494720753428,6.711709993924615
7752,degocig,7752,2134,15.709553398893885,2.7210996454721705
7753,quozagchofuquuri,7753,2134,,
7754,gelerutec,7754,2134,,
7755,gelerutec,7755,2134,,
7756,gelerutec,7756,2134,,
7757,gelerutec,7757,2134,,
7758,gelerutec,7758,2134,,
7759,gelerutec,7759,2134,,
7760,itseidlaelextu,7760,494,,
7761,weebambapcucawkikla,7761,494,,
7762,rivelyefuvutycceb,7762,494,10.591829880853735,3.311660720883216
7763,bymatokehoresen,7763,494,10.52417042308938,4.201785640391553
7764,nowichosfehu,7764,494,,
7765,degocig,7765,494,12.91757068401018,3.138650089601476
7766,weebambapcucawkikla,7766,494,,
7767,eraclorrenosansa,7767,494,,
7768,bymatokehoresen,7768,494,,
7769,rivelyefuvutycceb,7769,494,,
7770,weebambapcucawkikla,7770,494,,
7771,furuqzibumehew,7771,494,,
7772,degocig,7772,494,12.60240979418256,2.8162333682319822
7773,quozagchofuquuri,7773,494,12.71133007658885,2.4414079775272817
7774,gelerutec,7774,494,,
7775,gelerutec,7775,494,,
7776,gelerutec,7776,494,,
7777,gelerutec,7777,494,,
7778,gelerutec,7778,494,,
7779,gelerutec,7779,494,,
7780,itseidlaelextu,7780,258,,
7781,weebambapcucawkikla,7781,258,,
7782,rivelyefuvutycceb,7782,258,34.140037494958136,7.819538564569788
7783,bymatokehoresen,7783,258,27.01608170643649,11.318354979699428
7784,nowichosfehu,7784,258,,
7785,degocig,7785,258,27.96283288420972,6.483055403828044
7786,weebambapcucawkikla,7786,258,,
7787,eraclorrenosansa,7787,258,,
7788,bymatokehoresen,7788,258,24.91376260615876,10.864136999673752
7789,rivelyefuvutycceb,7789,258,27.634432604822813,6.680923644596811
7790,weebambapcucawkikla,7790,258,,
7791,furuqzibumehew,7791,258,22.34461913806137,13.359414051332104
7792,degocig,7792,258,26.386897783044265,5.477319119549745
7793,quozagchofuquuri,7793,258,,
7794,gelerutec,7794,258,,
7795,gelerutec,7795,258,,
7796,gelerutec,7796,258,,
7797,gelerutec,7797,258,,
7798,gelerutec,7798,258,,
7799,gelerutec,7799,258,,
7800,itseidlaelextu,7800,1665,,
7801,weebambapcucawkikla,7801,1665,,
7802,rivelyefuvutycceb,7802,1665,20.575643967808155,3.8211469856059503
7803,bymatokehoresen,7803,1665,14.595506310896488,5.250685635587757
7804,nowichosfehu,7804,1665,,
7805,degocig,7805,1665,15.642737879892492,3.0898320227785057
7806,weebambapcucawkikla,7806,1665,,
7807,eraclorrenosansa,7807,1665,,
7808,bymatokehoresen,7808,1665,12.3239307898682,4.572422410487016
7809,rivelyefuvutycceb,7809,1665,16.182617852588557,5.0927075181500046
7810,weebambapcucawkikla,7810,1665,,
7811,furuqzibumehew,7811,1665,13.78955905169849,6.666450995466777
7812,degocig,7812,1665,13.96039284603254,3.356882967971476
7813,quozagchofuquuri,7813,1665,,
7814,gelerutec,7814,1665,,
7815,gelerutec,7815,1665,,
7816,gelerutec,7816,1665,,
7817,gelerutec,7817,1665,,
7818,gelerutec,7818,1665,,
7819,gelerutec,7819,1665,,
7820,gelerutec,7820,2237,,
7821,gelerutec,7821,2237,,
7822,furuqzibumehew,7822,2237,29.884596915430325,19.33856466576616
7823,gelerutec,7823,2237,,
7824,gelerutec,7824,2237,,
7825,gelerutec,7825,2237,,
7826,gelerutec,7826,2237,,
7827,quozagchofuquuri,7827,2237,,
7828,gelerutec,7828,2237,,
7829,gelerutec,7829,2237,,
7830,gelerutec,7830,2237,,
7831,gelerutec,7831,2237,,
7832,gelerutec,7832,2237,,
7833,gelerutec,7833,2237,,
7834,gelerutec,7834,2237,,
7835,gelerutec,7835,2237,,
7836,gelerutec,7836,2237,,
7837,gelerutec,7837,2237,,
7838,weebambapcucawkikla,7838,2237,,
7839,gelerutec,7839,2237,,
7840,gelerutec,7840,1050,,
7841,gelerutec,7841,1050,,
7842,furuqzibumehew,7842,1050,10.5538226348753,6.008147525188661
7843,gelerutec,7843,1050,,
7844,gelerutec,7844,1050,,
7845,gelerutec,7845,1050,,
7846,gelerutec,7846,1050,,
7847,quozagchofuquuri,7847,1050,,
7848,gelerutec,7848,1050,,
7849,gelerutec,7849,1050,,
7850,gelerutec,7850,1050,,
7851,gelerutec,7851,1050,,
7852,gelerutec,7852,1050,,
7853,gelerutec,7853,1050,,
7854,gelerutec,7854,1050,,
7855,gelerutec,7855,1050,,
7856,gelerutec,7856,1050,,
7857,gelerutec,7857,1050,,
7858,weebambapcucawkikla,7858,1050,,
7859,gelerutec,7859,1050,,
7860,gelerutec,7860,289,,
7861,gelerutec,7861,289,,
7862,furuqzibumehew,7862,289,,
7863,gelerutec,7863,289,,
7864,gelerutec,7864,289,,
7865,gelerutec,7865,289,,
7866,gelerutec,7866,289,,
7867,quozagchofuquuri,7867,289,9.001311854970691,1.70886888236238
7868,gelerutec,7868,289,,
7869,gelerutec,7869,289,,
7870,gelerutec,7870,289,,
7871,gelerutec,7871,289,,
7872,gelerutec,7872,289,,
7873,gelerutec,7873,289,,
7874,gelerutec,7874,289,,
7875,gelerutec,7875,289,,
7876,gelerutec,7876,289,,
7877,gelerutec,7877,289,,
7878,weebambapcucawkikla,7878,289,,
7879,gelerutec,7879,289,,
7880,gelerutec,7880,451,,
7881,gelerutec,7881,451,,
7882,furuqzibumehew,7882,451,,
7883,gelerutec,7883,451,,
7884,gelerutec,7884,451,,
7885,gelerutec,7885,451,,
7886,gelerutec,7886,451,,
7887,quozagchofuquuri,7887,451,,
7888,gelerutec,7888,451,,
7889,gelerutec,7889,451,,
7890,gelerutec,7890,451,,
7891,gelerutec,7891,451,,
7892,gelerutec,7892,451,,
7893,gelerutec,7893,451,,
7894,gelerutec,7894,451,,
7895,gelerutec,7895,451,,
7896,gelerutec,7896,451,,
7897,gelerutec,7897,451,,
7898,weebambapcucawkikla,7898,451,,
7899,gelerutec,7899,451,,
7900,gelerutec,7900,1579,,
7901,gelerutec,7901,1579,,
7902,furuqzibumehew,7902,1579,20.931995437144803,12.680086180554827
7903,gelerutec,7903,1579,,
7904,gelerutec,7904,1579,,
7905,gelerutec,7905,1579,,
7906,gelerutec,7906,1579,,
7907,quozagchofuquuri,7907,1579,,
7908,gelerutec,7908,1579,,
7909,gelerutec,7909,1579,,
7910,gelerutec,7910,1579,,
7911,gelerutec,7911,1579,,
7912,gelerutec,7912,1579,,
7913,gelerutec,7913,1579,,
7914,gelerutec,7914,1579,,
7915,gelerutec,7915,1579,,
7916,gelerutec,7916,1579,,
7917,gelerutec,7917,1579,,
7918,weebambapcucawkikla,7918,1579,,
7919,gelerutec,7919,1579,,
7920,gelerutec,7920,641,,
7921,gelerutec,7921,641,,
7922,furuqzibumehew,7922,641,,
7923,gelerutec,7923,641,,
7924,gelerutec,7924,641,,
7925,gelerutec,7925,641,,
7926,gelerutec,7926,641,,
7927,quozagchofuquuri,7927,641,,
7928,gelerutec,7928,641,,
7929,gelerutec,7929,641,,
7930,gelerutec,7930,641,,
7931,gelerutec,7931,641,,
7932,gelerutec,7932,641,,
7933,gelerutec,7933,641,,
7934,gelerutec,7934,641,,
7935,gelerutec,7935,641,,
7936,gelerutec,7936,641,,
7937,gelerutec,7937,641,,
7938,weebambapcucawkikla,7938,641,,
7939,gelerutec,7939,641,,
7940,gelerutec,7940,704,,
7941,gelerutec,7941,704,,
7942,furuqzibumehew,7942,704,17.066163991301256,9.220829832621702
7943,gelerutec,7943,704,,
7944,gelerutec,7944,704,,
7945,gelerutec,7945,704,,
7946,gelerutec,7946,704,,
7947,quozagchofuquuri,7947,704,23.75829444277281,4.896185302223143
7948,gelerutec,7948,704,,
7949,gelerutec,7949,704,,
7950,gelerutec,7950,704,,
7951,gelerutec,7951,704,,
7952,gelerutec,7952,704,,
7953,gelerutec,7953,704,,
7954,gelerutec,7954,704,,
7955,gelerutec,7955,704,,
7956,gelerutec,7956,704,,
7957,gelerutec,7957,704,,
7958,weebambapcucawkikla,7958,704,,
7959,gelerutec,7959,704,,
7960,gelerutec,7960,1173,,
7961,gelerutec,7961,1173,,
7962,furuqzibumehew,7962,1173,5.864627324124803,3.3271855632410507
7963,geneepedog,7963,1173,12.189185537697613,2.014591792053525
7964,furuqzibumehew,7964,1173,8.903403533569783,3.513899594658091
7965,tegeagchef,7965,1173,11.52672790684402,2.1180717560222395
7966,furuqzibumehew,7966,1173,8.448952077848286,3.6350685462017256
7967,weebambapcucawkikla,7967,1173,,
7968,apicog,7968,1173,8.36593878129333,2.6609863129833218
7969,eryhiqu,7969,1173,11.641002565590556,2.5320125514264973
7970,quozagchofuquuri,7970,1173,,
7971,furuqzibumehew,7971,1173,6.435999244418649,3.20124609212312
7972,wawaseguadtimuj,7972,1173,11.778282766038728,2.699648591065256
7973,quozagchofuquuri,7973,1173,,
7974,weebambapcucawkikla,7974,1173,,
7975,vibiinedla,7975,1173,13.469689265382817,1.5921547303252706
7976,detojolorse,7976,1173,9.821414376212063,2.3205040569718767
7977,firpervagowohannod,7977,1173,15.476222622149354,1.7206417764530832
7978,geneepedog,7978,1173,10.249955128928692,1.8586701042585367
7979,apicog,7979,1173,7.612026505355219,1.7858453805220411
7980,gelerutec,7980,480,,
7981,gelerutec,7981,480,,
7982,furuqzibumehew,7982,480,,
7983,geneepedog,7983,480,,
7984,furuqzibumehew,7984,480,,
7985,tegeagchef,7985,480,,
7986,furuqzibumehew,7986,480,,
7987,weebambapcucawkikla,7987,480,,
7988,apicog,7988,480,,
7989,eryhiqu,7989,480,23.75829444277282,23.75829444277281
7990,quozagchofuquuri,7990,480,17.476763010707604,4.9560471175845
7991,furuqzibumehew,7991,480,,
7992,wawaseguadtimuj,7992,480,,
7993,quozagchofuquuri,7993,480,,
7994,weebambapcucawkikla,7994,480,,
7995,vibiinedla,7995,480,,
7996,detojolorse,7996,480,,
7997,firpervagowohannod,7997,480,,
7998,geneepedog,7998,480,,
7999,apicog,7999,480,,
8000,gelerutec,8000,716,,
8001,gelerutec,8001,716,,
8002,furuqzibumehew,8002,716,16.506698219650225,10.862037905979724
8003,geneepedog,8003,716,31.562632109472403,9.67277314284727
8004,furuqzibumehew,8004,716,16.151825785185792,8.894007390986008
8005,tegeagchef,8005,716,25.293950954743064,7.909083865247276
8006,furuqzibumehew,8006,716,11.356478777901229,8.365836464001648
8007,weebambapcucawkikla,8007,716,,
8008,apicog,8008,716,,
8009,eryhiqu,8009,716,,
8010,quozagchofuquuri,8010,716,,
8011,furuqzibumehew,8011,716,14.01318793591,8.155759626132031
8012,wawaseguadtimuj,8012,716,20.67257370853478,7.452136793988896
8013,quozagchofuquuri,8013,716,,
8014,weebambapcucawkikla,8014,716,,
8015,vibiinedla,8015,716,33.43802478714829,7.667576129599618
8016,detojolorse,8016,716,28.48221756759281,14.12855434752623
8017,firpervagowohannod,8017,716,35.427992968984945,9.47909904377096
8018,geneepedog,8018,716,31.12282957767195,9.272789986114857
8019,apicog,8019,716,23.75829444277282,10.177420959040026
8020,gelerutec,8020,2279,,
8021,gelerutec,8021,2279,,
8022,furuqzibumehew,8022,2279,9.869848911502382,4.16687322374566
8023,geneepedog,8023,2279,11.571520097169898,3.617281174801493
8024,furuqzibumehew,8024,2279,8.251463256219491,4.323134312705531
8025,tegeagchef,8025,2279,9.841218480566768,1.8169448938537776
8026,furuqzibumehew,8026,2279,8.029077510876455,3.5504777230777105
8027,weebambapcucawkikla,8027,2279,,
8028,apicog,8028,2279,9.46881953195616,3.6724451750577582
8029,eryhiqu,8029,2279,9.888328745719942,2.1630702199382625
8030,quozagchofuquuri,8030,2279,13.195738317045937,1.3606577300886002
8031,furuqzibumehew,8031,2279,10.304348982743493,4.286316337470162
8032,wawaseguadtimuj,8032,2279,10.217136709554538,2.556061832903861
8033,quozagchofuquuri,8033,2279,10.209791054281856,2.217424919203562
8034,weebambapcucawkikla,8034,2279,,
8035,vibiinedla,8035,2279,12.295957190064213,2.5598093453792328
8036,detojolorse,8036,2279,11.709159610150971,2.320504056954432
8037,firpervagowohannod,8037,2279,,
8038,geneepedog,8038,2279,10.162926175619416,2.661582968697639
8039,apicog,8039,2279,8.29436646976926,2.972543774807773
8040,axdimodpevtiqdeken,8040,1502,23.75829444277282,2.465281962566089
8041,quozagchofuquuri,8041,1502,,
8042,weebambapcucawkikla,8042,1502,,
8043,weebambapcucawkikla,8043,1502,,
8044,quozagchofuquuri,8044,1502,,
8045,zavpomyisab,8045,1502,,
8046,aturrooqel,8046,1502,12.724038084247407,3.942183003616435
8047,ducira,8047,1502,9.31171817157576,1.4040054381531066
8048,idpaadoressapneav,8048,1502,10.385973821550046,1.9262469901446149
8049,olegdameesictom,8049,1502,9.963035530044827,4.477319829215971
8050,wawaseguadtimuj,8050,1502,,
8051,weebambapcucawkikla,8051,1502,,
8052,idpaadoressapneav,8052,1502,9.983286655192297,1.8675418122485063
8053,nyvulamru,8053,1502,8.59087866415684,2.6522441492612256
8054,etetsuadnodsetcaes,8054,1502,10.093635489562487,3.506056642544863
8055,wawaseguadtimuj,8055,1502,,
8056,poilregerpiah,8056,1502,,
8057,cycnegaqiqovlaam,8057,1502,,
8058,poilregerpiah,8058,1502,,
8059,poilregerpiah,8059,1502,,
8060,axdimodpevtiqdeken,8060,1207,23.75829444277282,2.7106513066244573
8061,quozagchofuquuri,8061,1207,9.059711025786893,1.4720905634490309
8062,weebambapcucawkikla,8062,1207,,
8063,weebambapcucawkikla,8063,1207,,
8064,quozagchofuquuri,8064,1207,12.35211254335627,1.1171225355583383
8065,zavpomyisab,8065,1207,8.92997835063484,1.5002249499094742
8066,aturrooqel,8066,1207,,
8067,ducira,8067,1207,7.803812048699898,0.5208047372653465
8068,idpaadoressapneav,8068,1207,6.278782244403772,1.0253248112348667
8069,olegdameesictom,8069,1207,7.58327923503249,2.728481579043432
8070,wawaseguadtimuj,8070,1207,7.010113427444435,2.0702522970515838
8071,weebambapcucawkikla,8071,1207,,
8072,idpaadoressapneav,8072,1207,3.203010186105465,0.6445031601984764
8073,nyvulamru,8073,1207,7.821472246813965,1.63829205202515
8074,etetsuadnodsetcaes,8074,1207,7.794338204460226,3.964651056937785
8075,wawaseguadtimuj,8075,1207,,
8076,poilregerpiah,8076,1207,,
8077,cycnegaqiqovlaam,8077,1207,23.75829444277282,23.75829444277282
8078,poilregerpiah,8078,1207,,
8079,poilregerpiah,8079,1207,,
8080,axdimodpevtiqdeken,8080,1024,23.7582944427728,3.7398635445007216
8081,quozagchofuquuri,8081,1024,,
8082,weebambapcucawkikla,8082,1024,,
8083,weebambapcucawkikla,8083,1024,,
8084,quozagchofuquuri,8084,1024,,
8085,zavpomyisab,8085,1024,7.991519004568013,3.111367533299936
8086,aturrooqel,8086,1024,,
8087,ducira,8087,1024,6.677648796603177,1.2991679168775658
8088,idpaadoressapneav,8088,1024,6.604538155229634,1.538475845558286
8089,olegdameesictom,8089,1024,,
8090,wawaseguadtimuj,8090,1024,,
8091,weebambapcucawkikla,8091,1024,,
8092,idpaadoressapneav,8092,1024,6.19031127614127,1.2785874459679691
8093,nyvulamru,8093,1024,8.87433327521738,2.579077646736914
8094,etetsuadnodsetcaes,8094,1024,7.635028609425619,3.602611927267671
8095,wawaseguadtimuj,8095,1024,,
8096,poilregerpiah,8096,1024,,
8097,cycnegaqiqovlaam,8097,1024,,
8098,poilregerpiah,8098,1024,,
8099,poilregerpiah,8099,1024,,
8100,axdimodpevtiqdeken,8100,1750,23.75829444277282,2.6609392611750358
8101,quozagchofuquuri,8101,1750,,
8102,weebambapcucawkikla,8102,1750,,
8103,etsutgyeftuqichalsa,8103,1750,12.218551427718513,4.723809730424672
8104,quozagchofuquuri,8104,1750,,
8105,zavpomyisab,8105,1750,12.277236381056415,3.5325209866651357
8106,aturrooqel,8106,1750,13.135519134450494,3.5384653391029564
8107,ducira,8107,1750,11.227691899908478,1.105015840869235
8108,idpaadoressapneav,8108,1750,10.447921463472548,2.0515211114108123
8109,olegdameesictom,8109,1750,12.750981322508062,5.901238940393534
8110,wawaseguadtimuj,8110,1750,,
8111,weebambapcucawkikla,8111,1750,,
8112,idpaadoressapneav,8112,1750,7.2048894545941735,1.4277658016597494
8113,nyvulamru,8113,1750,13.550568234220064,2.7636085265235013
8114,etetsuadnodsetcaes,8114,1750,10.62147981477026,2.390746627810664
8115,wawaseguadtimuj,8115,1750,6.514563912536833,1.8627731337587352
8116,poilregerpiah,8116,1750,,
8117,cycnegaqiqovlaam,8117,1750,,
8118,poilregerpiah,8118,1750,,
8119,poilregerpiah,8119,1750,,
8120,axdimodpevtiqdeken,8120,987,20.5562581686844,11.267371139484998
8121,quozagchofuquuri,8121,987,,
8122,weebambapcucawkikla,8122,987,,
8123,weebambapcucawkikla,8123,987,,
8124,quozagchofuquuri,8124,987,,
8125,zavpomyisab,8125,987,,
8126,aturrooqel,8126,987,10.585604216590296,3.495046942159614
8127,ducira,8127,987,8.931161977415242,1.6222156067444764
8128,idpaadoressapneav,8128,987,8.695600911946919,2.1263767817012136
8129,olegdameesictom,8129,987,10.21713670959065,3.842603509562636
8130,wawaseguadtimuj,8130,987,,
8131,weebambapcucawkikla,8131,987,,
8132,idpaadoressapneav,8132,987,5.937445270840461,1.3605915480024824
8133,nyvulamru,8133,987,6.77376706027076,2.3041224789363337
8134,etetsuadnodsetcaes,8134,987,,
8135,wawaseguadtimuj,8135,987,,
8136,poilregerpiah,8136,987,,
8137,cycnegaqiqovlaam,8137,987,23.75829444277282,23.75829444277282
8138,poilregerpiah,8138,987,,
8139,poilregerpiah,8139,987,,
8140,axdimodpevtiqdeken,8140,1822,23.75829444277282,4.907060084970157
8141,quozagchofuquuri,8141,1822,,
8142,weebambapcucawkikla,8142,1822,,
8143,etsutgyeftuqichalsa,8143,1822,10.25909934297209,6.349035159628592
8144,quozagchofuquuri,8144,1822,12.04967805036473,2.5810124389563893
8145,zavpomyisab,8145,1822,11.41884323771862,4.748113911065791
8146,aturrooqel,8146,1822,12.564378957729431,3.79357521394724
8147,ducira,8147,1822,10.936597641998036,3.04333207366047
8148,idpaadoressapneav,8148,1822,12.397273894288478,2.8619619414174235
8149,olegdameesictom,8149,1822,14.21874149769418,5.438421072440945
8150,wawaseguadtimuj,8150,1822,9.399868360773612,4.423081673913448
8151,weebambapcucawkikla,8151,1822,,
8152,idpaadoressapneav,8152,1822,11.583102734855586,3.120788283887583
8153,nyvulamru,8153,1822,11.051033526472086,4.423579553752625
8154,etetsuadnodsetcaes,8154,1822,11.997292729012464,3.956124517146268
8155,wawaseguadtimuj,8155,1822,,
8156,poilregerpiah,8156,1822,,
8157,cycnegaqiqovlaam,8157,1822,,
8158,poilregerpiah,8158,1822,,
8159,poilregerpiah,8159,1822,,
8160,axdimodpevtiqdeken,8160,1054,58.120568012073456,13.456391931038562
8161,quozagchofuquuri,8161,1054,,
8162,weebambapcucawkikla,8162,1054,,
8163,etsutgyeftuqichalsa,8163,1054,29.019004506914683,15.392977565930742
8164,quozagchofuquuri,8164,1054,,
8165,zavpomyisab,8165,1054,30.28466973341056,14.119214983140344
8166,aturrooqel,8166,1054,37.88605996042152,12.063292615711804
8167,ducira,8167,1054,26.34912685588869,10.509039896070684
8168,idpaadoressapneav,8168,1054,31.27387128961797,14.567536042603532
8169,olegdameesictom,8169,1054,30.046323038658368,16.667365601740663
8170,wawaseguadtimuj,8170,1054,27.1503256466666,15.175684835980851
8171,weebambapcucawkikla,8171,1054,,
8172,idpaadoressapneav,8172,1054,34.22673647452358,10.903535569332536
8173,nyvulamru,8173,1054,31.77847831325429,15.023161519329175
8174,etetsuadnodsetcaes,8174,1054,,
8175,wawaseguadtimuj,8175,1054,27.62016331269416,13.936030872515104
8176,poilregerpiah,8176,1054,,
8177,cycnegaqiqovlaam,8177,1054,,
8178,poilregerpiah,8178,1054,,
8179,poilregerpiah,8179,1054,,
8180,weebambapcucawkikla,8180,311,,
8181,poilregerpiah,8181,311,,
8182,wawaseguadtimuj,8182,311,22.99020807906186,9.242594160263597
8183,ysuwgefa,8183,311,32.20387171337431,8.41971648541195
8184,ardoro,8184,311,31.867643334454293,11.211177272431732
8185,poilregerpiah,8185,311,34.89170144718447,11.852588757138625
8186,enzeobrunelic,8186,311,31.034394017187832,7.141385926231985
8187,wawaseguadtimuj,8187,311,26.708286671507093,8.668628682591553
8188,leresgodat,8188,311,35.007994022337286,9.056822188518176
8189,idpaadoressapneav,8189,311,,
8190,enezeserasit,8190,311,20.708020026085062,7.443974465854352
8191,wawaseguadtimuj,8191,311,17.166694329769932,11.28013870296239
8192,enezeserasit,8192,311,25.784752887614484,11.321356648147502
8193,geneepedog,8193,311,,
8194,wawaseguadtimuj,8194,311,16.58941015020043,8.163946380535021
8195,apicog,8195,311,25.595471886666008,12.352112543391856
8196,geneepedog,8196,311,,
8197,geneepedog,8197,311,,
8198,geneepedog,8198,311,32.304075054892834,8.798067475246246
8199,wawaseguadtimuj,8199,311,25.69733801284561,8.859845234003512
8200,weebambapcucawkikla,8200,457,,
8201,poilregerpiah,8201,457,,
8202,wawaseguadtimuj,8202,457,,
8203,ysuwgefa,8203,457,12.077523982097812,3.3808091760964567
8204,ardoro,8204,457,15.380074218458246,4.789788078105166
8205,poilregerpiah,8205,457,14.114202770913735,3.414815371944592
8206,enzeobrunelic,8206,457,13.424263611590602,2.547431323739604
8207,wawaseguadtimuj,8207,457,,
8208,leresgodat,8208,457,15.36236448375772,4.095673518082262
8209,idpaadoressapneav,8209,457,9.131904010225384,2.7881113800704083
8210,enezeserasit,8210,457,13.209855743237346,3.572619809327322
8211,wawaseguadtimuj,8211,457,,
8212,enezeserasit,8212,457,8.736609110635879,3.7324757643956015
8213,geneepedog,8213,457,,
8214,wawaseguadtimuj,8214,457,,
8215,apicog,8215,457,9.443627115894044,3.847404538849105
8216,geneepedog,8216,457,,
8217,enezeserasit,8217,457,13.509769339857003,3.6431375207211976
8218,geneepedog,8218,457,,
8219,wawaseguadtimuj,8219,457,,
8220,weebambapcucawkikla,8220,985,,
8221,poilregerpiah,8221,985,,
8222,wawaseguadtimuj,8222,985,,
8223,ysuwgefa,8223,985,3.996188026939656,1.481436001614041
8224,ardoro,8224,985,,
8225,poilregerpiah,8225,985,10.224247331660694,1.629260629542562
8226,enzeobrunelic,8226,985,9.289822564994036,1.7626094722332049
8227,wawaseguadtimuj,8227,985,,
8228,leresgodat,8228,985,10.46987460429558,2.552901113184568
8229,idpaadoressapneav,8229,985,6.88926499701936,1.2105436939708178
8230,enezeserasit,8230,985,9.376685625598643,3.768249646659772
8231,wawaseguadtimuj,8231,985,,
8232,enezeserasit,8232,985,7.041417501726933,2.1944630459513075
8233,geneepedog,8233,985,,
8234,wawaseguadtimuj,8234,985,,
8235,apicog,8235,985,7.969016492524411,2.023119456370992
8236,geneepedog,8236,985,,
8237,enezeserasit,8237,985,6.190298673977564,2.5089288867574804
8238,geneepedog,8238,985,8.092779844809412,2.5427009279175445
8239,wawaseguadtimuj,8239,985,,
8240,weebambapcucawkikla,8240,1645,,
8241,poilregerpiah,8241,1645,,
8242,wawaseguadtimuj,8242,1645,,
8243,ysuwgefa,8243,1645,9.932070470317766,3.8148981719908144
8244,ardoro,8244,1645,,
8245,poilregerpiah,8245,1645,12.803293054145913,4.655159102562905
8246,enzeobrunelic,8246,1645,19.088367136717395,4.283209474941886
8247,wawaseguadtimuj,8247,1645,,
8248,leresgodat,8248,1645,12.675166638321643,4.594000450067703
8249,idpaadoressapneav,8249,1645,8.025804726008467,1.0942285984956244
8250,idpaadoressapneav,8250,1645,,
8251,wawaseguadtimuj,8251,1645,,
8252,wawaseguadtimuj,8252,1645,,
8253,geneepedog,8253,1645,,
8254,wawaseguadtimuj,8254,1645,,
8255,apicog,8255,1645,,
8256,geneepedog,8256,1645,,
8257,geneepedog,8257,1645,,
8258,geneepedog,8258,1645,,
8259,wawaseguadtimuj,8259,1645,,
8260,weebambapcucawkikla,8260,491,,
8261,poilregerpiah,8261,491,,
8262,wawaseguadtimuj,8262,491,,
8263,ysuwgefa,8263,491,8.154814471769216,1.64861034540238
8264,ardoro,8264,491,,
8265,poilregerpiah,8265,491,11.43892019947865,3.798216620907453
8266,enzeobrunelic,8266,491,8.880850383235497,1.9904972149212143
8267,wawaseguadtimuj,8267,491,,
8268,leresgodat,8268,491,9.596331018133746,2.8140480412843085
8269,idpaadoressapneav,8269,491,6.472771883399882,1.6470494900616326
8270,enezeserasit,8270,491,10.008658408308872,3.1415185885901185
8271,wawaseguadtimuj,8271,491,,
8272,enezeserasit,8272,491,7.397163532903799,2.3526754740411158
8273,geneepedog,8273,491,,
8274,wawaseguadtimuj,8274,491,,
8275,apicog,8275,491,,
8276,geneepedog,8276,491,,
8277,enezeserasit,8277,491,8.676238450565341,2.7155094764914915
8278,geneepedog,8278,491,7.490750432947782,3.029223788501799
8279,wawaseguadtimuj,8279,491,,
8280,dorejif,8280,2045,,
8281,idpaadoressapneav,8281,2045,5.618069625218601,1.558188817896469
8282,nexoregeqchej,8282,2045,,
8283,nexoregeqchej,8283,2045,,
8284,wawaseguadtimuj,8284,2045,,
8285,nagichquytetdar,8285,2045,,
8286,apicog,8286,2045,,
8287,geneepedog,8287,2045,,
8288,idpaadoressapneav,8288,2045,7.294150078523577,1.6415145963922742
8289,reroquelyr,8289,2045,,
8290,aturrooqel,8290,2045,,
8291,iflegaq,8291,2045,,
8292,weebambapcucawkikla,8292,2045,,
8293,geneepedog,8293,2045,,
8294,aturrooqel,8294,2045,,
8295,geneepedog,8295,2045,,
8296,enzeobrunelic,8296,2045,10.133557258477945,4.126865782644039
8297,aturrooqel,8297,2045,,
8298,geneepedog,8298,2045,,
8299,aturrooqel,8299,2045,,
8300,vamquanireavipru,8300,332,,
8301,aturrooqel,8301,332,35.610351586751605,10.431795273357476
8302,vamquanireavipru,8302,332,,
8303,tailhivosgaf,8303,332,26.99034627022169,12.37032268406349
8304,vamquanireavipru,8304,332,37.48117664195816,23.75829444277282
8305,vamquanireavipru,8305,332,23.75829444277282,23.7582944427728
8306,aturrooqel,8306,332,37.16291628999744,10.779754007952288
8307,tahrepelvequ,8307,332,52.54039224169423,20.645622049290115
8308,garirquayprakuraf,8308,332,31.08701164024879,13.929427056696609
8309,ottowyc,8309,332,38.77019848554232,17.20060246471685
8310,nyvulamru,8310,332,34.52676751102734,14.396918740348644
8311,enzeobrunelic,8311,332,40.452809318793335,11.55301315895517
8312,rasiegcisitrook,8312,332,37.13006621390853,14.8398083919352
8313,vibiinedla,8313,332,41.38203403154287,14.51310512221499
8314,hokdurnanemtal,8314,332,,
8315,gelgegibnehdo,8315,332,,
8316,enzeobrunelic,8316,332,33.00021212883372,11.28013870291701
8317,lowmeginqodonvar,8317,332,35.5658613806166,15.234990093677949
8318,ardoro,8318,332,38.24076994076297,13.803741320390458
8319,duotutholechquaig,8319,332,30.97624466797849,11.062320486907442
8320,vamquanireavipru,8320,2139,,
8321,aturrooqel,8321,2139,,
8322,vamquanireavipru,8322,2139,,
8323,tailhivosgaf,8323,2139,15.58882274078477,5.670789805471308
8324,vamquanireavipru,8324,2139,,
8325,vamquanireavipru,8325,2139,,
8326,aturrooqel,8326,2139,16.2577483093523,5.61977298628043
8327,tahrepelvequ,8327,2139,27.86165876450831,13.8993713362821
8328,garirquayprakuraf,8328,2139,15.67104334700764,5.599002100162787
8329,ottowyc,8329,2139,17.174766021466045,6.043245542816968
8330,nyvulamru,8330,2139,12.698286442917157,5.168065303182922
8331,enzeobrunelic,8331,2139,16.11305610531661,4.731798822438146
8332,rasiegcisitrook,8332,2139,15.20815158372948,5.8481940586319325
8333,vibiinedla,8333,2139,22.36631992322079,5.10373465500722
8334,hokdurnanemtal,8334,2139,,
8335,gelgegibnehdo,8335,2139,25.337265099531773,7.749604671194532
8336,enzeobrunelic,8336,2139,14.734144507277566,5.573771770810814
8337,lowmeginqodonvar,8337,2139,17.542527167799093,6.369615640397422
8338,ardoro,8338,2139,18.75505310290584,7.299643116855881
8339,duotutholechquaig,8339,2139,16.903281544122347,5.956239727197859
8340,vamquanireavipru,8340,472,,
8341,aturrooqel,8341,472,25.956018531046144,9.234648215438083
8342,vamquanireavipru,8342,472,,
8343,tailhivosgaf,8343,472,23.210723944110946,8.599208954186976
8344,vamquanireavipru,8344,472,,
8345,vamquanireavipru,8345,472,,
8346,aturrooqel,8346,472,28.40925359780168,7.604153766092163
8347,tahrepelvequ,8347,472,45.38077740909802,25.10251880688918
8348,garirquayprakuraf,8348,472,22.78441581767236,9.297251882760492
8349,ottowyc,8349,472,26.25391793898094,10.567595420633287
8350,nyvulamru,8350,472,20.87185398279189,8.645538427188715
8351,enzeobrunelic,8351,472,30.70030165008168,8.957139680294217
8352,rasiegcisitrook,8352,472,24.967579147742484,9.272789986171434
8353,vibiinedla,8353,472,25.577348825354736,7.980285269126715
8354,hokdurnanemtal,8354,472,23.75829444277282,23.75829444277282
8355,gelgegibnehdo,8355,472,,
8356,enzeobrunelic,8356,472,26.987850983930645,8.694917134071533
8357,lowmeginqodonvar,8357,472,23.357568163025107,10.784860332140056
8358,ardoro,8358,472,26.44125229254552,11.086195596094544
8359,duotutholechquaig,8359,472,27.486623151828528,10.114189476482064
8360,vamquanireavipru,8360,907,,
8361,aturrooqel,8361,907,14.732925003238988,3.1866512804668505
8362,vamquanireavipru,8362,907,23.75829444277281,23.7582944427728
8363,tailhivosgaf,8363,907,18.80210037931942,5.67928861247785
8364,vamquanireavipru,8364,907,23.75829444277281,23.7582944427728
8365,vamquanireavipru,8365,907,23.75829444277283,23.75829444277281
8366,aturrooqel,8366,907,14.060442854075854,2.2948257807750423
8367,tahrepelvequ,8367,907,27.254798517265648,11.545780332949784
8368,garirquayprakuraf,8368,907,10.537171385392504,4.103532836726228
8369,ottowyc,8369,907,16.184752937367243,6.069075261155836
8370,nyvulamru,8370,907,14.595506310910462,4.739549521876046
8371,enzeobrunelic,8371,907,11.862743583682144,3.509300521290663
8372,rasiegcisitrook,8372,907,,
8373,vibiinedla,8373,907,19.39814532865444,4.161207438360938
8374,hokdurnanemtal,8374,907,,
8375,gelgegibnehdo,8375,907,16.06702125002474,4.94369322279829
8376,enzeobrunelic,8376,907,14.226545621814717,4.356693640348094
8377,lowmeginqodonvar,8377,907,16.090671056105716,5.312812930655304
8378,ardoro,8378,907,18.637963502133456,4.033808278856336
8379,duotutholechquaig,8379,907,19.05288948930084,2.4657211776295638
8380,ardoro,8380,1852,,
8381,enzeobrunelic,8381,1852,8.561253129690646,3.131344249780011
8382,ardoro,8382,1852,,
8383,nagichquytetdar,8383,1852,10.665670431605973,3.486411567951536
8384,essatetig,8384,1852,9.45117822011806,3.0173258654241124
8385,dotrutole,8385,1852,7.854882227243162,4.736101566793265
8386,niamytho,8386,1852,,
8387,lowmeginqodonvar,8387,1852,9.389522208215482,2.85880690014528
8388,essatetig,8388,1852,10.911262404177185,3.253109927455147
8389,idpaadoressapneav,8389,1852,7.426934775421588,2.049679198420965
8390,nagichquytetdar,8390,1852,12.78681088918673,3.368196213181088
8391,iplorow,8391,1852,,
8392,duotutholechquaig,8392,1852,9.97129185401996,1.3648594623752053
8393,niamytho,8393,1852,,
8394,niamytho,8394,1852,,
8395,saekep,8395,1852,,
8396,apicog,8396,1852,8.48544974185137,4.166960760504224
8397,ducira,8397,1852,8.733142477386227,2.455778390301945
8398,saekep,8398,1852,,
8399,vibiinedla,8399,1852,10.624143677533908,2.3834580958307208
8400,ardoro,8400,279,11.054108133391756,3.094797079513671
8401,enzeobrunelic,8401,279,10.517464993667042,1.7979610686754073
8402,ardoro,8402,279,12.911881215525884,2.4535007921173597
8403,nagichquytetdar,8403,279,16.837773514149895,2.319896509418396
8404,essatetig,8404,279,6.410570463630693,0.6838267228809891
8405,dotrutole,8405,279,12.422605446619084,1.8240061915883583
8406,niamytho,8406,279,,
8407,lowmeginqodonvar,8407,279,10.02867723093742,2.304378701597915
8408,essatetig,8408,279,6.143277792648534,1.3547100620212158
8409,idpaadoressapneav,8409,279,9.155648439941922,1.1122502137804433
8410,nagichquytetdar,8410,279,19.12655506236373,1.2127604253569817
8411,iplorow,8411,279,12.540813040623902,3.234189752431773
8412,duotutholechquaig,8412,279,11.995726202430284,2.089066580892041
8413,niamytho,8413,279,,
8414,niamytho,8414,279,,
8415,saekep,8415,279,,
8416,apicog,8416,279,,
8417,ducira,8417,279,8.91454382905346,0.841495753560882
8418,saekep,8418,279,,
8419,vibiinedla,8419,279,11.116666453940596,2.0398482183421294
8420,ardoro,8420,1731,14.087263786317369,5.249011124528392
8421,enzeobrunelic,8421,1731,10.391521623451991,3.687440162293894
8422,ardoro,8422,1731,11.446355962668669,4.065899320581197
8423,nagichquytetdar,8423,1731,21.40033868715544,3.7300522942352186
8424,essatetig,8424,1731,16.079234006924768,2.8528019597410674
8425,dotrutole,8425,1731,13.1299535028605,3.459888600088004
8426,niamytho,8426,1731,3.599554114899877,1.8344995269507245
8427,lowmeginqodonvar,8427,1731,16.885309889473806,3.993446468534641
8428,essatetig,8428,1731,13.919064107963685,4.002942441886472
8429,idpaadoressapneav,8429,1731,6.858839264808891,1.8160390996636009
8430,nagichquytetdar,8430,1731,20.142882542228197,2.9227110380226784
8431,iplorow,8431,1731,14.882718430061267,3.66890043005912
8432,duotutholechquaig,8432,1731,13.863083726353771,3.2855559452541305
8433,niamytho,8433,1731,,
8434,niamytho,8434,1731,,
8435,saekep,8435,1731,,
8436,apicog,8436,1731,11.23080229964322,3.356147281409663
8437,ducira,8437,1731,10.86691044608039,0.9647692935929514
8438,saekep,8438,1731,,
8439,vibiinedla,8439,1731,19.61728460901036,3.6006080113519823
8440,ardoro,8440,1335,20.454149597345864,11.069223036953904
8441,enzeobrunelic,8441,1335,19.859284101807024,8.146303147700653
8442,ardoro,8442,1335,23.37454676638736,10.691315142046784
8443,nagichquytetdar,8443,1335,25.64758084108771,7.982054690576094
8444,essatetig,8444,1335,24.411875317695987,8.852799630319192
8445,dotrutole,8445,1335,19.8188730768602,9.12756395321619
8446,niamytho,8446,1335,,
8447,lowmeginqodonvar,8447,1335,20.248364458864245,9.160293595290646
8448,essatetig,8448,1335,26.620587013913404,9.612982890395797
8449,idpaadoressapneav,8449,1335,18.640428786148444,7.622134053961565
8450,nagichquytetdar,8450,1335,37.007020019103415,8.367764376518936
8451,iplorow,8451,1335,33.16477362519498,9.753459124703957
8452,duotutholechquaig,8452,1335,24.51614723211044,9.033013277626871
8453,niamytho,8453,1335,8.694518111428506,8.228366472025339
8454,niamytho,8454,1335,9.681543295168458,9.014513970847906
8455,saekep,8455,1335,20.05124663800149,8.86413616145887
8456,apicog,8456,1335,24.88310747451742,11.117629698339874
8457,ducira,8457,1335,18.43036936504646,6.99064927528695
8458,saekep,8458,1335,20.787062485959524,9.59853904826554
8459,vibiinedla,8459,1335,29.413632205330316,10.86566214822284
8460,ardoro,8460,1455,7.671061488701507,2.1322689809644366
8461,enzeobrunelic,8461,1455,6.566563491238321,1.7091695618639196
8462,ardoro,8462,1455,8.184559387708338,2.928731824347033
8463,nagichquytetdar,8463,1455,8.743171748686326,1.2827026870694065
8464,essatetig,8464,1455,6.594619491806437,0.9817676444926068
8465,dotrutole,8465,1455,5.88485004117029,2.626297030990317
8466,niamytho,8466,1455,,
8467,lowmeginqodonvar,8467,1455,7.197223876948017,1.919038064220048
8468,essatetig,8468,1455,7.918277415377852,1.3086246766287628
8469,idpaadoressapneav,8469,1455,4.595632615900447,0.9400389018892796
8470,nagichquytetdar,8470,1455,8.121265748459779,0.9172900958212596
8471,iplorow,8471,1455,8.5088432581487,1.4881535157056431
8472,duotutholechquaig,8472,1455,6.000616309123171,1.4590673899870457
8473,niamytho,8473,1455,,
8474,niamytho,8474,1455,,
8475,saekep,8475,1455,6.4401041270387145,1.9629744124166864
8476,apicog,8476,1455,5.446040068205802,1.45261660450233
8477,ducira,8477,1455,6.110876640603393,0.4679311994000953
8478,saekep,8478,1455,8.364985253129134,2.278491843173465
8479,vibiinedla,8479,1455,10.201936344048953,1.784857258228162
8480,saekep,8480,138,8.2537315652942,1.8927195289716936
8481,idpaadoressapneav,8481,138,5.856286667177946,1.5229318111436267
8482,duotutholechquaig,8482,138,8.11186086803395,2.278491843162961
8483,ducira,8483,138,7.688109301779703,1.0115164610520853
8484,nagichquytetdar,8484,138,13.297242839342005,1.7994031767475198
8485,vibiinedla,8485,138,9.122852066544992,1.6065055591257265
8486,ysuwgefa,8486,138,10.808514985923104,1.9191035229823137
8487,apicog,8487,138,6.068762421732166,2.124784903026091
8488,iplorow,8488,138,8.562090984187437,2.360649862858576
8489,essatetig,8489,138,7.728993113669186,1.583052759738243
8490,gelgegibnehdo,8490,138,10.594276161412724,2.253156120968886
8491,idpaadoressapneav,8491,138,5.6860214293044375,1.4922797973848485
8492,vebxerqeglinag,8492,138,9.85868673173672,2.9527693751847264
8493,ysuwgefa,8493,138,7.499565272872871,1.9924833165060405
8494,ducira,8494,138,10.212040366335016,0.9045301433548092
8495,gelgegibnehdo,8495,138,8.462590861874624,2.9625746704117306
8496,essatetig,8496,138,9.87039929042355,1.756949797325286
8497,orapgoquatquaodnoxlit,8497,138,8.239488704679552,1.4548349872266364
8498,idpaadoressapneav,8498,138,7.186121171188947,1.48546468531613
8499,igseexvopasiem,8499,138,,
8500,saekep,8500,328,31.012840316789536,8.933118806227995
8501,idpaadoressapneav,8501,328,33.04399110812671,7.683068499521021
8502,duotutholechquaig,8502,328,14.510031274464383,3.868023435118668
8503,ducira,8503,328,15.471645647713286,2.454343493537257
8504,nagichquytetdar,8504,328,27.88004165306288,9.386794603408337
8505,vibiinedla,8505,328,21.22309846086837,3.722067595409353
8506,ysuwgefa,8506,328,16.291788585079658,3.240312417421844
8507,apicog,8507,328,24.78032885465585,11.123465887043396
8508,iplorow,8508,328,36.237764032940525,11.0632940022421
8509,essatetig,8509,328,33.11378247057582,7.80105998678643
8510,gelgegibnehdo,8510,328,23.75829444277282,9.651051844018422
8511,idpaadoressapneav,8511,328,22.94778265142849,7.173291631719933
8512,vebxerqeglinag,8512,328,31.44428062287871,11.79170657282404
8513,ysuwgefa,8513,328,16.804972606575415,5.029971143934056
8514,ducira,8514,328,15.981771422826643,1.918126079784876
8515,gelgegibnehdo,8515,328,23.75829444277282,11.021779864856876
8516,essatetig,8516,328,33.256916914843806,9.67171148037534
8517,orapgoquatquaodnoxlit,8517,328,,
8518,idpaadoressapneav,8518,328,32.40184153922375,8.32419790458476
8519,igseexvopasiem,8519,328,,
8520,saekep,8520,763,8.387132422450236,2.2319439279297457
8521,idpaadoressapneav,8521,763,6.636696687067129,1.805727069867905
8522,duotutholechquaig,8522,763,9.730583535053436,2.685744729067206
8523,ducira,8523,763,8.287661298371798,0.9602982078745428
8524,nagichquytetdar,8524,763,11.899199139846672,1.5152540164097468
8525,vibiinedla,8525,763,12.841603048079538,1.7424999321529906
8526,ysuwgefa,8526,763,10.242906525760931,2.0163815315416764
8527,apicog,8527,763,6.25817285018555,2.525685322604885
8528,iplorow,8528,763,11.196247163189158,3.078072979928965
8529,essatetig,8529,763,8.886443671745084,1.9491636917643165
8530,gelgegibnehdo,8530,763,10.287500877807798,2.471014919868524
8531,idpaadoressapneav,8531,763,8.498761167954116,1.505207694595476
8532,vebxerqeglinag,8532,763,10.40896828639254,2.976307031424545
8533,ysuwgefa,8533,763,8.904103895371728,1.8736152329313829
8534,ducira,8534,763,8.13506481827796,1.298089891024349
8535,gelgegibnehdo,8535,763,10.227032772433263,3.1095834284882744
8536,essatetig,8536,763,8.280016269943294,1.921970282798824
8537,orapgoquatquaodnoxlit,8537,763,,
8538,idpaadoressapneav,8538,763,7.124447318607,1.6976956530541845
8539,igseexvopasiem,8539,763,,
8540,saekep,8540,518,38.41992128956078,16.040133268082002
8541,idpaadoressapneav,8541,518,44.17942395483584,14.481894780922152
8542,duotutholechquaig,8542,518,36.91871808117593,19.70327870171836
8543,ducira,8543,518,37.36520628378128,12.88696217465989
8544,nagichquytetdar,8544,518,51.29179871910809,19.518378914907466
8545,vibiinedla,8545,518,45.32223825859607,16.916614371029215
8546,ysuwgefa,8546,518,43.44001772123823,11.253111142469496
8547,apicog,8547,518,32.09984731930507,18.73492451282877
8548,iplorow,8548,518,42.70510884566679,17.57215433170868
8549,essatetig,8549,518,38.182968724400965,16.636713260540184
8550,gelgegibnehdo,8550,518,42.26435038153063,21.279972629035885
8551,idpaadoressapneav,8551,518,42.73082579077972,14.757871350094298
8552,vebxerqeglinag,8552,518,42.26322119431917,21.961518598851335
8553,ysuwgefa,8553,518,35.40420124908528,16.636713260504727
8554,ducira,8554,518,37.196836241059344,13.990784667109098
8555,gelgegibnehdo,8555,518,37.7906224221273,20.57083402487299
8556,essatetig,8556,518,39.609700292502055,15.244469923105235
8557,orapgoquatquaodnoxlit,8557,518,34.90855746346002,14.483426629076751
8558,idpaadoressapneav,8558,518,37.37286264051924,15.03146943049484
8559,igseexvopasiem,8559,518,,
8560,saekep,8560,594,18.17405021616146,5.61954896589055
8561,idpaadoressapneav,8561,594,14.895634763857158,2.8492244793420145
8562,duotutholechquaig,8562,594,17.110154337545058,4.497963830245625
8563,ducira,8563,594,17.070495860355273,2.846801200071232
8564,nagichquytetdar,8564,594,19.285037650489176,3.277373771365732
8565,vibiinedla,8565,594,23.932940370173814,4.426498612522585
8566,ysuwgefa,8566,594,18.04663934392661,3.366006032943744
8567,apicog,8567,594,13.405823588423903,4.707276329421133
8568,iplorow,8568,594,20.98653586344668,5.008148913490423
8569,essatetig,8569,594,14.801155917435556,5.750816815070993
8570,gelgegibnehdo,8570,594,18.328605343803133,5.974231438617682
8571,idpaadoressapneav,8571,594,15.914294538094374,2.979545113000836
8572,vebxerqeglinag,8572,594,18.32629117079699,6.31419327727898
8573,ysuwgefa,8573,594,16.710489517581482,4.889974170306797
8574,ducira,8574,594,15.401203932498635,3.171052719541614
8575,gelgegibnehdo,8575,594,19.25000573601252,5.796816860900217
8576,essatetig,8576,594,18.27394442501592,3.3815690670792318
8577,orapgoquatquaodnoxlit,8577,594,13.290167212938323,5.171231239885511
8578,idpaadoressapneav,8578,594,15.75952147396298,3.294395540336217
8579,igseexvopasiem,8579,594,,
8580,saekep,8580,340,,
8581,idpaadoressapneav,8581,340,12.977155890938196,4.409684205207896
8582,duotutholechquaig,8582,340,18.6492557876969,4.781401137583176
8583,ducira,8583,340,15.23436560202742,3.475913495217992
8584,nagichquytetdar,8584,340,23.75829444277282,4.23103727589559
8585,vibiinedla,8585,340,26.231920365812016,4.625490421645952
8586,ysuwgefa,8586,340,19.426966513703324,5.418701069985332
8587,apicog,8587,340,16.568803132494477,6.41172579783197
8588,iplorow,8588,340,20.23936467515694,5.525060584612857
8589,essatetig,8589,340,17.05155507357838,4.916608450029202
8590,gelgegibnehdo,8590,340,17.835465311972097,7.15538310966215
8591,idpaadoressapneav,8591,340,17.777310029765747,3.2994593644076264
8592,vebxerqeglinag,8592,340,18.00030399350338,8.210452619490923
8593,ysuwgefa,8593,340,19.435514935316448,5.311085467461928
8594,ducira,8594,340,16.735295633195463,2.939425219448849
8595,gelgegibnehdo,8595,340,18.786615213815956,5.687459426250988
8596,essatetig,8596,340,18.449619223868275,4.353052554218829
8597,orapgoquatquaodnoxlit,8597,340,19.93571911360328,4.898625320410289
8598,idpaadoressapneav,8598,340,16.63392271706625,4.08630423642254
8599,igseexvopasiem,8599,340,,
8600,wawaseguadtimuj,8600,1,34.09226855266995,15.79849840627538
8601,idpaadoressapneav,8601,1,35.02111847710563,12.929003412844535
8602,tidseeleditgagdari,8602,1,,
8603,wawaseguadtimuj,8603,1,29.076069822179097,14.695830813615029
8604,tutalyw,8604,1,29.529285709650843,10.093635489529198
8605,acburujyte,8605,1,36.66937644048818,17.177708865569173
8606,quaemboizniluganic,8606,1,,
8607,dorejif,8607,1,30.723213268989124,15.910026233987065
8608,wawaseguadtimuj,8608,1,29.097174422882738,13.570922572459972
8609,uwzidsal,8609,1,38.04419198956124,17.239351146392746
8610,dorejif,8610,1,29.57296410342591,15.674353506846614
8611,wawaseguadtimuj,8611,1,29.954621534757383,15.251893599263605
8612,dorejif,8612,1,32.7466344513247,17.39858876627599
8613,dorejif,8613,1,32.35467509704162,15.624995333569483
8614,wawaseguadtimuj,8614,1,27.36361562446358,15.640513422206295
8615,ingifokraelgaimche,8615,1,30.399065934014413,14.360233381017911
8616,vibiinedla,8616,1,37.62694319035569,11.898768905135585
8617,ysuwgefa,8617,1,27.410916637539547,14.35164264418827
8618,wawaseguadtimuj,8618,1,29.28946488321869,15.828394334437514
8619,dorejif,8619,1,27.031694165654397,14.218062131539437
8620,wawaseguadtimuj,8620,848,15.098473071128891,5.189342397587533
8621,idpaadoressapneav,8621,848,15.30540992971106,4.000552583926655
8622,tidseeleditgagdari,8622,848,,
8623,wawaseguadtimuj,8623,848,,
8624,tutalyw,8624,848,19.917183012085705,3.5017617359448945
8625,acburujyte,8625,848,15.6340115002563,5.7602042441020505
8626,quaemboizniluganic,8626,848,,
8627,dorejif,8627,848,14.212940993808491,4.263498049897213
8628,wawaseguadtimuj,8628,848,15.319512785050994,4.193566211249792
8629,uwzidsal,8629,848,16.408683289930618,5.734627549041012
8630,dorejif,8630,848,15.241177092429858,4.7334490595250935
8631,wawaseguadtimuj,8631,848,13.583579907130366,4.58156453780766
8632,dorejif,8632,848,15.087724567291524,4.999941426727217
8633,dorejif,8633,848,14.348235866641328,4.229690912727082
8634,wawaseguadtimuj,8634,848,12.155607377706556,4.308574369196798
8635,ingifokraelgaimche,8635,848,14.601738491534862,4.715480886467527
8636,vibiinedla,8636,848,17.433980566716812,3.109255609825813
8637,ysuwgefa,8637,848,15.596661968712445,3.9198296281457705
8638,wawaseguadtimuj,8638,848,,
8639,dorejif,8639,848,11.938369838656676,4.617497388068932
8640,wawaseguadtimuj,8640,203,11.393651237727838,4.786188923632653
8641,idpaadoressapneav,8641,203,13.461523606670193,3.207100291544759
8642,tidseeleditgagdari,8642,203,,
8643,wawaseguadtimuj,8643,203,15.141877435230937,4.632030856595575
8644,tutalyw,8644,203,23.75829444277282,4.121525863497867
8645,acburujyte,8645,203,15.559703002177644,6.143277792647474
8646,quaemboizniluganic,8646,203,,
8647,dorejif,8647,203,10.251046983360872,4.943028649044903
8648,wawaseguadtimuj,8648,203,14.339054065134896,4.289534910068709
8649,uwzidsal,8649,203,15.705231106548622,7.084118286129158
8650,dorejif,8650,203,10.405360810404874,4.283388262119999
8651,wawaseguadtimuj,8651,203,13.47168805595288,3.985703430032932
8652,dorejif,8652,203,12.737243206093584,4.774354061504739
8653,dorejif,8653,203,11.204420283606028,5.456431976604346
8654,wawaseguadtimuj,8654,203,15.226690401436851,4.924247156159939
8655,ingifokraelgaimche,8655,203,15.497679428054484,3.855572428635284
8656,vibiinedla,8656,203,,
8657,ysuwgefa,8657,203,14.083575170004632,3.6848113687221775
8658,wawaseguadtimuj,8658,203,14.039346075571093,5.295762461216418
8659,dorejif,8659,203,13.029391170560572,4.954046022261125
8660,gelgegibnehdo,8660,1924,16.436334913928093,7.522728272565268
8661,vibiinedla,8661,1924,16.717718528495944,5.259806644345553
8662,tuacreraste,8662,1924,,
8663,otewlihi,8663,1924,23.75829444277283,23.75829444277282
8664,gelgegibnehdo,8664,1924,21.568700672169047,8.870965882397693
8665,wawaseguadtimuj,8665,1924,,
8666,egtaquritachmegior,8666,1924,23.758294442772787,3.901941268849436
8667,wawaseguadtimuj,8667,1924,19.25484825067516,7.985318896619642
8668,ysuwgefa,8668,1924,18.74058832099694,7.0050431689027794
8669,avyboviqsenilnale,8669,1924,23.7582944427728,8.534458354681648
8670,tuacreraste,8670,1924,,
8671,ysuwgefa,8671,1924,23.75829444277282,8.243229837699666
8672,ducira,8672,1924,17.185735109978467,6.259548362682151
8673,ysuwgefa,8673,1924,19.052889489291577,7.294411138030662
8674,lowmeginqodonvar,8674,1924,23.068079947981893,9.301049004369204
8675,aninvo,8675,1924,23.75829444277282,19.959645580228244
8676,dorejif,8676,1924,,
8677,dotrutole,8677,1924,18.634144358880445,6.320842301198782
8678,geneepedog,8678,1924,19.030211969495188,8.779566440668864
8679,gelerutec,8679,1924,,
8680,gelgegibnehdo,8680,689,20.92511783047214,8.996743654633569
8681,vibiinedla,8681,689,22.355648639689363,7.139990753348362
8682,tuacreraste,8682,689,22.181965608916432,7.559116381063185
8683,otewlihi,8683,689,,
8684,gelgegibnehdo,8684,689,19.88101595305816,7.706383421282163
8685,wawaseguadtimuj,8685,689,,
8686,egtaquritachmegior,8686,689,19.85203486482277,8.7356007494544
8687,wawaseguadtimuj,8687,689,,
8688,ysuwgefa,8688,689,18.47403364384233,8.785760062477788
8689,avyboviqsenilnale,8689,689,23.7582944427728,12.661268378521688
8690,tuacreraste,8690,689,23.7582944427728,7.06530327579331
8691,ysuwgefa,8691,689,18.625023467763437,7.1979354750387445
8692,ducira,8692,689,21.626730698499053,5.16777648054078
8693,ysuwgefa,8693,689,18.33684975535956,6.812454237434509
8694,lowmeginqodonvar,8694,689,25.456720088410112,9.382773136042491
8695,aninvo,8695,689,,
8696,dorejif,8696,689,23.75829444277283,5.722395911564779
8697,dotrutole,8697,689,23.75829444277282,8.25405202272539
8698,geneepedog,8698,689,22.549147965028883,7.714352407201077
8699,gelerutec,8699,689,,
8700,gelgegibnehdo,8700,1153,12.857447502002197,5.70189724314162
8701,vibiinedla,8701,1153,15.502005640666292,2.5873213620254147
8702,tuacreraste,8702,1153,,
8703,otewlihi,8703,1153,23.75829444277282,23.75829444277282
8704,gelgegibnehdo,8704,1153,16.667365601751765,4.798290480978553
8705,wawaseguadtimuj,8705,1153,15.980645907727402,4.369648752431505
8706,egtaquritachmegior,8706,1153,11.713046002129978,3.858674678376557
8707,wawaseguadtimuj,8707,1153,18.323453943611145,4.36880867768331
8708,ysuwgefa,8708,1153,18.15540948054861,3.1262528777407
8709,avyboviqsenilnale,8709,1153,18.686746995593676,6.177501649661624
8710,tuacreraste,8710,1153,,
8711,ysuwgefa,8711,1153,16.458798066559428,3.618268016974696
8712,ducira,8712,1153,17.850072815773302,1.1720266168223863
8713,ysuwgefa,8713,1153,16.6089442563464,3.2396553531255323
8714,lowmeginqodonvar,8714,1153,15.270845615355526,3.547271499936084
8715,aninvo,8715,1153,,
8716,dorejif,8716,1153,12.721012371007657,3.1228759864105906
8717,dotrutole,8717,1153,16.04401794180853,4.17251314596167
8718,geneepedog,8718,1153,15.44829558110691,3.3489134193797008
8719,gelerutec,8719,1153,,
8720,gelgegibnehdo,8720,6,17.180889982827356,7.845350425356691
8721,vibiinedla,8721,6,24.57962018600306,5.182622131603732
8722,tuacreraste,8722,6,26.84553099266433,4.431289498401118
8723,otewlihi,8723,6,,
8724,gelgegibnehdo,8724,6,19.434381777075277,9.013210918801558
8725,wawaseguadtimuj,8725,6,17.697737649946163,6.755894393028202
8726,egtaquritachmegior,8726,6,19.56287638830485,6.242588634623683
8727,wawaseguadtimuj,8727,6,15.440652251494322,5.170948004488779
8728,ysuwgefa,8728,6,19.59147575417049,5.879504097903949
8729,avyboviqsenilnale,8729,6,28.61834010157332,9.31386566886449
8730,tuacreraste,8730,6,26.36570850997517,5.639038864240875
8731,ysuwgefa,8731,6,17.696579147671322,5.501924387910965
8732,ducira,8732,6,17.223854463243676,2.778180226898899
8733,ysuwgefa,8733,6,20.405542176918008,5.847578952828166
8734,lowmeginqodonvar,8734,6,23.491234978139826,6.571111890500191
8735,aninvo,8735,6,,
8736,dorejif,8736,6,18.67992665506965,4.916400540199918
8737,dotrutole,8737,6,22.43225468104306,6.688437413215703
8738,geneepedog,8738,6,20.395634882167677,5.766992937365113
8739,gelerutec,8739,6,,
8740,geneepedog,8740,766,30.24209773507909,12.95740339716018
8741,tadsadronocdobquav,8741,766,35.67093062392991,12.974699815203804
8742,geneepedog,8742,766,30.690923216499677,9.315820138175246
8743,geneepedog,8743,766,,
8744,geneepedog,8744,766,32.5853229801463,9.721496061738003
8745,geneepedog,8745,766,31.400285231030686,11.27497115099126
8746,geneepedog,8746,766,33.3606289656629,9.918061723973716
8747,geneepedog,8747,766,33.226534886528405,8.537038429848035
8748,geneepedog,8748,766,36.04862856520317,9.121084880494603
8749,geneepedog,8749,766,34.87173588207408,8.403571280770795
8750,innegel,8750,766,16.624450803542967,10.311221481269884
8751,mabtimoxike,8751,766,,
8752,innegel,8752,766,,
8753,avyboviqsenilnale,8753,766,53.53861128277969,23.75829444277283
8754,ecenivri,8754,766,30.624560569357428,7.132036616492658
8755,gelgegibnehdo,8755,766,23.7582944427728,8.140894513836862
8756,eksottin,8756,766,,
8757,tuacreraste,8757,766,33.46911048413046,8.703693232353762
8758,ansicqalob,8758,766,,
8759,dorejif,8759,766,19.784955265481216,7.476041905343582
8760,geneepedog,8760,1216,12.505786381385962,2.933189745449257
8761,tadsadronocdobquav,8761,1216,15.177106495233836,5.601571303719356
8762,geneepedog,8762,1216,12.69125472529956,3.139421828412134
8763,geneepedog,8763,1216,12.15282904972561,2.9887249747551
8764,geneepedog,8764,1216,11.545976972679815,2.6212852066130266
8765,geneepedog,8765,1216,13.156426331767229,3.0892142417250645
8766,geneepedog,8766,1216,14.508786650666991,2.762439509820037
8767,geneepedog,8767,1216,,
8768,geneepedog,8768,1216,11.453638953425012,3.8021573620292286
8769,geneepedog,8769,1216,,
8770,innegel,8770,1216,,
8771,mabtimoxike,8771,1216,,
8772,innegel,8772,1216,,
8773,avyboviqsenilnale,8773,1216,14.035264307704129,6.650759165559232
8774,ecenivri,8774,1216,19.461717822090492,2.610067487911156
8775,gelgegibnehdo,8775,1216,9.901112369333708,3.711114414058624
8776,eksottin,8776,1216,12.322828756870708,4.023101153885549
8777,tuacreraste,8777,1216,12.19436511620893,2.8515891770749744
8778,ansicqalob,8778,1216,11.346487326471108,3.65609115397261
8779,dorejif,8779,1216,9.391022457750983,2.78125717973931
8780,geneepedog,8780,1423,,
8781,tadsadronocdobquav,8781,1423,15.403238083177795,7.229401075382364
8782,geneepedog,8782,1423,,
8783,geneepedog,8783,1423,,
8784,geneepedog,8784,1423,,
8785,geneepedog,8785,1423,,
8786,geneepedog,8786,1423,,
8787,geneepedog,8787,1423,,
8788,geneepedog,8788,1423,,
8789,geneepedog,8789,1423,,
8790,innegel,8790,1423,,
8791,mabtimoxike,8791,1423,,
8792,innegel,8792,1423,,
8793,avyboviqsenilnale,8793,1423,31.9656454846627,7.764165931081684
8794,ecenivri,8794,1423,28.746978675827776,4.568440530014808
8795,gelgegibnehdo,8795,1423,,
8796,eksottin,8796,1423,15.71225411772,7.666653623289495
8797,tuacreraste,8797,1423,,
8798,ansicqalob,8798,1423,13.377403459725295,5.36574644916495
8799,dorejif,8799,1423,14.645293526607624,5.4802881927152
8800,geneepedog,8800,1736,,
8801,tadsadronocdobquav,8801,1736,14.249654162540638,6.30340637863419
8802,geneepedog,8802,1736,,
8803,geneepedog,8803,1736,,
8804,geneepedog,8804,1736,,
8805,geneepedog,8805,1736,,
8806,geneepedog,8806,1736,,
8807,geneepedog,8807,1736,,
8808,geneepedog,8808,1736,7.111079454911481,1.915849342792948
8809,geneepedog,8809,1736,,
8810,innegel,8810,1736,5.538428525493349,3.259467318443473
8811,mabtimoxike,8811,1736,,
8812,innegel,8812,1736,,
8813,avyboviqsenilnale,8813,1736,7.486208342468917,5.721736235653308
8814,ecenivri,8814,1736,20.50313294487596,2.441958721632335
8815,gelgegibnehdo,8815,1736,13.82783557562227,6.432005874678002
8816,eksottin,8816,1736,7.443334823624654,3.564921523105059
8817,tuacreraste,8817,1736,,
8818,ansicqalob,8818,1736,,
8819,dorejif,8819,1736,,
8820,geneepedog,8820,1387,42.97663889684122,17.533214278044813
8821,tadsadronocdobquav,8821,1387,40.77680887263661,23.7582944427728
8822,geneepedog,8822,1387,34.8564134770567,16.20156208703193
8823,geneepedog,8823,1387,38.29721977127355,18.93219016918257
8824,geneepedog,8824,1387,40.50408555171087,17.88634730161832
8825,geneepedog,8825,1387,40.23617876090442,15.16755068394299
8826,geneepedog,8826,1387,40.21554239781369,18.78661521386236
8827,geneepedog,8827,1387,40.44615972411279,16.693194518428108
8828,geneepedog,8828,1387,42.47802567706788,17.989937545478824
8829,geneepedog,8829,1387,42.496316227668096,16.150621323083257
8830,innegel,8830,1387,,
8831,mabtimoxike,8831,1387,,
8832,innegel,8832,1387,,
8833,avyboviqsenilnale,8833,1387,,
8834,ecenivri,8834,1387,40.57291241888411,16.903535932672185
8835,gelgegibnehdo,8835,1387,43.15426723048484,20.395634882173336
8836,eksottin,8836,1387,35.514751985561254,17.634083485141627
8837,tuacreraste,8837,1387,43.84005753990778,15.32516732375524
8838,ansicqalob,8838,1387,,
8839,dorejif,8839,1387,35.517248436340886,17.70658578267305
8840,geneepedog,8840,1099,10.213471729837527,2.927628431349562
8841,tadsadronocdobquav,8841,1099,10.001027181866643,3.3200513832186487
8842,geneepedog,8842,1099,11.386819583561484,3.17927102588835
8843,geneepedog,8843,1099,,
8844,geneepedog,8844,1099,,
8845,geneepedog,8845,1099,,
8846,geneepedog,8846,1099,10.078751521732295,2.9306859552147184
8847,geneepedog,8847,1099,10.542395134236047,3.062220138170092
8848,geneepedog,8848,1099,9.612967617383616,2.3996347620659724
8849,geneepedog,8849,1099,11.758059246244413,2.781216787945718
8850,innegel,8850,1099,,
8851,mabtimoxike,8851,1099,,
8852,innegel,8852,1099,,
8853,avyboviqsenilnale,8853,1099,11.653367993918252,5.41970564356865
8854,ecenivri,8854,1099,18.860023528448245,1.475395335570762
8855,gelgegibnehdo,8855,1099,10.236445967745665,2.5260166625656955
8856,eksottin,8856,1099,11.01425769495871,3.040012845518928
8857,tuacreraste,8857,1099,,
8858,ansicqalob,8858,1099,,
8859,dorejif,8859,1099,9.711095621402787,2.276133191914388
8860,dorejif,8860,558,21.29898115005621,7.472671591307401
8861,tahrepelvequ,8861,558,28.456938235827284,12.62332763728946
8862,dorejif,8862,558,23.7582944427728,8.181031717309642
8863,dotrutole,8863,558,23.75829444277282,8.99113628149706
8864,dorejif,8864,558,23.7582944427728,7.998338243897898
8865,tahrepelvequ,8865,558,23.75829444277283,13.145909879004456
8866,ichtoreche,8866,558,29.625870598727037,10.553975659848476
8867,dotrutole,8867,558,24.452662972817627,9.208912061483222
8868,tahrepelvequ,8868,558,30.82663124642246,13.029127825083384
8869,lesdohanusre,8869,558,28.51218975087109,7.961547013003545
8870,dorejif,8870,558,20.04932843070483,7.212087051712536
8871,ettaotorturoh,8871,558,23.758294442772787,9.613861048153415
8872,tahrepelvequ,8872,558,32.1432683728813,13.454664978974105
8873,dotrutole,8873,558,33.67839731092195,8.388226431488691
8874,gelerutec,8874,558,,
8875,dorejif,8875,558,23.7582944427728,8.622849936953436
8876,gelerutec,8876,558,,
8877,lesdohanusre,8877,558,31.022664016345736,8.327754369007403
8878,gelerutec,8878,558,,
8879,gelerutec,8879,558,,
8880,dorejif,8880,1726,16.559731079456274,5.927612019751672
8881,tahrepelvequ,8881,1726,23.75829444277282,9.48752890554884
8882,dorejif,8882,1726,15.548907052626776,5.625043719432119
8883,dotrutole,8883,1726,19.9099548561724,6.570218104855586
8884,dorejif,8884,1726,18.5928284952322,5.393416790763338
8885,tahrepelvequ,8885,1726,23.75829444277282,11.995726202430284
8886,ichtoreche,8886,1726,23.75829444277282,5.118509831535604
8887,dotrutole,8887,1726,17.778883135754192,5.724306487764798
8888,tahrepelvequ,8888,1726,23.75829444277283,10.0698907716648
8889,lesdohanusre,8889,1726,15.8005985376542,4.477319829208098
8890,dorejif,8890,1726,17.44625073575443,5.144385931985199
8891,ettaotorturoh,8891,1726,16.38957324668524,5.338094000106535
8892,tahrepelvequ,8892,1726,23.75829444277282,9.511762695886103
8893,dotrutole,8893,1726,17.52707941638512,6.06572545960666
8894,gelerutec,8894,1726,,
8895,dorejif,8895,1726,16.012501816019405,6.687019397452056
8896,gelerutec,8896,1726,,
8897,lesdohanusre,8897,1726,22.057010883848164,5.244950313701292
8898,gelerutec,8898,1726,,
8899,gelerutec,8899,1726,,
8900,dorejif,8900,1329,45.13287773144137,16.8633106363437
8901,tahrepelvequ,8901,1329,52.19643546698782,29.523480805389763
8902,dorejif,8902,1329,32.74787187589909,16.397880287998643
8903,dotrutole,8903,1329,50.34865195119259,18.4304706777855
8904,dorejif,8904,1329,41.479536020467336,18.003703689993003
8905,tahrepelvequ,8905,1329,42.735116510987616,18.185409083228805
8906,ichtoreche,8906,1329,,
8907,dotrutole,8907,1329,47.75864656534715,19.912099751199104
8908,tahrepelvequ,8908,1329,46.070764831225866,27.696118717618997
8909,lesdohanusre,8909,1329,55.00201331015283,15.546052035885957
8910,dorejif,8910,1329,43.17907766097653,18.807401208864725
8911,ettaotorturoh,8911,1329,52.21137643184306,26.08258432305169
8912,tahrepelvequ,8912,1329,42.49530483531174,25.0630939457944
8913,dotrutole,8913,1329,58.48937748186758,19.362153929598158
8914,gelerutec,8914,1329,,
8915,dorejif,8915,1329,45.24966660427777,18.371868634718798
8916,gelerutec,8916,1329,,
8917,lesdohanusre,8917,1329,58.78900009935472,20.83582479052248
8918,gelerutec,8918,1329,,
8919,gelerutec,8919,1329,,
8920,dorejif,8920,1774,17.37232106637016,5.478433570483582
8921,tahrepelvequ,8921,1774,23.75829444277282,9.13749677308536
8922,dorejif,8922,1774,14.149374422080966,5.579216525739478
8923,dotrutole,8923,1774,16.879269864742252,5.95185047455237
8924,dorejif,8924,1774,13.381884318399443,5.071366548306358
8925,tahrepelvequ,8925,1774,23.75829444277282,9.524727427605107
8926,ichtoreche,8926,1774,16.127628416049486,7.517827974254682
8927,dotrutole,8927,1774,16.90328154416527,6.109991689367039
8928,tahrepelvequ,8928,1774,17.905803054090413,7.905566076766662
8929,lesdohanusre,8929,1774,15.20682410399817,4.418598230637491
8930,dorejif,8930,1774,13.16373643851722,5.361731414121791
8931,ettaotorturoh,8931,1774,14.843216346251502,5.95185047451339
8932,tahrepelvequ,8932,1774,23.75829444277282,8.778688448485548
8933,dotrutole,8933,1774,16.30634288543808,6.209243779215401
8934,gelerutec,8934,1774,,
8935,dorejif,8935,1774,14.449882371640632,4.585109303190442
8936,gelerutec,8936,1774,,
8937,lesdohanusre,8937,1774,18.80958642508415,3.522246161264383
8938,gelerutec,8938,1774,,
8939,gelerutec,8939,1774,,
8940,dorejif,8940,2220,,
8941,tahrepelvequ,8941,2220,,
8942,dorejif,8942,2220,,
8943,dotrutole,8943,2220,16.234577694697627,6.936877500143713
8944,dorejif,8944,2220,,
8945,tahrepelvequ,8945,2220,,
8946,ichtoreche,8946,2220,17.30294290903411,4.015978514226332
8947,dotrutole,8947,2220,20.16853653187684,7.51079407678272
8948,tahrepelvequ,8948,2220,,
8949,lesdohanusre,8949,2220,15.032765310059386,4.775117569947396
8950,dorejif,8950,2220,,
8951,ettaotorturoh,8951,2220,17.71399648449319,7.132004899373177
8952,tahrepelvequ,8952,2220,,
8953,dotrutole,8953,2220,18.953802652632977,7.938647199179298
8954,gelerutec,8954,2220,,
8955,dorejif,8955,2220,,
8956,gelerutec,8956,2220,,
8957,lesdohanusre,8957,2220,15.212553160346852,6.351703715366188
8958,gelerutec,8958,2220,,
8959,gelerutec,8959,2220,,
8960,dorejif,8960,1515,,
8961,tahrepelvequ,8961,1515,23.75829444277283,11.331013938975468
8962,dorejif,8962,1515,,
8963,dotrutole,8963,1515,23.75829444277282,7.924486485362935
8964,dorejif,8964,1515,,
8965,tahrepelvequ,8965,1515,30.06547912788021,15.032739563993262
8966,ichtoreche,8966,1515,23.75829444277282,6.771653450465013
8967,dotrutole,8967,1515,17.73920071786,6.848608059417203
8968,tahrepelvequ,8968,1515,25.804242913827373,14.60962946273792
8969,lesdohanusre,8969,1515,18.778951899173347,4.810270029010165
8970,dorejif,8970,1515,,
8971,ettaotorturoh,8971,1515,17.94515854001388,8.5577882781871
8972,tahrepelvequ,8972,1515,23.75829444277282,12.657661531392256
8973,dotrutole,8973,1515,19.967706840769598,6.745531143012856
8974,gelerutec,8974,1515,,
8975,dorejif,8975,1515,,
8976,gelerutec,8976,1515,,
8977,lesdohanusre,8977,1515,18.90119209561721,5.675468840177941
8978,gelerutec,8978,1515,,
8979,gelerutec,8979,1515,,
8980,dorejif,8980,624,37.81794473455872,16.61022999974258
8981,tahrepelvequ,8981,624,40.959041629771264,29.03775194877857
8982,dorejif,8982,624,36.16551404787403,17.75959393709344
8983,dotrutole,8983,624,42.309161605128494,17.35291686703234
8984,dorejif,8984,624,38.424033976351424,18.437483545992528
8985,tahrepelvequ,8985,624,37.653592880265975,21.116844119780964
8986,ichtoreche,8986,624,,
8987,dotrutole,8987,624,45.13636963541698,19.201608998577417
8988,tahrepelvequ,8988,624,48.05137302443119,23.75829444277281
8989,lesdohanusre,8989,624,42.70756075846329,13.571896216589654
8990,dorejif,8990,624,42.03463667944779,17.93966444405799
8991,ettaotorturoh,8991,624,43.8401323116732,23.75829444277281
8992,tahrepelvequ,8992,624,51.222230579047554,23.75829444277283
8993,dotrutole,8993,624,45.4125000940918,19.052889489265528
8994,gelerutec,8994,624,,
8995,dorejif,8995,624,39.60575983679873,16.986411931417468
8996,gelerutec,8996,624,,
8997,lesdohanusre,8997,624,43.91166983183784,18.40013466482181
8998,gelerutec,8998,624,,
8999,gelerutec,8999,624,,
9000,gelerutec,9000,2122,,
9001,gelerutec,9001,2122,,
9002,gelerutec,9002,2122,,
9003,gelerutec,9003,2122,,
9004,gelerutec,9004,2122,,
9005,gelerutec,9005,2122,,
9006,gelerutec,9006,2122,,
9007,gelerutec,9007,2122,,
9008,gelerutec,9008,2122,,
9009,gelerutec,9009,2122,,
9010,gelerutec,9010,2122,,
9011,gelerutec,9011,2122,,
9012,gelerutec,9012,2122,,
9013,tahrepelvequ,9013,2122,30.351369671916554,17.589959433084914
9014,gelerutec,9014,2122,,
9015,gelerutec,9015,2122,,
9016,gelerutec,9016,2122,,
9017,gelerutec,9017,2122,,
9018,gelerutec,9018,2122,,
9019,gelerutec,9019,2122,,
9020,gelerutec,9020,691,,
9021,gelerutec,9021,691,,
9022,gelerutec,9022,691,,
9023,gelerutec,9023,691,,
9024,gelerutec,9024,691,,
9025,gelerutec,9025,691,,
9026,gelerutec,9026,691,,
9027,gelerutec,9027,691,,
9028,gelerutec,9028,691,,
9029,gelerutec,9029,691,,
9030,gelerutec,9030,691,,
9031,gelerutec,9031,691,,
9032,gelerutec,9032,691,,
9033,tahrepelvequ,9033,691,26.07613686367365,12.62546170503926
9034,gelerutec,9034,691,,
9035,gelerutec,9035,691,,
9036,gelerutec,9036,691,,
9037,gelerutec,9037,691,,
9038,gelerutec,9038,691,,
9039,gelerutec,9039,691,,
9040,gelerutec,9040,1080,,
9041,gelerutec,9041,1080,,
9042,gelerutec,9042,1080,,
9043,gelerutec,9043,1080,,
9044,gelerutec,9044,1080,,
9045,gelerutec,9045,1080,,
9046,gelerutec,9046,1080,,
9047,gelerutec,9047,1080,,
9048,gelerutec,9048,1080,,
9049,gelerutec,9049,1080,,
9050,gelerutec,9050,1080,,
9051,gelerutec,9051,1080,,
9052,gelerutec,9052,1080,,
9053,tahrepelvequ,9053,1080,,
9054,gelerutec,9054,1080,,
9055,gelerutec,9055,1080,,
9056,gelerutec,9056,1080,,
9057,gelerutec,9057,1080,,
9058,gelerutec,9058,1080,,
9059,gelerutec,9059,1080,,
9060,gelerutec,9060,1879,,
9061,gelerutec,9061,1879,,
9062,gelerutec,9062,1879,,
9063,gelerutec,9063,1879,,
9064,gelerutec,9064,1879,,
9065,gelerutec,9065,1879,,
9066,gelerutec,9066,1879,,
9067,gelerutec,9067,1879,,
9068,gelerutec,9068,1879,,
9069,gelerutec,9069,1879,,
9070,gelerutec,9070,1879,,
9071,gelerutec,9071,1879,,
9072,gelerutec,9072,1879,,
9073,tahrepelvequ,9073,1879,29.51465880256761,18.59408486920394
9074,gelerutec,9074,1879,,
9075,gelerutec,9075,1879,,
9076,gelerutec,9076,1879,,
9077,gelerutec,9077,1879,,
9078,gelerutec,9078,1879,,
9079,gelerutec,9079,1879,,
9080,gelerutec,9080,1194,,
9081,lesdohanusre,9081,1194,,
9082,itseidlaelextu,9082,1194,,
9083,itseidlaelextu,9083,1194,,
9084,itseidlaelextu,9084,1194,,
9085,tahrepelvequ,9085,1194,,
9086,itseidlaelextu,9086,1194,,
9087,itseidlaelextu,9087,1194,,
9088,itseidlaelextu,9088,1194,,
9089,itseidlaelextu,9089,1194,,
9090,itseidlaelextu,9090,1194,,
9091,dorejif,9091,1194,,
9092,itseidlaelextu,9092,1194,,
9093,itseidlaelextu,9093,1194,,
9094,itseidlaelextu,9094,1194,,
9095,itseidlaelextu,9095,1194,,
9096,itseidlaelextu,9096,1194,,
9097,itseidlaelextu,9097,1194,,
9098,itseidlaelextu,9098,1194,,
9099,itseidlaelextu,9099,1194,,
9100,gelerutec,9100,403,,
9101,lesdohanusre,9101,403,36.67762414012024,9.769073416570004
9102,itseidlaelextu,9102,403,,
9103,itseidlaelextu,9103,403,,
9104,itseidlaelextu,9104,403,,
9105,tahrepelvequ,9105,403,25.75957954343188,12.57944402570008
9106,itseidlaelextu,9106,403,,
9107,itseidlaelextu,9107,403,,
9108,itseidlaelextu,9108,403,,
9109,itseidlaelextu,9109,403,,
9110,itseidlaelextu,9110,403,,
9111,dorejif,9111,403,21.610844003519603,10.415397476835905
9112,itseidlaelextu,9112,403,,
9113,itseidlaelextu,9113,403,,
9114,itseidlaelextu,9114,403,,
9115,itseidlaelextu,9115,403,,
9116,itseidlaelextu,9116,403,,
9117,itseidlaelextu,9117,403,,
9118,itseidlaelextu,9118,403,,
9119,itseidlaelextu,9119,403,,
9120,gelerutec,9120,453,,
9121,lesdohanusre,9121,453,10.860740223144102,2.5260166625681983
9122,itseidlaelextu,9122,453,,
9123,itseidlaelextu,9123,453,,
9124,itseidlaelextu,9124,453,,
9125,tahrepelvequ,9125,453,13.40249110227825,4.047695935114766
9126,itseidlaelextu,9126,453,,
9127,itseidlaelextu,9127,453,,
9128,itseidlaelextu,9128,453,,
9129,itseidlaelextu,9129,453,,
9130,itseidlaelextu,9130,453,,
9131,dorejif,9131,453,9.89490180232304,3.7525393735023616
9132,itseidlaelextu,9132,453,,
9133,itseidlaelextu,9133,453,,
9134,itseidlaelextu,9134,453,,
9135,itseidlaelextu,9135,453,,
9136,itseidlaelextu,9136,453,,
9137,itseidlaelextu,9137,453,,
9138,itseidlaelextu,9138,453,,
9139,itseidlaelextu,9139,453,,
9140,gelerutec,9140,846,,
9141,lesdohanusre,9141,846,26.659069420486286,7.245052232709622
9142,itseidlaelextu,9142,846,,
9143,itseidlaelextu,9143,846,,
9144,itseidlaelextu,9144,846,,
9145,tahrepelvequ,9145,846,32.2684094905115,14.66857634965679
9146,itseidlaelextu,9146,846,,
9147,itseidlaelextu,9147,846,,
9148,itseidlaelextu,9148,846,,
9149,itseidlaelextu,9149,846,,
9150,itseidlaelextu,9150,846,,
9151,dorejif,9151,846,26.71299748938197,9.292423692830916
9152,itseidlaelextu,9152,846,,
9153,itseidlaelextu,9153,846,,
9154,itseidlaelextu,9154,846,,
9155,itseidlaelextu,9155,846,,
9156,itseidlaelextu,9156,846,,
9157,itseidlaelextu,9157,846,,
9158,itseidlaelextu,9158,846,,
9159,itseidlaelextu,9159,846,,
9160,itseidlaelextu,9160,619,,
9161,itseidlaelextu,9161,619,,
9162,itseidlaelextu,9162,619,,
9163,itseidlaelextu,9163,619,,
9164,itseidlaelextu,9164,619,,
9165,itseidlaelextu,9165,619,,
9166,itseidlaelextu,9166,619,,
9167,dorejif,9167,619,12.435216343695028,2.9586416273355933
9168,pequysurfeeldait,9168,619,14.475151499414684,5.037831401489404
9169,itseidlaelextu,9169,619,,
9170,itseidlaelextu,9170,619,,
9171,itseidlaelextu,9171,619,,
9172,nycowekreho,9172,619,13.839596326881908,2.5368301446125763
9173,itseidlaelextu,9173,619,,
9174,itseidlaelextu,9174,619,,
9175,itseidlaelextu,9175,619,,
9176,itseidlaelextu,9176,619,,
9177,itseidlaelextu,9177,619,,
9178,itseidlaelextu,9178,619,,
9179,itseidlaelextu,9179,619,,
9180,itseidlaelextu,9180,638,,
9181,itseidlaelextu,9181,638,,
9182,itseidlaelextu,9182,638,,
9183,itseidlaelextu,9183,638,,
9184,itseidlaelextu,9184,638,,
9185,itseidlaelextu,9185,638,,
9186,itseidlaelextu,9186,638,,
9187,dorejif,9187,638,7.330055889524204,2.0640747517697404
9188,pequysurfeeldait,9188,638,10.754823054817738,2.4568323542806594
9189,itseidlaelextu,9189,638,,
9190,itseidlaelextu,9190,638,,
9191,itseidlaelextu,9191,638,,
9192,nycowekreho,9192,638,10.913747740357566,1.9873840087558243
9193,itseidlaelextu,9193,638,,
9194,itseidlaelextu,9194,638,,
9195,itseidlaelextu,9195,638,,
9196,itseidlaelextu,9196,638,,
9197,itseidlaelextu,9197,638,,
9198,itseidlaelextu,9198,638,,
9199,itseidlaelextu,9199,638,,
9200,neecygiw,9200,505,13.194603390262326,4.039998894069153
9201,itseidlaelextu,9201,505,,
9202,itseidlaelextu,9202,505,,
9203,itseidlaelextu,9203,505,,
9204,itseidlaelextu,9204,505,,
9205,itseidlaelextu,9205,505,,
9206,ziunisoron,9206,505,12.507694001679017,4.1503682438358895
9207,itseidlaelextu,9207,505,,
9208,itseidlaelextu,9208,505,,
9209,itseidlaelextu,9209,505,,
9210,itseidlaelextu,9210,505,,
9211,qenasedteog,9211,505,10.924642664974913,5.358024725318507
9212,itseidlaelextu,9212,505,,
9213,itseidlaelextu,9213,505,,
9214,itseidlaelextu,9214,505,,
9215,ansicqalob,9215,505,9.79375737892261,3.7848378390603594
9216,itseidlaelextu,9216,505,,
9217,itseidlaelextu,9217,505,,
9218,catafewechu,9218,505,11.304422807699924,3.626508689090763
9219,itseidlaelextu,9219,505,,
9220,neecygiw,9220,1390,9.476930374335248,2.0876253481623985
9221,itseidlaelextu,9221,1390,,
9222,itseidlaelextu,9222,1390,,
9223,itseidlaelextu,9223,1390,,
9224,itseidlaelextu,9224,1390,,
9225,itseidlaelextu,9225,1390,,
9226,ziunisoron,9226,1390,,
9227,itseidlaelextu,9227,1390,,
9228,itseidlaelextu,9228,1390,,
9229,itseidlaelextu,9229,1390,,
9230,itseidlaelextu,9230,1390,,
9231,qenasedteog,9231,1390,,
9232,itseidlaelextu,9232,1390,,
9233,itseidlaelextu,9233,1390,,
9234,itseidlaelextu,9234,1390,,
9235,ansicqalob,9235,1390,,
9236,itseidlaelextu,9236,1390,,
9237,itseidlaelextu,9237,1390,,
9238,catafewechu,9238,1390,9.237789962920209,1.6103846497663692
9239,itseidlaelextu,9239,1390,,
9240,neecygiw,9240,373,,
9241,itseidlaelextu,9241,373,,
9242,itseidlaelextu,9242,373,,
9243,itseidlaelextu,9243,373,,
9244,itseidlaelextu,9244,373,,
9245,itseidlaelextu,9245,373,,
9246,ziunisoron,9246,373,,
9247,itseidlaelextu,9247,373,,
9248,itseidlaelextu,9248,373,,
9249,itseidlaelextu,9249,373,,
9250,itseidlaelextu,9250,373,,
9251,qenasedteog,9251,373,4.074917424930154,1.648075920934105
9252,itseidlaelextu,9252,373,,
9253,itseidlaelextu,9253,373,,
9254,itseidlaelextu,9254,373,,
9255,ansicqalob,9255,373,,
9256,itseidlaelextu,9256,373,,
9257,itseidlaelextu,9257,373,,
9258,catafewechu,9258,373,,
9259,itseidlaelextu,9259,373,,
9260,atigichentuoquly,9260,2291,,
9261,wudiepegcixag,9261,2291,43.72987461067769,23.75829444277283
9262,gelerutec,9262,2291,,
9263,gelerutec,9263,2291,,
9264,dotrutole,9264,2291,49.12070341835554,18.113689118657778
9265,gelerutec,9265,2291,,
9266,gelerutec,9266,2291,,
9267,qenasedteog,9267,2291,47.24540416217432,26.21529680475264
9268,tatupdapisaut,9268,2291,30.838840785210863,21.72806455388725
9269,gelerutec,9269,2291,,
9270,gelerutec,9270,2291,,
9271,gelerutec,9271,2291,,
9272,gelerutec,9272,2291,,
9273,ecenivri,9273,2291,80.050816414182,16.784009867510377
9274,nyleesdoewrenu,9274,2291,,
9275,gelerutec,9275,2291,,
9276,gelerutec,9276,2291,,
9277,gelerutec,9277,2291,,
9278,gelerutec,9278,2291,,
9279,gelerutec,9279,2291,,
9280,atigichentuoquly,9280,563,,
9281,wudiepegcixag,9281,563,38.70093064404277,23.75829444277282
9282,gelerutec,9282,563,,
9283,gelerutec,9283,563,,
9284,dotrutole,9284,563,19.006888234584483,3.794343118675042
9285,gelerutec,9285,563,,
9286,gelerutec,9286,563,,
9287,qenasedteog,9287,563,10.91896309993259,3.2585212590664
9288,tatupdapisaut,9288,563,,
9289,gelerutec,9289,563,,
9290,gelerutec,9290,563,,
9291,gelerutec,9291,563,,
9292,gelerutec,9292,563,,
9293,ecenivri,9293,563,16.4821602324015,1.9963605074540756
9294,nyleesdoewrenu,9294,563,,
9295,gelerutec,9295,563,,
9296,gelerutec,9296,563,,
9297,gelerutec,9297,563,,
9298,gelerutec,9298,563,,
9299,gelerutec,9299,563,,
9300,atigichentuoquly,9300,710,17.14904304062544,4.922805450286484
9301,wudiepegcixag,9301,710,42.29790641076037,23.75829444277282
9302,gelerutec,9302,710,,
9303,gelerutec,9303,710,,
9304,dotrutole,9304,710,16.050006868027673,3.155672651694746
9305,gelerutec,9305,710,,
9306,gelerutec,9306,710,,
9307,qenasedteog,9307,710,12.80131479280288,4.4044538876000505
9308,tatupdapisaut,9308,710,13.2550692041568,3.959722731442528
9309,gelerutec,9309,710,,
9310,gelerutec,9310,710,,
9311,gelerutec,9311,710,,
9312,gelerutec,9312,710,,
9313,ecenivri,9313,710,25.06727160497553,2.9253215360498217
9314,nyleesdoewrenu,9314,710,,
9315,gelerutec,9315,710,,
9316,gelerutec,9316,710,,
9317,gelerutec,9317,710,,
9318,gelerutec,9318,710,,
9319,gelerutec,9319,710,,
9320,atigichentuoquly,9320,504,,
9321,wudiepegcixag,9321,504,31.534950018987598,23.75829444277282
9322,gelerutec,9322,504,,
9323,gelerutec,9323,504,,
9324,dotrutole,9324,504,10.97304153207579,2.939666454878737
9325,gelerutec,9325,504,,
9326,gelerutec,9326,504,,
9327,qenasedteog,9327,504,10.07064890385756,5.641452538936666
9328,tatupdapisaut,9328,504,6.119451930748369,1.2519749302097174
9329,gelerutec,9329,504,,
9330,gelerutec,9330,504,,
9331,gelerutec,9331,504,,
9332,gelerutec,9332,504,,
9333,ecenivri,9333,504,17.424494330024263,3.6665578073277887
9334,nyleesdoewrenu,9334,504,,
9335,gelerutec,9335,504,,
9336,gelerutec,9336,504,,
9337,gelerutec,9337,504,,
9338,gelerutec,9338,504,,
9339,gelerutec,9339,504,,
9340,gelerutec,9340,77,,
9341,gelerutec,9341,77,,
9342,gelerutec,9342,77,,
9343,neecygiw,9343,77,68.0678510632225,26.31242319774621
9344,gelerutec,9344,77,,
9345,iwdekworixujdorak,9345,77,78.400899826154,23.7582944427728
9346,asbicapadnitiin,9346,77,63.58237832853042,23.75829444277283
9347,naugnejniet,9347,77,73.92718530967394,29.769558388788028
9348,gelerutec,9348,77,,
9349,catafewechu,9349,77,56.57669881558101,23.75829444277282
9350,gelerutec,9350,77,,
9351,gelerutec,9351,77,,
9352,firtihqoit,9352,77,69.00574449730902,23.7582944427728
9353,gelerutec,9353,77,,
9354,ditlietan,9354,77,55.24317697474404,27.751131475137186
9355,irlalequrilipaw,9355,77,,
9356,gelerutec,9356,77,,
9357,gelerutec,9357,77,,
9358,tatchefugyb,9358,77,51.89672418384679,23.75829444277283
9359,gelerutec,9359,77,,
9360,gelerutec,9360,189,,
9361,gelerutec,9361,189,,
9362,gelerutec,9362,189,,
9363,neecygiw,9363,189,12.868193996186838,4.471544756921692
9364,gelerutec,9364,189,,
9365,iwdekworixujdorak,9365,189,,
9366,asbicapadnitiin,9366,189,13.355105300341243,2.938815474174182
9367,naugnejniet,9367,189,12.40689918441417,4.1281317506960935
9368,gelerutec,9368,189,,
9369,catafewechu,9369,189,,
9370,gelerutec,9370,189,,
9371,gelerutec,9371,189,,
9372,firtihqoit,9372,189,18.462017418331115,4.258015571583159
9373,gelerutec,9373,189,,
9374,ditlietan,9374,189,10.668616002363471,3.736273859392964
9375,irlalequrilipaw,9375,189,,
9376,gelerutec,9376,189,,
9377,gelerutec,9377,189,,
9378,tatchefugyb,9378,189,,
9379,gelerutec,9379,189,,
9380,gelerutec,9380,731,,
9381,gelerutec,9381,731,,
9382,gelerutec,9382,731,,
9383,neecygiw,9383,731,14.011453849923056,4.048167447215312
9384,gelerutec,9384,731,,
9385,iwdekworixujdorak,9385,731,11.688282657007154,3.8904480442527314
9386,asbicapadnitiin,9386,731,16.514154590105754,2.48041456296982
9387,naugnejniet,9387,731,14.272369072593596,5.421548766721632
9388,gelerutec,9388,731,,
9389,catafewechu,9389,731,12.022193681862255,3.0876868363823875
9390,gelerutec,9390,731,,
9391,gelerutec,9391,731,,
9392,firtihqoit,9392,731,11.594323876914686,3.9602047179294297
9393,gelerutec,9393,731,,
9394,ditlietan,9394,731,9.817189614414914,3.6914979341299454
9395,irlalequrilipaw,9395,731,,
9396,gelerutec,9396,731,,
9397,gelerutec,9397,731,,
9398,tatchefugyb,9398,731,,
9399,gelerutec,9399,731,,
9400,gelerutec,9400,1235,,
9401,gelerutec,9401,1235,,
9402,gelerutec,9402,1235,,
9403,neecygiw,9403,1235,30.675135217884232,13.978139739578427
9404,gelerutec,9404,1235,,
9405,iwdekworixujdorak,9405,1235,28.29470409607487,12.97720718172922
9406,asbicapadnitiin,9406,1235,27.964770255521323,9.184110817061768
9407,naugnejniet,9407,1235,26.342623237250866,12.606894296744574
9408,gelerutec,9408,1235,,
9409,catafewechu,9409,1235,28.98728608662765,11.668474966453584
9410,gelerutec,9410,1235,,
9411,gelerutec,9411,1235,,
9412,firtihqoit,9412,1235,35.98429767375509,13.960392846080754
9413,gelerutec,9413,1235,,
9414,ditlietan,9414,1235,24.871835387399685,11.974657466263304
9415,irlalequrilipaw,9415,1235,,
9416,gelerutec,9416,1235,,
9417,gelerutec,9417,1235,,
9418,tatchefugyb,9418,1235,53.30021679226774,23.75829444277282
9419,gelerutec,9419,1235,,
9420,gelerutec,9420,363,,
9421,gelerutec,9421,363,,
9422,gelerutec,9422,363,,
9423,neecygiw,9423,363,19.665993332472237,6.835067416373782
9424,gelerutec,9424,363,,
9425,iwdekworixujdorak,9425,363,15.12926708336079,6.421382854523198
9426,asbicapadnitiin,9426,363,26.778875595153625,3.458264618535099
9427,naugnejniet,9427,363,21.14448549046708,5.321976692719257
9428,gelerutec,9428,363,,
9429,catafewechu,9429,363,23.75829444277282,6.291808555539509
9430,gelerutec,9430,363,,
9431,gelerutec,9431,363,,
9432,firtihqoit,9432,363,23.758294442772787,4.962974349440623
9433,gelerutec,9433,363,,
9434,ditlietan,9434,363,8.618381139339201,3.25748401053964
9435,irlalequrilipaw,9435,363,,
9436,gelerutec,9436,363,,
9437,gelerutec,9437,363,,
9438,tatchefugyb,9438,363,46.808043728188025,23.75829444277281
9439,gelerutec,9439,363,,
9440,gelerutec,9440,660,,
9441,ryfegfeowoqes,9441,660,33.360628965662904,7.999096611665597
9442,itfeernatewiq,9442,660,29.05680914638916,12.978406966663403
9443,iqulesecchugisederne,9443,660,28.89330665394356,13.308029660492874
9444,ansicqalob,9444,660,,
9445,ulyfacelgaluheren,9445,660,28.89364310924397,9.625422342038537
9446,itfeernatewiq,9446,660,32.571952081596855,10.506524732357944
9447,atigichentuoquly,9447,660,,
9448,catafewechu,9448,660,,
9449,foquxoxreinlegihisruh,9449,660,31.257858738922756,15.949083892015976
9450,ecenivri,9450,660,36.065282481413966,8.00373664808762
9451,itfeernatewiq,9451,660,30.954543187123637,11.512807237247449
9452,ichtoreche,9452,660,34.07777664601235,12.571568827194673
9453,tatchefugyb,9453,660,31.62009367471966,11.652711666696597
9454,fiahlamuawetulko,9454,660,25.748814573545776,10.174198341223187
9455,furuqzibumehew,9455,660,21.70586453318087,13.50311493092014
9456,epciin,9456,660,32.5849084546273,12.331939906930907
9457,neecygiw,9457,660,25.875316818368297,11.57026450328646
9458,nuninemkogfatakergin,9458,660,30.035593897212028,9.732784516462214
9459,siarsarchaquda,9459,660,25.37686916600838,10.755060161088185
9460,gelerutec,9460,1148,,
9461,ryfegfeowoqes,9461,1148,20.87691114315476,2.7430788074354893
9462,itfeernatewiq,9462,1148,15.694641007964456,5.488046550714596
9463,iqulesecchugisederne,9463,1148,10.44194046673608,6.207004073966216
9464,ansicqalob,9464,1148,,
9465,ulyfacelgaluheren,9465,1148,,
9466,itfeernatewiq,9466,1148,14.955576611466157,4.0152907519258765
9467,atigichentuoquly,9467,1148,,
9468,catafewechu,9468,1148,,
9469,foquxoxreinlegihisruh,9469,1148,20.43089097570389,6.410490303786094
9470,ecenivri,9470,1148,23.75829444277283,2.601592132884395
9471,itfeernatewiq,9471,1148,15.717142685628026,3.545057325030879
9472,ichtoreche,9472,1148,19.107433140195266,3.907581273619078
9473,tatchefugyb,9473,1148,23.75829444277283,8.335728172132963
9474,fiahlamuawetulko,9474,1148,12.86016294724901,5.436897046741021
9475,furuqzibumehew,9475,1148,13.229529991299705,6.029929989912852
9476,epciin,9476,1148,20.11550576949089,5.445786170592683
9477,neecygiw,9477,1148,16.538119334761223,5.146029822772425
9478,nuninemkogfatakergin,9478,1148,15.557895845264202,2.098170222714708
9479,siarsarchaquda,9479,1148,17.135620420517558,5.029445716903921
9480,gelerutec,9480,2285,,
9481,ryfegfeowoqes,9481,2285,11.741524551672724,1.698529957293673
9482,itfeernatewiq,9482,2285,12.318977018901352,2.456878983140062
9483,iqulesecchugisederne,9483,2285,9.54751666618849,3.4882839637243497
9484,ansicqalob,9484,2285,,
9485,ulyfacelgaluheren,9485,2285,,
9486,itfeernatewiq,9486,2285,12.846973138152755,2.377612216235113
9487,atigichentuoquly,9487,2285,10.760914347357136,2.27452610503204
9488,catafewechu,9488,2285,,
9489,foquxoxreinlegihisruh,9489,2285,18.395421856594176,2.222109430948049
9490,ecenivri,9490,2285,17.503012616353534,1.115808884184123
9491,itfeernatewiq,9491,2285,11.28342255392868,2.193506503591464
9492,ichtoreche,9492,2285,14.571784359041056,2.484702231789909
9493,tatchefugyb,9493,2285,22.636709959367327,4.7629108980307375
9494,fiahlamuawetulko,9494,2285,10.2279279726747,3.526448035393219
9495,furuqzibumehew,9495,2285,8.222766457333869,3.884972127575979
9496,epciin,9496,2285,12.88011024856378,2.0589971652895653
9497,neecygiw,9497,2285,7.682149751173059,2.6285564694437364
9498,nuninemkogfatakergin,9498,2285,13.438477107297487,1.1117459208380718
9499,siarsarchaquda,9499,2285,16.20156208703192,5.635658987940661
9500,gelerutec,9500,1684,,
9501,ryfegfeowoqes,9501,1684,27.597435721052346,5.17754518753543
9502,itfeernatewiq,9502,1684,24.92726449072648,7.493142466325707
9503,iqulesecchugisederne,9503,1684,29.01748678186736,9.603094698295363
9504,ansicqalob,9504,1684,26.265510767332373,9.641589867442242
9505,ulyfacelgaluheren,9505,1684,22.14314104706309,6.266578907192543
9506,itfeernatewiq,9506,1684,25.19383706068338,7.744227993562405
9507,atigichentuoquly,9507,1684,21.42287453754768,8.21352661051981
9508,catafewechu,9508,1684,24.934105102183512,9.760490419478428
9509,foquxoxreinlegihisruh,9509,1684,32.95672015210973,8.423951717142687
9510,ecenivri,9510,1684,35.45835297814853,5.390432788584837
9511,itfeernatewiq,9511,1684,25.411123094959613,7.861311841663932
9512,ichtoreche,9512,1684,27.827836637707374,7.852879262461124
9513,tatchefugyb,9513,1684,,
9514,fiahlamuawetulko,9514,1684,24.92554191311756,8.943470293369604
9515,furuqzibumehew,9515,1684,16.195444057201808,9.693516123178505
9516,epciin,9516,1684,27.203187928017933,10.40942850639445
9517,neecygiw,9517,1684,25.05792667317087,10.152425337337622
9518,nuninemkogfatakergin,9518,1684,26.127393668163585,4.617959381215166
9519,siarsarchaquda,9519,1684,23.55863778743825,11.145857585259218
9520,chidorabi,9520,1573,40.93281611396523,23.75829444277282
9521,ulyfacelgaluheren,9521,1573,,
9522,gelerutec,9522,1573,,
9523,gelerutec,9523,1573,,
9524,tatchefugyb,9524,1573,,
9525,agtawu,9525,1573,16.17652550411734,5.4005206956760246
9526,ecenivri,9526,1573,26.570472482096168,4.070966579769022
9527,ansicqalob,9527,1573,16.131974261418286,3.8169950680872624
9528,selcholemusowitirqua,9528,1573,17.50648947006029,6.435707032413816
9529,gelerutec,9529,1573,,
9530,giuwodokesechcada,9530,1573,18.47760375916154,5.307421385977981
9531,ulyfacelgaluheren,9531,1573,,
9532,gelerutec,9532,1573,,
9533,tatchefugyb,9533,1573,,
9534,catafewechu,9534,1573,,
9535,ansicqalob,9535,1573,,
9536,gelerutec,9536,1573,,
9537,gelerutec,9537,1573,,
9538,selcholemusowitirqua,9538,1573,14.987121486750608,6.383665420540846
9539,ecenivri,9539,1573,26.676493501601957,3.7010273462617023
9540,chidorabi,9540,917,23.75829444277282,23.7582944427728
9541,ulyfacelgaluheren,9541,917,,
9542,gelerutec,9542,917,,
9543,gelerutec,9543,917,,
9544,tatchefugyb,9544,917,13.297981915163684,2.5642339111229946
9545,agtawu,9545,917,11.265259300422306,4.241190252440948
9546,ecenivri,9546,917,17.640601345603425,1.3243406655558123
9547,ansicqalob,9547,917,,
9548,selcholemusowitirqua,9548,917,10.270013428026122,2.683161994871718
9549,gelerutec,9549,917,,
9550,giuwodokesechcada,9550,917,12.58258906251971,2.211789776870724
9551,ulyfacelgaluheren,9551,917,,
9552,gelerutec,9552,917,,
9553,tatchefugyb,9553,917,,
9554,catafewechu,9554,917,,
9555,ansicqalob,9555,917,16.865260274550465,2.9794110942398446
9556,gelerutec,9556,917,,
9557,gelerutec,9557,917,,
9558,selcholemusowitirqua,9558,917,10.0957526758828,2.600194117302597
9559,ecenivri,9559,917,17.570111716154088,1.5153756970576748
9560,chidorabi,9560,2201,,
9561,ulyfacelgaluheren,9561,2201,,
9562,gelerutec,9562,2201,,
9563,gelerutec,9563,2201,,
9564,tatchefugyb,9564,2201,14.783883313996505,2.145922315086522
9565,agtawu,9565,2201,8.528366282680551,2.6253428177862483
9566,ecenivri,9566,2201,12.46016415309195,0.6344132441638314
9567,ansicqalob,9567,2201,,
9568,selcholemusowitirqua,9568,2201,7.032515626970893,1.7360476212378737
9569,gelerutec,9569,2201,,
9570,giuwodokesechcada,9570,2201,7.248333765973024,1.245619837185142
9571,ulyfacelgaluheren,9571,2201,,
9572,gelerutec,9572,2201,,
9573,tatchefugyb,9573,2201,20.694103234701984,1.3308742252925578
9574,catafewechu,9574,2201,8.683461957193698,1.1239008787050129
9575,ansicqalob,9575,2201,15.56666600337514,2.81070332170921
9576,gelerutec,9576,2201,,
9577,gelerutec,9577,2201,,
9578,selcholemusowitirqua,9578,2201,7.925445512219156,1.8940174606821265
9579,ecenivri,9579,2201,16.757778400563197,0.6148644291321915
9580,chidorabi,9580,705,23.75829444277282,23.75829444277282
9581,ulyfacelgaluheren,9581,705,16.140894347406398,4.79371386449139
9582,gelerutec,9582,705,,
9583,gelerutec,9583,705,,
9584,tatchefugyb,9584,705,18.65095226761431,6.36136995583635
9585,agtawu,9585,705,23.385921554269487,7.043679449590953
9586,ecenivri,9586,705,30.789231135133804,3.871974436937141
9587,ansicqalob,9587,705,,
9588,selcholemusowitirqua,9588,705,11.0645411652174,5.700822288715781
9589,gelerutec,9589,705,,
9590,giuwodokesechcada,9590,705,6.994293400392359,2.037945059005199
9591,ulyfacelgaluheren,9591,705,,
9592,gelerutec,9592,705,,
9593,tatchefugyb,9593,705,25.44687899776192,4.707409868686021
9594,catafewechu,9594,705,,
9595,ansicqalob,9595,705,16.842850557191028,4.265228275549493
9596,gelerutec,9596,705,,
9597,gelerutec,9597,705,,
9598,selcholemusowitirqua,9598,705,9.835705264095113,5.310853329432885
9599,ecenivri,9599,705,33.48699200269831,3.875372946709201
9600,chidorabi,9600,2313,,
9601,ulyfacelgaluheren,9601,2313,,
9602,gelerutec,9602,2313,,
9603,gelerutec,9603,2313,,
9604,tatchefugyb,9604,2313,,
9605,agtawu,9605,2313,,
9606,ecenivri,9606,2313,12.349751522440604,1.735480085334054
9607,ansicqalob,9607,2313,7.173012632245619,3.28634891240991
9608,selcholemusowitirqua,9608,2313,7.340961713156297,2.484405333455128
9609,gelerutec,9609,2313,,
9610,giuwodokesechcada,9610,2313,5.305939977276198,1.1067914246412491
9611,ulyfacelgaluheren,9611,2313,,
9612,gelerutec,9612,2313,,
9613,tatchefugyb,9613,2313,,
9614,catafewechu,9614,2313,,
9615,ansicqalob,9615,2313,,
9616,gelerutec,9616,2313,,
9617,gelerutec,9617,2313,,
9618,selcholemusowitirqua,9618,2313,6.692498549330452,2.177896497502697
9619,ecenivri,9619,2313,12.622071575392638,1.6710330621446887
9620,tatchefugyb,9620,1962,,
9621,alidewetgelequfa,9621,1962,,
9622,tatchefugyb,9622,1962,,
9623,yquasobdevgatlar,9623,1962,18.786615213864803,10.397185706132673
9624,ezwazcorenihivto,9624,1962,23.75829444277282,23.75829444277282
9625,vudichtinechutiniqe,9625,1962,21.46836503424727,10.25916840630241
9626,catafewechu,9626,1962,23.75829444277282,8.344715340842288
9627,tehsidetegenichurgew,9627,1962,,
9628,tatchefugyb,9628,1962,,
9629,lyvedotarod,9629,1962,18.663681174946905,6.7594694829315465
9630,ansicqalob,9630,1962,23.7582944427728,6.482943963604617
9631,paaduchonvenorasti,9631,1962,,
9632,tatchefugyb,9632,1962,,
9633,selcholemusowitirqua,9633,1962,17.732252672273102,11.149600423201775
9634,chaquyir,9634,1962,,
9635,chidorabi,9635,1962,18.308307797530592,9.238761607674196
9636,tatchefugyb,9636,1962,,
9637,dorejif,9637,1962,19.52629744490427,11.010755132289392
9638,iwdekworixujdorak,9638,1962,21.62867863623027,9.184894258515472
9639,tatchefugyb,9639,1962,23.557634309511425,8.223939458781858
9640,tatchefugyb,9640,1375,,
9641,alidewetgelequfa,9641,1375,,
9642,tatchefugyb,9642,1375,,
9643,yquasobdevgatlar,9643,1375,,
9644,ezwazcorenihivto,9644,1375,,
9645,vudichtinechutiniqe,9645,1375,,
9646,catafewechu,9646,1375,,
9647,tehsidetegenichurgew,9647,1375,,
9648,tatchefugyb,9648,1375,,
9649,lyvedotarod,9649,1375,,
9650,ansicqalob,9650,1375,18.342511643742377,3.8201113655997663
9651,paaduchonvenorasti,9651,1375,,
9652,tatchefugyb,9652,1375,,
9653,selcholemusowitirqua,9653,1375,7.620776837616542,3.175985571045736
9654,chaquyir,9654,1375,,
9655,chidorabi,9655,1375,,
9656,tatchefugyb,9656,1375,,
9657,dorejif,9657,1375,,
9658,iwdekworixujdorak,9658,1375,,
9659,tatchefugyb,9659,1375,,
9660,juchlibnaltyve,9660,751,7.1460370028931015,2.059347829935623
9661,dorejif,9661,751,8.632126883015387,0.9501285770993884
9662,siarsarchaquda,9662,751,9.493167853421191,1.3915450927725497
9663,alidewetgelequfa,9663,751,,
9664,yquasobdevgatlar,9664,751,10.741243127863362,3.6432181201833767
9665,ejuttavazno,9665,751,23.75829444277283,23.758294442772826
9666,pelefoseliw,9666,751,10.259268744088946,2.74412451513488
9667,ryfegfeowoqes,9667,751,14.172209816474698,1.1392459215873032
9668,selcholemusowitirqua,9668,751,8.645984391205255,2.2168631425193617
9669,paaduchonvenorasti,9669,751,,
9670,dotrutole,9670,751,8.538010056030805,1.0317164456593078
9671,paaduchonvenorasti,9671,751,,
9672,daceforej,9672,751,9.361028640958995,0.9270855438127814
9673,paaduchonvenorasti,9673,751,,
9674,paaduchonvenorasti,9674,751,,
9675,iwdekworixujdorak,9675,751,8.816637928448582,1.8455904848098343
9676,paaduchonvenorasti,9676,751,,
9677,zemakfi,9677,751,8.631468750843887,1.7835116269162925
9678,paaduchonvenorasti,9678,751,,
9679,paaduchonvenorasti,9679,751,,
9680,juchlibnaltyve,9680,1279,14.818815956969082,4.996511191630419
9681,dorejif,9681,1279,11.70097078827666,3.541890984350017
9682,siarsarchaquda,9682,1279,19.078704582134943,4.463887855882275
9683,alidewetgelequfa,9683,1279,,
9684,yquasobdevgatlar,9684,1279,11.298411864741643,4.3381192252624965
9685,ejuttavazno,9685,1279,,
9686,pelefoseliw,9686,1279,17.03971263229318,4.072763172058517
9687,ryfegfeowoqes,9687,1279,22.3930254065622,5.314885145382251
9688,selcholemusowitirqua,9688,1279,12.535438775919475,5.100832423579936
9689,paaduchonvenorasti,9689,1279,,
9690,dotrutole,9690,1279,12.900129381098036,4.508152679956432
9691,paaduchonvenorasti,9691,1279,,
9692,daceforej,9692,1279,21.728921744933967,4.029597010049372
9693,paaduchonvenorasti,9693,1279,,
9694,paaduchonvenorasti,9694,1279,,
9695,iwdekworixujdorak,9695,1279,18.80958642503456,5.643677243025254
9696,paaduchonvenorasti,9696,1279,,
9697,zemakfi,9697,1279,16.540028991908102,4.471912345820295
9698,paaduchonvenorasti,9698,1279,,
9699,paaduchonvenorasti,9699,1279,,
9700,juchlibnaltyve,9700,401,27.419798557739878,10.283866529028138
9701,dorejif,9701,401,12.934577378360808,5.084766320779386
9702,siarsarchaquda,9702,401,16.810077440341054,5.77151005693645
9703,alidewetgelequfa,9703,401,,
9704,yquasobdevgatlar,9704,401,12.790787594522266,6.300785480045786
9705,ejuttavazno,9705,401,,
9706,pelefoseliw,9706,401,17.774194386952583,5.959307943619131
9707,ryfegfeowoqes,9707,401,25.835777847673366,4.316064587112727
9708,selcholemusowitirqua,9708,401,12.781054375542883,6.389161775310159
9709,paaduchonvenorasti,9709,401,,
9710,dotrutole,9710,401,13.97582878235481,5.624497758687775
9711,paaduchonvenorasti,9711,401,,
9712,daceforej,9712,401,19.819195778551578,4.44836978609004
9713,paaduchonvenorasti,9713,401,,
9714,paaduchonvenorasti,9714,401,,
9715,iwdekworixujdorak,9715,401,16.23211764711722,5.158582228303396
9716,paaduchonvenorasti,9716,401,,
9717,zemakfi,9717,401,17.22233188151173,4.706047649834155
9718,paaduchonvenorasti,9718,401,,
9719,paaduchonvenorasti,9719,401,,
9720,juchlibnaltyve,9720,508,10.591823307119936,4.116908728014073
9721,dorejif,9721,508,6.214355884707073,2.642493397679359
9722,siarsarchaquda,9722,508,10.547553657378916,3.089214241719675
9723,alidewetgelequfa,9723,508,,
9724,yquasobdevgatlar,9724,508,8.542677479198463,3.562037448591972
9725,ejuttavazno,9725,508,,
9726,pelefoseliw,9726,508,10.78535582023422,2.9572813679453653
9727,ryfegfeowoqes,9727,508,13.56611823858312,2.732648659313418
9728,selcholemusowitirqua,9728,508,8.255879861837277,4.140675555767095
9729,paaduchonvenorasti,9729,508,,
9730,dotrutole,9730,508,12.028775709819053,2.888806047848399
9731,paaduchonvenorasti,9731,508,,
9732,daceforej,9732,508,9.91031956593415,2.2284363099748306
9733,paaduchonvenorasti,9733,508,,
9734,paaduchonvenorasti,9734,508,,
9735,iwdekworixujdorak,9735,508,13.27187260868115,3.058478116242344
9736,paaduchonvenorasti,9736,508,,
9737,zemakfi,9737,508,9.489453490598851,2.883317654666047
9738,paaduchonvenorasti,9738,508,,
9739,paaduchonvenorasti,9739,508,,
9740,juchlibnaltyve,9740,2009,25.246013624252445,12.213462520089983
9741,dorejif,9741,2009,13.643746697643545,3.231263396825078
9742,siarsarchaquda,9742,2009,25.93396594318648,13.542157736192395
9743,alidewetgelequfa,9743,2009,24.464172769096308,23.75829444277282
9744,yquasobdevgatlar,9744,2009,11.07723480020735,3.527036493237277
9745,ejuttavazno,9745,2009,23.75829444277283,23.75829444277282
9746,pelefoseliw,9746,2009,31.56697096254764,13.533107022980497
9747,ryfegfeowoqes,9747,2009,19.50090263703525,3.0990839609231213
9748,selcholemusowitirqua,9748,2009,10.398156171375089,5.0877883993757615
9749,paaduchonvenorasti,9749,2009,,
9750,dotrutole,9750,2009,12.082008859063228,4.184278124060684
9751,paaduchonvenorasti,9751,2009,,
9752,daceforej,9752,2009,17.09691176401794,3.3632248404728293
9753,paaduchonvenorasti,9753,2009,,
9754,paaduchonvenorasti,9754,2009,,
9755,iwdekworixujdorak,9755,2009,25.76964789658765,9.306059463638926
9756,paaduchonvenorasti,9756,2009,,
9757,zemakfi,9757,2009,28.601510426875645,11.211006862968956
9758,paaduchonvenorasti,9758,2009,,
9759,paaduchonvenorasti,9759,2009,,
9760,juchlibnaltyve,9760,1122,14.30750558781305,4.81291421158994
9761,dorejif,9761,1122,,
9762,siarsarchaquda,9762,1122,17.89143581539014,5.656215457513559
9763,alidewetgelequfa,9763,1122,,
9764,yquasobdevgatlar,9764,1122,15.75056553483957,3.5559526341683267
9765,ejuttavazno,9765,1122,,
9766,pelefoseliw,9766,1122,14.973370450323516,5.162755862531593
9767,ryfegfeowoqes,9767,1122,16.607220412855504,3.0393849382666622
9768,selcholemusowitirqua,9768,1122,12.351979979013302,5.33834714557188
9769,paaduchonvenorasti,9769,1122,,
9770,dotrutole,9770,1122,14.522592962303042,4.58249376703047
9771,paaduchonvenorasti,9771,1122,,
9772,daceforej,9772,1122,15.934022189026049,2.900773994641349
9773,paaduchonvenorasti,9773,1122,,
9774,paaduchonvenorasti,9774,1122,,
9775,iwdekworixujdorak,9775,1122,,
9776,paaduchonvenorasti,9776,1122,,
9777,zemakfi,9777,1122,17.035659185237506,3.141874867310811
9778,paaduchonvenorasti,9778,1122,,
9779,paaduchonvenorasti,9779,1122,,
9780,juchlibnaltyve,9780,534,7.092169919816267,2.4203326221434893
9781,dorejif,9781,534,,
9782,siarsarchaquda,9782,534,12.735000917506657,3.5378013996541813
9783,alidewetgelequfa,9783,534,11.077485351460062,6.772466688832692
9784,yquasobdevgatlar,9784,534,7.874164106029847,2.80463592690721
9785,ejuttavazno,9785,534,23.75829444277283,23.75829444277282
9786,pelefoseliw,9786,534,10.766439637168537,5.8724335862251245
9787,ryfegfeowoqes,9787,534,8.46647618988642,1.3383548138332213
9788,selcholemusowitirqua,9788,534,6.791675932275415,2.567937967888929
9789,paaduchonvenorasti,9789,534,,
9790,dotrutole,9790,534,7.005619519441006,2.5670665450228527
9791,paaduchonvenorasti,9791,534,,
9792,daceforej,9792,534,6.507644527008473,1.7751141133297206
9793,paaduchonvenorasti,9793,534,,
9794,paaduchonvenorasti,9794,534,,
9795,iwdekworixujdorak,9795,534,,
9796,paaduchonvenorasti,9796,534,,
9797,zemakfi,9797,534,14.128933174158137,4.483269988216467
9798,paaduchonvenorasti,9798,534,,
9799,paaduchonvenorasti,9799,534,,
9800,paaduchonvenorasti,9800,2015,,
9801,paaduchonvenorasti,9801,2015,,
9802,dorejif,9802,2015,,
9803,aknujiersetsekecneh,9803,2015,,
9804,idirinac,9804,2015,,
9805,daariqual,9805,2015,,
9806,ejuttavazno,9806,2015,,
9807,nulfaifbiotidefor,9807,2015,,
9808,paaduchonvenorasti,9808,2015,,
9809,dorejif,9809,2015,,
9810,nyleesdoewrenu,9810,2015,,
9811,ansicqalob,9811,2015,,
9812,dorejif,9812,2015,,
9813,siarsarchaquda,9813,2015,8.736583903036081,2.9566217347180768
9814,ejuttavazno,9814,2015,,
9815,tehsidetegenichurgew,9815,2015,,
9816,paaduchonvenorasti,9816,2015,,
9817,fiahlamuawetulko,9817,2015,,
9818,paaduchonvenorasti,9818,2015,,
9819,ezwazcorenihivto,9819,2015,,
9820,paaduchonvenorasti,9820,2312,,
9821,paaduchonvenorasti,9821,2312,,
9822,dorejif,9822,2312,8.969499943415299,1.349764704355045
9823,aknujiersetsekecneh,9823,2312,8.07238067793196,2.57907764673676
9824,idirinac,9824,2312,6.6551646306344585,2.9284271914948943
9825,daariqual,9825,2312,6.5599197774611655,3.163484799458208
9826,ejuttavazno,9826,2312,,
9827,nulfaifbiotidefor,9827,2312,,
9828,paaduchonvenorasti,9828,2312,,
9829,dorejif,9829,2312,9.87719448257797,1.4505659196515694
9830,nyleesdoewrenu,9830,2312,23.758294442772826,23.75829444277282
9831,ansicqalob,9831,2312,,
9832,dorejif,9832,2312,7.870834572140954,1.0364644420991946
9833,siarsarchaquda,9833,2312,14.024278914906288,4.119744352358013
9834,ejuttavazno,9834,2312,,
9835,tehsidetegenichurgew,9835,2312,,
9836,paaduchonvenorasti,9836,2312,,
9837,fiahlamuawetulko,9837,2312,10.393442955035349,4.3905983823545975
9838,paaduchonvenorasti,9838,2312,,
9839,ezwazcorenihivto,9839,2312,,
9840,paaduchonvenorasti,9840,198,,
9841,paaduchonvenorasti,9841,198,,
9842,dorejif,9842,198,8.43506877361126,1.2306948784506972
9843,aknujiersetsekecneh,9843,198,11.208128017417588,2.0057030338344224
9844,idirinac,9844,198,6.8372763862767485,2.296932526743366
9845,daariqual,9845,198,,
9846,ejuttavazno,9846,198,,
9847,nulfaifbiotidefor,9847,198,8.592322657973737,1.0423347334075992
9848,paaduchonvenorasti,9848,198,,
9849,dorejif,9849,198,7.146319461587804,1.1648365597158663
9850,nyleesdoewrenu,9850,198,23.75829444277283,23.75829444277281
9851,ansicqalob,9851,198,,
9852,dorejif,9852,198,7.806398797069147,1.3243052325517886
9853,siarsarchaquda,9853,198,5.967186431691455,2.2160340403720244
9854,ejuttavazno,9854,198,,
9855,tehsidetegenichurgew,9855,198,,
9856,paaduchonvenorasti,9856,198,,
9857,fiahlamuawetulko,9857,198,7.241910515771963,2.43793616740305
9858,paaduchonvenorasti,9858,198,,
9859,ezwazcorenihivto,9859,198,3.603630621449992,2.2312202213716885
9860,juchlibnaltyve,9860,15,18.35866929082529,7.939952936968256
9861,yquasobdevgatlar,9861,15,9.051977596294911,3.8403103304295865
9862,ejuttavazno,9862,15,,
9863,olepneet,9863,15,8.700006661761284,2.6463698471307624
9864,paaduchonvenorasti,9864,15,,
9865,yquasobdevgatlar,9865,15,11.219675691919536,4.834777821196458
9866,ansicqalob,9866,15,11.85258875718382,3.5018665524479777
9867,ciacfi,9867,15,,
9868,ejuttavazno,9868,15,,
9869,iwdekworixujdorak,9869,15,12.579910871236834,5.250433972472171
9870,selcholemusowitirqua,9870,15,9.162609944605853,5.126108483604001
9871,dorejif,9871,15,10.788612928514032,3.163037578385274
9872,paaduchonvenorasti,9872,15,,
9873,ogelnaworubo,9873,15,6.682992209649667,1.7960001907963965
9874,nyleesdoewrenu,9874,15,23.75829444277282,23.75829444277282
9875,ejuttavazno,9875,15,,
9876,neecygiw,9876,15,12.264147618290073,4.151057998391527
9877,agtawu,9877,15,13.096451965703425,4.413521396668468
9878,nyleesdoewrenu,9878,15,23.75829444277282,23.75829444277282
9879,zemakfi,9879,15,17.391904001773625,6.508487103233674
9880,juchlibnaltyve,9880,278,10.27550545009666,3.472660249252073
9881,yquasobdevgatlar,9881,278,14.996374826869063,5.874545193909412
9882,ejuttavazno,9882,278,,
9883,olepneet,9883,278,13.20741571782586,6.008147525211214
9884,paaduchonvenorasti,9884,278,,
9885,yquasobdevgatlar,9885,278,14.3176896053648,7.060324638909367
9886,ansicqalob,9886,278,,
9887,ciacfi,9887,278,,
9888,ejuttavazno,9888,278,,
9889,iwdekworixujdorak,9889,278,36.26072534896003,7.423296925573663
9890,selcholemusowitirqua,9890,278,23.75829444277282,7.193611804876293
9891,dorejif,9891,278,17.27792517505611,5.353510062227235
9892,paaduchonvenorasti,9892,278,,
9893,ogelnaworubo,9893,278,,
9894,nyleesdoewrenu,9894,278,,
9895,ejuttavazno,9895,278,,
9896,neecygiw,9896,278,21.33571580492368,8.989560363951211
9897,agtawu,9897,278,17.418094452650205,8.12992938644395
9898,nyleesdoewrenu,9898,278,,
9899,zemakfi,9899,278,28.602038590380737,5.520520603267111
9900,juchlibnaltyve,9900,1307,10.204192962385653,3.205830785666862
9901,yquasobdevgatlar,9901,1307,9.019821961361568,2.9281800240391576
9902,ejuttavazno,9902,1307,,
9903,olepneet,9903,1307,,
9904,paaduchonvenorasti,9904,1307,,
9905,yquasobdevgatlar,9905,1307,7.61683488576467,3.056917588505808
9906,ansicqalob,9906,1307,11.967388724222644,5.058391933994523
9907,ciacfi,9907,1307,55.21277512612069,38.59604198147757
9908,ejuttavazno,9908,1307,,
9909,iwdekworixujdorak,9909,1307,9.756832162440402,2.194797542255945
9910,selcholemusowitirqua,9910,1307,9.889318567443809,3.876140533987028
9911,dorejif,9911,1307,8.080133880373817,1.8855973261548384
9912,paaduchonvenorasti,9912,1307,,
9913,ogelnaworubo,9913,1307,10.893088743418296,2.435013613704949
9914,nyleesdoewrenu,9914,1307,,
9915,ejuttavazno,9915,1307,,
9916,neecygiw,9916,1307,10.905232564988824,3.222274066350078
9917,agtawu,9917,1307,9.011365609018489,2.988958016618695
9918,nyleesdoewrenu,9918,1307,,
9919,zemakfi,9919,1307,,
9920,juchlibnaltyve,9920,732,12.401793838060126,4.296629395660205
9921,yquasobdevgatlar,9921,732,11.223411084215051,4.7807869720894445
9922,ejuttavazno,9922,732,,
9923,olepneet,9923,732,8.410382227144265,2.392465529671505
9924,paaduchonvenorasti,9924,732,,
9925,yquasobdevgatlar,9925,732,9.561957814570713,3.917431743213296
9926,ansicqalob,9926,732,,
9927,ciacfi,9927,732,,
9928,ejuttavazno,9928,732,,
9929,iwdekworixujdorak,9929,732,13.521336629973822,4.234642501968631
9930,selcholemusowitirqua,9930,732,11.882645638652916,4.104154959068967
9931,dorejif,9931,732,12.452015935463375,2.388464948814993
9932,paaduchonvenorasti,9932,732,,
9933,ogelnaworubo,9933,732,,
9934,nyleesdoewrenu,9934,732,,
9935,ejuttavazno,9935,732,,
9936,neecygiw,9936,732,14.671578770315534,4.400685505753209
9937,agtawu,9937,732,11.746124905242397,4.381219672472144
9938,nyleesdoewrenu,9938,732,23.75829444277283,23.7582944427728
9939,zemakfi,9939,732,13.929457614761928,2.9570420962385526
9940,juchlibnaltyve,9940,1020,10.364801817428772,4.093078617510093
9941,yquasobdevgatlar,9941,1020,9.717757467651548,4.127434966260059
9942,ejuttavazno,9942,1020,,
9943,olepneet,9943,1020,8.39686846294644,2.7180764404310143
9944,paaduchonvenorasti,9944,1020,,
9945,yquasobdevgatlar,9945,1020,7.864649060079119,3.145845622816889
9946,ansicqalob,9946,1020,,
9947,ciacfi,9947,1020,,
9948,ejuttavazno,9948,1020,,
9949,iwdekworixujdorak,9949,1020,14.188930788832172,4.494780181978591
9950,selcholemusowitirqua,9950,1020,11.079322733208558,4.686047055385013
9951,dorejif,9951,1020,8.939969759994558,3.601930710034994
9952,paaduchonvenorasti,9952,1020,,
9953,ogelnaworubo,9953,1020,,
9954,nyleesdoewrenu,9954,1020,,
9955,ejuttavazno,9955,1020,,
9956,neecygiw,9956,1020,9.21601200182206,3.080075661138425
9957,agtawu,9957,1020,11.060995310310403,4.846429708687798
9958,nyleesdoewrenu,9958,1020,,
9959,zemakfi,9959,1020,12.464837758045864,2.5949048358512794
9960,juchlibnaltyve,9960,1277,21.319634011493303,9.16128974725569
9961,yquasobdevgatlar,9961,1277,15.222601549760087,6.131125001423331
9962,ejuttavazno,9962,1277,,
9963,olepneet,9963,1277,15.227736546690968,6.82085417472218
9964,paaduchonvenorasti,9964,1277,,
9965,yquasobdevgatlar,9965,1277,18.37638108422308,7.675515116932039
9966,ansicqalob,9966,1277,,
9967,ciacfi,9967,1277,,
9968,ejuttavazno,9968,1277,,
9969,iwdekworixujdorak,9969,1277,23.75829444277282,6.5251477354924985
9970,selcholemusowitirqua,9970,1277,20.336600119397414,8.94385920042585
9971,dorejif,9971,1277,23.75829444277283,6.04515773340993
9972,paaduchonvenorasti,9972,1277,,
9973,ogelnaworubo,9973,1277,,
9974,nyleesdoewrenu,9974,1277,,
9975,ejuttavazno,9975,1277,,
9976,neecygiw,9976,1277,23.75829444277282,7.740296903625249
9977,agtawu,9977,1277,16.678541876893636,8.220430388391353
9978,nyleesdoewrenu,9978,1277,,
9979,zemakfi,9979,1277,28.71467369529058,8.790034306421827
9980,kaecriigil,9980,470,,
9981,gelerutec,9981,470,,
9982,selcholemusowitirqua,9982,470,,
9983,ryfegfeowoqes,9983,470,61.93290640135787,26.158804735217387
9984,ogelnaworubo,9984,470,,
9985,alidewetgelequfa,9985,470,,
9986,dorejif,9986,470,,
9987,gelerutec,9987,470,,
9988,olepneet,9988,470,,
9989,paaduchonvenorasti,9989,470,,
9990,zemakfi,9990,470,,
9991,paaduchonvenorasti,9991,470,,
9992,dorejif,9992,470,,
9993,idirinac,9993,470,49.52778349570186,23.758294442772826
9994,ogelnaworubo,9994,470,,
9995,zetpitegginingetetax,9995,470,,
9996,lyzaqaposadminili,9996,470,,
9997,lanafap,9997,470,,
9998,ryfegfeowoqes,9998,470,76.1577089408494,27.382467327685383
9999,tayteg,9999,470,,
10000,kaecriigil,10000,329,,
10001,gelerutec,10001,329,,
10002,selcholemusowitirqua,10002,329,21.007787364062864,9.56942006209482
10003,ryfegfeowoqes,10003,329,29.63147189294936,7.770700049573944
10004,ogelnaworubo,10004,329,,
10005,alidewetgelequfa,10005,329,,
10006,dorejif,10006,329,20.577247055752085,6.568373201907775
10007,gelerutec,10007,329,,
10008,olepneet,10008,329,16.141760083719618,7.331152155901354
10009,paaduchonvenorasti,10009,329,,
10010,zemakfi,10010,329,29.017917416516777,8.584416168040692
10011,paaduchonvenorasti,10011,329,,
10012,dorejif,10012,329,23.75829444277282,7.454192082120248
10013,idirinac,10013,329,23.75829444277282,8.112412298861441
10014,ogelnaworubo,10014,329,,
10015,zetpitegginingetetax,10015,329,,
10016,lyzaqaposadminili,10016,329,25.255109436285068,7.609564510502485
10017,lanafap,10017,329,,
10018,ryfegfeowoqes,10018,329,27.854114487441144,8.676238450579504
10019,tayteg,10019,329,,
10020,kaecriigil,10020,1384,14.205689378631543,7.161587326222422
10021,gelerutec,10021,1384,,
10022,selcholemusowitirqua,10022,1384,,
10023,ryfegfeowoqes,10023,1384,25.701445618572084,6.589953643126247
10024,ogelnaworubo,10024,1384,,
10025,alidewetgelequfa,10025,1384,,
10026,dorejif,10026,1384,14.22327823025286,5.3897458473151945
10027,gelerutec,10027,1384,,
10028,olepneet,10028,1384,,
10029,paaduchonvenorasti,10029,1384,,
10030,zemakfi,10030,1384,17.78760433047909,4.876690284330744
10031,paaduchonvenorasti,10031,1384,,
10032,dorejif,10032,1384,17.789209335641374,7.05216204687164
10033,idirinac,10033,1384,12.608398142382082,5.691683281149512
10034,ogelnaworubo,10034,1384,,
10035,zetpitegginingetetax,10035,1384,,
10036,lyzaqaposadminili,10036,1384,23.75829444277282,8.170010161583665
10037,lanafap,10037,1384,,
10038,ryfegfeowoqes,10038,1384,22.490837535087994,5.44053989668215
10039,tayteg,10039,1384,,
10040,kaecriigil,10040,692,,
10041,gelerutec,10041,692,,
10042,selcholemusowitirqua,10042,692,23.614576601254228,10.605504889279525
10043,ryfegfeowoqes,10043,692,33.33225497738436,8.08211439644175
10044,ogelnaworubo,10044,692,,
10045,alidewetgelequfa,10045,692,,
10046,dorejif,10046,692,25.763040801645907,10.44082769468224
10047,gelerutec,10047,692,,
10048,olepneet,10048,692,12.801687532074524,7.368995161205404
10049,paaduchonvenorasti,10049,692,,
10050,zemakfi,10050,692,23.75829444277282,9.034907489096025
10051,paaduchonvenorasti,10051,692,,
10052,dorejif,10052,692,29.040770941999124,8.786603574718727
10053,idirinac,10053,692,25.553000555424852,14.067773739683
10054,ogelnaworubo,10054,692,,
10055,zetpitegginingetetax,10055,692,23.75829444277282,23.75829444277282
10056,lyzaqaposadminili,10056,692,30.969469903406505,12.9403291450631
10057,lanafap,10057,692,,
10058,ryfegfeowoqes,10058,692,30.01756598337596,9.43753686846804
10059,tayteg,10059,692,23.75829444277284,23.75829444277282
10060,kaecriigil,10060,1716,,
10061,gelerutec,10061,1716,,
10062,selcholemusowitirqua,10062,1716,5.657502817784539,3.025844762835079
10063,ryfegfeowoqes,10063,1716,5.89633566606837,0.7938184829971536
10064,ogelnaworubo,10064,1716,,
10065,alidewetgelequfa,10065,1716,19.490614273282745,16.176525504120576
10066,dorejif,10066,1716,,
10067,gelerutec,10067,1716,,
10068,olepneet,10068,1716,,
10069,paaduchonvenorasti,10069,1716,,
10070,zemakfi,10070,1716,,
10071,paaduchonvenorasti,10071,1716,,
10072,dorejif,10072,1716,,
10073,idirinac,10073,1716,,
10074,ogelnaworubo,10074,1716,,
10075,zetpitegginingetetax,10075,1716,,
10076,lyzaqaposadminili,10076,1716,,
10077,lanafap,10077,1716,,
10078,ryfegfeowoqes,10078,1716,,
10079,tayteg,10079,1716,,
10080,olepneet,10080,1304,,
10081,fiahlamuawetulko,10081,1304,7.189900608086856,3.7241640246859458
10082,idirinac,10082,1304,5.548666571126429,2.959131580658151
10083,salajrohvodibfira,10083,1304,13.212417158728124,3.5974120997849592
10084,mordelexwisoguxdo,10084,1304,10.100541555184044,3.1405434430417016
10085,qenasedteog,10085,1304,5.603785640690031,2.721099645472166
10086,tayteg,10086,1304,23.7582944427728,23.7582944427728
10087,foquxoxreinlegihisruh,10087,1304,11.777156429733614,5.037031798944571
10088,olepneet,10088,1304,5.118509831557124,1.5146118942369542
10089,chidorabi,10089,1304,7.776094894545821,2.430338731569524
10090,erqutasxearparirga,10090,1304,,
10091,mordelexwisoguxdo,10091,1304,10.968681483013842,3.522171041516407
10092,zemakfi,10092,1304,,
10093,lanafap,10093,1304,,
10094,beigrisotiin,10094,1304,7.634815775042374,2.6385289277800488
10095,ryfegfeowoqes,10095,1304,16.095073019824802,2.693250826690836
10096,ixfatadle,10096,1304,5.987511970791791,2.5510309176361288
10097,alidewetgelequfa,10097,1304,,
10098,foquxoxreinlegihisruh,10098,1304,8.912505699287001,3.6810061815333626
10099,qenasedteog,10099,1304,6.0158889637536985,2.9759252372804594
10100,olepneet,10100,1732,,
10101,fiahlamuawetulko,10101,1732,,
10102,idirinac,10102,1732,,
10103,salajrohvodibfira,10103,1732,,
10104,mordelexwisoguxdo,10104,1732,10.651558897450036,4.139088417050971
10105,qenasedteog,10105,1732,8.494021285781281,3.5179918866348445
10106,tayteg,10106,1732,,
10107,foquxoxreinlegihisruh,10107,1732,,
10108,olepneet,10108,1732,,
10109,chidorabi,10109,1732,,
10110,erqutasxearparirga,10110,1732,,
10111,mordelexwisoguxdo,10111,1732,10.751813630054182,3.816119935234539
10112,zemakfi,10112,1732,,
10113,lanafap,10113,1732,,
10114,beigrisotiin,10114,1732,,
10115,ryfegfeowoqes,10115,1732,,
10116,ryfegfeowoqes,10116,1732,,
10117,alidewetgelequfa,10117,1732,,
10118,foquxoxreinlegihisruh,10118,1732,7.631140373779294,2.3799163854291847
10119,qenasedteog,10119,1732,9.629951497138544,3.657717167478887
10120,olepneet,10120,2290,,
10121,fiahlamuawetulko,10121,2290,,
10122,idirinac,10122,2290,8.033030237796314,3.183563894647871
10123,salajrohvodibfira,10123,2290,12.65841545895951,7.027799189305459
10124,mordelexwisoguxdo,10124,2290,18.442591997450474,6.19328755895391
10125,qenasedteog,10125,2290,13.153669646261546,7.334996283986319
10126,tayteg,10126,2290,,
10127,foquxoxreinlegihisruh,10127,2290,15.789200058856276,3.671043622389749
10128,olepneet,10128,2290,,
10129,chidorabi,10129,2290,11.971526386942145,4.129174096877111
10130,erqutasxearparirga,10130,2290,,
10131,mordelexwisoguxdo,10131,2290,19.211704937506266,6.193488443795509
10132,zemakfi,10132,2290,13.088388788848942,3.043507761032919
10133,lanafap,10133,2290,23.7582944427728,5.1982751197896
10134,beigrisotiin,10134,2290,16.846753191483316,4.333021354260191
10135,ryfegfeowoqes,10135,2290,21.06392494209505,3.57881477725648
10136,ryfegfeowoqes,10136,2290,,
10137,alidewetgelequfa,10137,2290,,
10138,foquxoxreinlegihisruh,10138,2290,15.113267859846998,5.656886914695955
10139,qenasedteog,10139,2290,9.529805160074972,5.395080733886613
10140,olepneet,10140,277,17.55791625367649,8.828286989493833
10141,fiahlamuawetulko,10141,277,27.3485105445271,10.145212995509349
10142,idirinac,10142,277,23.75829444277283,8.371677046145306
10143,salajrohvodibfira,10143,277,45.87182058687912,23.75829444277282
10144,mordelexwisoguxdo,10144,277,38.48790417669801,9.243892828050829
10145,qenasedteog,10145,277,29.696591822805225,11.55745724363739
10146,tayteg,10146,277,,
10147,foquxoxreinlegihisruh,10147,277,42.03107701112059,12.330040283268673
10148,olepneet,10148,277,15.867905801965517,8.415486819454
10149,chidorabi,10149,277,28.761308377189025,7.7052016468703135
10150,erqutasxearparirga,10150,277,31.873454408368435,11.164705024922124
10151,mordelexwisoguxdo,10151,277,39.07454075060721,11.573464124656857
10152,zemakfi,10152,277,33.81914219204155,10.913986852111442
10153,lanafap,10153,277,60.79058374573837,12.119609034534918
10154,beigrisotiin,10154,277,33.86449797962458,15.117956331745315
10155,ryfegfeowoqes,10155,277,30.715528581613093,8.509865494834825
10156,ixfatadle,10156,277,16.10499013230796,9.781644579104558
10157,alidewetgelequfa,10157,277,,
10158,foquxoxreinlegihisruh,10158,277,39.12168175098181,8.690631614012222
10159,qenasedteog,10159,277,25.33909033062888,13.520033567501924
10160,olepneet,10160,888,8.231002507947846,2.7272436719893247
10161,fiahlamuawetulko,10161,888,8.122806076284167,2.593158209106997
10162,idirinac,10162,888,13.115182390667457,2.524950214481153
10163,salajrohvodibfira,10163,888,,
10164,mordelexwisoguxdo,10164,888,11.073728408466572,3.764724505037812
10165,qenasedteog,10165,888,9.035304747107796,3.5335866278061587
10166,tayteg,10166,888,,
10167,foquxoxreinlegihisruh,10167,888,11.79090043324675,3.8376679335253816
10168,olepneet,10168,888,7.694638668940466,2.5359361837903203
10169,chidorabi,10169,888,9.842208453243304,2.224988433794976
10170,erqutasxearparirga,10170,888,12.913137242395097,4.472595324703875
10171,mordelexwisoguxdo,10171,888,12.64436711484127,4.011272868625261
10172,zemakfi,10172,888,12.90820924745699,4.746440522289371
10173,lanafap,10173,888,20.3956348821246,4.981208291266793
10174,beigrisotiin,10174,888,12.803974169157156,3.571503191999143
10175,ryfegfeowoqes,10175,888,11.798571172041934,2.1413677021426336
10176,ixfatadle,10176,888,9.328750285440297,2.791255079169163
10177,alidewetgelequfa,10177,888,23.75829444277284,23.75829444277282
10178,foquxoxreinlegihisruh,10178,888,14.330567725610118,3.4621798481276453
10179,qenasedteog,10179,888,10.849433007247118,3.3316834901440093
10180,olepneet,10180,1626,,
10181,fiahlamuawetulko,10181,1626,,
10182,idirinac,10182,1626,17.420911068950666,3.70165979143019
10183,salajrohvodibfira,10183,1626,,
10184,mordelexwisoguxdo,10184,1626,13.827587313250856,6.261797795397713
10185,qenasedteog,10185,1626,15.24964569498246,7.593533581484792
10186,tayteg,10186,1626,,
10187,foquxoxreinlegihisruh,10187,1626,14.127973403952067,7.231212409815296
10188,olepneet,10188,1626,9.939111754842356,4.353052554196436
10189,chidorabi,10189,1626,11.002382889956808,4.503889703436952
10190,erqutasxearparirga,10190,1626,13.330787559164078,7.345966994992806
10191,mordelexwisoguxdo,10191,1626,14.125488125133575,6.741593615915318
10192,zemakfi,10192,1626,14.199073221393812,5.179836032254764
10193,lanafap,10193,1626,23.75829444277282,7.505827305274813
10194,beigrisotiin,10194,1626,16.703355738412075,4.328043390446062
10195,ryfegfeowoqes,10195,1626,17.46266986877882,4.38892609192348
10196,ryfegfeowoqes,10196,1626,,
10197,alidewetgelequfa,10197,1626,23.75829444277281,9.7714528128849
10198,foquxoxreinlegihisruh,10198,1626,15.348824562712045,6.092166077557354
10199,qenasedteog,10199,1626,13.229796336718508,4.905532148712519
10200,olepneet,10200,305,,
10201,fiahlamuawetulko,10201,305,6.042132731717073,1.978487869908748
10202,idirinac,10202,305,3.12015391431737,1.3620602434965896
10203,salajrohvodibfira,10203,305,,
10204,mordelexwisoguxdo,10204,305,,
10205,qenasedteog,10205,305,8.931540870948881,3.1951864245004105
10206,tayteg,10206,305,,
10207,foquxoxreinlegihisruh,10207,305,11.115563077439894,3.238714035089118
10208,olepneet,10208,305,5.1550233577585445,1.807408655180484
10209,chidorabi,10209,305,7.333847961960644,2.414679169479724
10210,erqutasxearparirga,10210,305,,
10211,mordelexwisoguxdo,10211,305,6.566190146318234,2.416189401010102
10212,zemakfi,10212,305,,
10213,lanafap,10213,305,,
10214,beigrisotiin,10214,305,,
10215,ryfegfeowoqes,10215,305,8.25552797947505,1.6863827857610396
10216,ryfegfeowoqes,10216,305,,
10217,alidewetgelequfa,10217,305,,
10218,foquxoxreinlegihisruh,10218,305,9.332899289493753,2.4876192423426384
10219,qenasedteog,10219,305,7.58517636634909,3.3443508649213336
10220,elolniegeqrire,10220,997,,
10221,jotragdegnaneskieq,10221,997,11.174182053405351,4.8796648912197975
10222,itseidlaelextu,10222,997,,
10223,ixfatadle,10223,997,11.949564772413988,5.129023644561588
10224,yquasobdevgatlar,10224,997,9.578357718675433,3.55411483104124
10225,itseidlaelextu,10225,997,,
10226,itseidlaelextu,10226,997,,
10227,qenasedteog,10227,997,13.208249422822297,5.809037184958291
10228,onheeg,10228,997,,
10229,elolniegeqrire,10229,997,,
10230,qenasedteog,10230,997,9.863986214858574,4.067398239053571
10231,ryfegfeowoqes,10231,997,20.98982366643393,3.004403639602802
10232,qenasedteog,10232,997,14.849253775291931,8.82672358063304
10233,elolniegeqrire,10233,997,,
10234,elolniegeqrire,10234,997,,
10235,beigrisotiin,10235,997,13.427201428658758,3.782264303602355
10236,elolniegeqrire,10236,997,,
10237,elolniegeqrire,10237,997,,
10238,elolniegeqrire,10238,997,,
10239,ziunisoron,10239,997,,
10240,elolniegeqrire,10240,124,,
10241,jotragdegnaneskieq,10241,124,9.036125309395072,4.01506444150769
10242,itseidlaelextu,10242,124,,
10243,ixfatadle,10243,124,10.80629312717496,4.632858503286674
10244,yquasobdevgatlar,10244,124,9.27259206739903,3.2186268958980326
10245,itseidlaelextu,10245,124,,
10246,itseidlaelextu,10246,124,,
10247,qenasedteog,10247,124,8.833141771290865,4.308744746023199
10248,onheeg,10248,124,,
10249,elolniegeqrire,10249,124,,
10250,qenasedteog,10250,124,10.214513867688146,4.78609689599104
10251,ryfegfeowoqes,10251,124,15.813476646411356,2.682873224584456
10252,qenasedteog,10252,124,10.384179146934397,4.924172616706382
10253,elolniegeqrire,10253,124,,
10254,elolniegeqrire,10254,124,,
10255,beigrisotiin,10255,124,12.008539954849176,3.219916284322928
10256,elolniegeqrire,10256,124,,
10257,elolniegeqrire,10257,124,,
10258,elolniegeqrire,10258,124,,
10259,ziunisoron,10259,124,14.97718823225436,3.7244820791186535
10260,elolniegeqrire,10260,1021,,
10261,jotragdegnaneskieq,10261,1021,7.306447589053321,2.9100988446560985
10262,itseidlaelextu,10262,1021,,
10263,ixfatadle,10263,1021,13.290464283897435,5.20073600525006
10264,yquasobdevgatlar,10264,1021,7.766391036306626,2.839079293482773
10265,itseidlaelextu,10265,1021,,
10266,itseidlaelextu,10266,1021,,
10267,qenasedteog,10267,1021,10.475369465559014,4.982534471968785
10268,onheeg,10268,1021,,
10269,elolniegeqrire,10269,1021,,
10270,qenasedteog,10270,1021,8.531189139376476,3.036968700555286
10271,ryfegfeowoqes,10271,1021,14.451397763480546,2.0563052952592744
10272,qenasedteog,10272,1021,9.836471305889434,4.166873223755667
10273,elolniegeqrire,10273,1021,,
10274,elolniegeqrire,10274,1021,,
10275,beigrisotiin,10275,1021,10.58523182088378,2.5295259486561847
10276,elolniegeqrire,10276,1021,,
10277,elolniegeqrire,10277,1021,,
10278,elolniegeqrire,10278,1021,,
10279,ziunisoron,10279,1021,11.38462665618292,2.930204844454984
10280,elolniegeqrire,10280,162,,
10281,jotragdegnaneskieq,10281,162,11.37601591758152,3.4053865033903987
10282,itseidlaelextu,10282,162,,
10283,ixfatadle,10283,162,,
10284,yquasobdevgatlar,10284,162,9.136685314945469,3.180540725891192
10285,itseidlaelextu,10285,162,,
10286,itseidlaelextu,10286,162,,
10287,qenasedteog,10287,162,9.245310106169384,4.425985183544399
10288,onheeg,10288,162,23.75829444277282,23.75829444277281
10289,elolniegeqrire,10289,162,,
10290,qenasedteog,10290,162,11.770146385137195,4.725558040961888
10291,ryfegfeowoqes,10291,162,14.847721163416692,2.4146391059773493
10292,qenasedteog,10292,162,12.0781560980743,5.801196871688231
10293,elolniegeqrire,10293,162,,
10294,elolniegeqrire,10294,162,,
10295,beigrisotiin,10295,162,18.894715283243155,3.656208160708816
10296,elolniegeqrire,10296,162,,
10297,elolniegeqrire,10297,162,,
10298,elolniegeqrire,10298,162,,
10299,ziunisoron,10299,162,,
10300,elolniegeqrire,10300,2236,,
10301,jotragdegnaneskieq,10301,2236,26.76284501699367,12.261435793922322
10302,itseidlaelextu,10302,2236,,
10303,ixfatadle,10303,2236,25.12463232021383,12.103008126502967
10304,yquasobdevgatlar,10304,2236,18.43005245230133,9.56429141487137
10305,itseidlaelextu,10305,2236,,
10306,itseidlaelextu,10306,2236,,
10307,qenasedteog,10307,2236,26.290532658814183,17.01255230403011
10308,onheeg,10308,2236,,
10309,elolniegeqrire,10309,2236,,
10310,qenasedteog,10310,2236,23.75829444277284,13.968105311956176
10311,ryfegfeowoqes,10311,2236,37.89163711049452,11.808994478487744
10312,qenasedteog,10312,2236,23.75829444277282,13.120354012052625
10313,elolniegeqrire,10313,2236,,
10314,elolniegeqrire,10314,2236,,
10315,beigrisotiin,10315,2236,36.78003753448754,12.146980567533168
10316,elolniegeqrire,10316,2236,,
10317,elolniegeqrire,10317,2236,,
10318,elolniegeqrire,10318,2236,,
10319,ziunisoron,10319,2236,32.134510769737844,12.076517016349056
10320,elolniegeqrire,10320,598,,
10321,jotragdegnaneskieq,10321,598,12.444145709470956,4.937541853390669
10322,itseidlaelextu,10322,598,,
10323,ixfatadle,10323,598,12.929324185458883,3.977702654475411
10324,yquasobdevgatlar,10324,598,12.172752520287874,3.784837839064378
10325,itseidlaelextu,10325,598,,
10326,itseidlaelextu,10326,598,,
10327,qenasedteog,10327,598,12.421354214701744,5.1778712816446415
10328,onheeg,10328,598,23.75829444277282,23.75829444277282
10329,elolniegeqrire,10329,598,,
10330,qenasedteog,10330,598,11.19633239899862,4.713145140824195
10331,ryfegfeowoqes,10331,598,16.19564802873535,3.175273932004507
10332,qenasedteog,10332,598,10.772410453632284,5.197229993390564
10333,elolniegeqrire,10333,598,,
10334,elolniegeqrire,10334,598,,
10335,beigrisotiin,10335,598,17.386286526351398,3.4211470993412654
10336,elolniegeqrire,10336,598,,
10337,elolniegeqrire,10337,598,,
10338,elolniegeqrire,10338,598,,
10339,ziunisoron,10339,598,,
10340,elroaswypazamtirys,10340,1292,24.326458837685117,9.334768263677793
10341,elolniegeqrire,10341,1292,,
10342,itseidlaelextu,10342,1292,,
10343,itseidlaelextu,10343,1292,,
10344,itseidlaelextu,10344,1292,,
10345,qenasedteog,10345,1292,23.75829444277282,13.253313470116986
10346,itseidlaelextu,10346,1292,,
10347,foquxoxreinlegihisruh,10347,1292,27.84192097160249,11.840141747212591
10348,itseidlaelextu,10348,1292,,
10349,itseidlaelextu,10349,1292,,
10350,itseidlaelextu,10350,1292,,
10351,itseidlaelextu,10351,1292,,
10352,itseidlaelextu,10352,1292,,
10353,itseidlaelextu,10353,1292,,
10354,itseidlaelextu,10354,1292,,
10355,itseidlaelextu,10355,1292,,
10356,itseidlaelextu,10356,1292,,
10357,itseidlaelextu,10357,1292,,
10358,itseidlaelextu,10358,1292,,
10359,itseidlaelextu,10359,1292,,
10360,elroaswypazamtirys,10360,1035,50.08159174100705,18.796206433461013
10361,elolniegeqrire,10361,1035,,
10362,itseidlaelextu,10362,1035,,
10363,itseidlaelextu,10363,1035,,
10364,itseidlaelextu,10364,1035,,
10365,qenasedteog,10365,1035,36.4052533315872,22.489819151225596
10366,itseidlaelextu,10366,1035,,
10367,foquxoxreinlegihisruh,10367,1035,45.02356490128789,19.2479004255038
10368,itseidlaelextu,10368,1035,,
10369,itseidlaelextu,10369,1035,,
10370,itseidlaelextu,10370,1035,,
10371,itseidlaelextu,10371,1035,,
10372,itseidlaelextu,10372,1035,,
10373,itseidlaelextu,10373,1035,,
10374,itseidlaelextu,10374,1035,,
10375,itseidlaelextu,10375,1035,,
10376,itseidlaelextu,10376,1035,,
10377,itseidlaelextu,10377,1035,,
10378,itseidlaelextu,10378,1035,,
10379,itseidlaelextu,10379,1035,,
10380,elroaswypazamtirys,10380,948,29.23472098089903,11.579403571319911
10381,elolniegeqrire,10381,948,,
10382,itseidlaelextu,10382,948,,
10383,itseidlaelextu,10383,948,,
10384,itseidlaelextu,10384,948,,
10385,qenasedteog,10385,948,29.631471892895004,16.415012944877816
10386,itseidlaelextu,10386,948,,
10387,foquxoxreinlegihisruh,10387,948,24.175249915190893,9.152645074918109
10388,itseidlaelextu,10388,948,,
10389,itseidlaelextu,10389,948,,
10390,itseidlaelextu,10390,948,,
10391,itseidlaelextu,10391,948,,
10392,itseidlaelextu,10392,948,,
10393,itseidlaelextu,10393,948,,
10394,itseidlaelextu,10394,948,,
10395,itseidlaelextu,10395,948,,
10396,itseidlaelextu,10396,948,,
10397,itseidlaelextu,10397,948,,
10398,itseidlaelextu,10398,948,,
10399,itseidlaelextu,10399,948,,
10400,elroaswypazamtirys,10400,1539,13.886960978532604,4.205418047087049
10401,elolniegeqrire,10401,1539,,
10402,itseidlaelextu,10402,1539,,
10403,itseidlaelextu,10403,1539,,
10404,itseidlaelextu,10404,1539,,
10405,qenasedteog,10405,1539,8.875160448933753,3.6881965888846087
10406,itseidlaelextu,10406,1539,,
10407,foquxoxreinlegihisruh,10407,1539,20.91513613914052,5.5372656405723015
10408,itseidlaelextu,10408,1539,,
10409,itseidlaelextu,10409,1539,,
10410,itseidlaelextu,10410,1539,,
10411,itseidlaelextu,10411,1539,,
10412,itseidlaelextu,10412,1539,,
10413,itseidlaelextu,10413,1539,,
10414,itseidlaelextu,10414,1539,,
10415,itseidlaelextu,10415,1539,,
10416,itseidlaelextu,10416,1539,,
10417,itseidlaelextu,10417,1539,,
10418,itseidlaelextu,10418,1539,,
10419,itseidlaelextu,10419,1539,,
10420,elroaswypazamtirys,10420,1818,33.933468178252,19.461608401429
10421,elolniegeqrire,10421,1818,,
10422,itseidlaelextu,10422,1818,,
10423,itseidlaelextu,10423,1818,,
10424,itseidlaelextu,10424,1818,,
10425,qenasedteog,10425,1818,30.03194795299657,16.356686484649885
10426,itseidlaelextu,10426,1818,,
10427,foquxoxreinlegihisruh,10427,1818,39.36987380479001,15.143393146478862
10428,itseidlaelextu,10428,1818,,
10429,itseidlaelextu,10429,1818,,
10430,itseidlaelextu,10430,1818,,
10431,itseidlaelextu,10431,1818,,
10432,itseidlaelextu,10432,1818,,
10433,itseidlaelextu,10433,1818,,
10434,itseidlaelextu,10434,1818,,
10435,itseidlaelextu,10435,1818,,
10436,itseidlaelextu,10436,1818,,
10437,itseidlaelextu,10437,1818,,
10438,itseidlaelextu,10438,1818,,
10439,itseidlaelextu,10439,1818,,
10440,itseidlaelextu,10440,1511,,
10441,itseidlaelextu,10441,1511,,
10442,itseidlaelextu,10442,1511,,
10443,itseidlaelextu,10443,1511,,
10444,itseidlaelextu,10444,1511,,
10445,itseidlaelextu,10445,1511,,
10446,itseidlaelextu,10446,1511,,
10447,itseidlaelextu,10447,1511,,
10448,elolniegeqrire,10448,1511,,
10449,achtesko,10449,1511,23.75829444277281,9.218446959864975
10450,ansicqalob,10450,1511,23.75829444277281,8.537180075601238
10451,tihirolafohrit,10451,1511,27.44293521685851,11.70482037135305
10452,elolniegeqrire,10452,1511,,
10453,beigrisotiin,10453,1511,30.554776061693087,9.554525185794343
10454,naugnejniet,10454,1511,25.113712663507798,9.283074052695165
10455,itfeernatewiq,10455,1511,29.272762824440715,10.475189073038216
10456,qenasedteog,10456,1511,23.75829444277283,8.901770851348388
10457,elolniegeqrire,10457,1511,,
10458,catafewechu,10458,1511,28.57707492898039,12.22869091687416
10459,lyzaqaposadminili,10459,1511,27.24456693420589,10.062406864457769
10460,itseidlaelextu,10460,191,,
10461,itseidlaelextu,10461,191,,
10462,itseidlaelextu,10462,191,,
10463,itseidlaelextu,10463,191,,
10464,itseidlaelextu,10464,191,,
10465,itseidlaelextu,10465,191,,
10466,itseidlaelextu,10466,191,,
10467,itseidlaelextu,10467,191,,
10468,elolniegeqrire,10468,191,,
10469,achtesko,10469,191,29.180429542159928,11.53498787791034
10470,ansicqalob,10470,191,19.63817046733315,5.853241378439059
10471,tihirolafohrit,10471,191,27.82193222968408,9.02903026304694
10472,elolniegeqrire,10472,191,,
10473,beigrisotiin,10473,191,20.51924974016897,8.082686669248282
10474,naugnejniet,10474,191,22.349164426342536,10.044125455714427
10475,itfeernatewiq,10475,191,22.127763305776345,7.786722527596908
10476,qenasedteog,10476,191,22.82128342217821,10.417751176512152
10477,elolniegeqrire,10477,191,,
10478,catafewechu,10478,191,25.68846071393864,8.651471454519207
10479,lyzaqaposadminili,10479,191,29.961098452493715,9.403963917306523
10480,ryfegfeowoqes,10480,304,11.35737413639862,3.2400575838152594
10481,neecygiw,10481,304,9.373262316708272,2.7760650366033963
10482,foquxoxreinlegihisruh,10482,304,7.8508581053349795,2.600616323530069
10483,omtotlaokharre,10483,304,6.6711733817817125,1.750880867984786
10484,gelerutec,10484,304,,
10485,gelerutec,10485,304,,
10486,gelerutec,10486,304,,
10487,gelerutec,10487,304,,
10488,digetrajoran,10488,304,,
10489,gelerutec,10489,304,,
10490,gelerutec,10490,304,,
10491,gelerutec,10491,304,,
10492,gelerutec,10492,304,,
10493,gelerutec,10493,304,,
10494,fiahlamuawetulko,10494,304,7.487937296287422,3.4177377647364278
10495,gelerutec,10495,304,,
10496,gelerutec,10496,304,,
10497,gelerutec,10497,304,,
10498,gelerutec,10498,304,,
10499,naugnejniet,10499,304,7.562346443584377,2.706681795037486
10500,ryfegfeowoqes,10500,1174,9.1679875660397,1.3200850596354818
10501,neecygiw,10501,1174,9.387208220732008,2.690387333621978
10502,foquxoxreinlegihisruh,10502,1174,10.023690094302433,2.43757859355674
10503,omtotlaokharre,10503,1174,9.07836265844206,2.04194381401819
10504,gelerutec,10504,1174,,
10505,gelerutec,10505,1174,,
10506,gelerutec,10506,1174,,
10507,gelerutec,10507,1174,,
10508,digetrajoran,10508,1174,,
10509,gelerutec,10509,1174,,
10510,gelerutec,10510,1174,,
10511,gelerutec,10511,1174,,
10512,gelerutec,10512,1174,,
10513,gelerutec,10513,1174,,
10514,fiahlamuawetulko,10514,1174,7.105347731546397,3.933234501362213
10515,gelerutec,10515,1174,,
10516,gelerutec,10516,1174,,
10517,gelerutec,10517,1174,,
10518,gelerutec,10518,1174,,
10519,naugnejniet,10519,1174,9.26993052550101,2.6686938801212263
10520,ryfegfeowoqes,10520,471,,
10521,neecygiw,10521,471,15.923094025987886,7.29434069101957
10522,foquxoxreinlegihisruh,10522,471,,
10523,omtotlaokharre,10523,471,,
10524,gelerutec,10524,471,,
10525,gelerutec,10525,471,,
10526,gelerutec,10526,471,,
10527,gelerutec,10527,471,,
10528,digetrajoran,10528,471,,
10529,gelerutec,10529,471,,
10530,gelerutec,10530,471,,
10531,gelerutec,10531,471,,
10532,gelerutec,10532,471,,
10533,gelerutec,10533,471,,
10534,fiahlamuawetulko,10534,471,,
10535,gelerutec,10535,471,,
10536,gelerutec,10536,471,,
10537,gelerutec,10537,471,,
10538,gelerutec,10538,471,,
10539,naugnejniet,10539,471,,
10540,ryfegfeowoqes,10540,2209,14.56175896979639,2.8730517926183805
10541,neecygiw,10541,2209,15.882629086791566,5.235003552811047
10542,foquxoxreinlegihisruh,10542,2209,,
10543,omtotlaokharre,10543,2209,,
10544,gelerutec,10544,2209,,
10545,gelerutec,10545,2209,,
10546,gelerutec,10546,2209,,
10547,gelerutec,10547,2209,,
10548,digetrajoran,10548,2209,,
10549,gelerutec,10549,2209,,
10550,gelerutec,10550,2209,,
10551,gelerutec,10551,2209,,
10552,gelerutec,10552,2209,,
10553,gelerutec,10553,2209,,
10554,fiahlamuawetulko,10554,2209,,
10555,gelerutec,10555,2209,,
10556,gelerutec,10556,2209,,
10557,gelerutec,10557,2209,,
10558,gelerutec,10558,2209,,
10559,naugnejniet,10559,2209,15.930229225071647,3.897601197429872
10560,ryfegfeowoqes,10560,1185,12.43590928969956,2.177677081954854
10561,neecygiw,10561,1185,10.74869000402942,2.796877583069716
10562,foquxoxreinlegihisruh,10562,1185,21.006461050620484,7.973087506801641
10563,omtotlaokharre,10563,1185,23.75829444277282,5.03446446486331
10564,gelerutec,10564,1185,,
10565,gelerutec,10565,1185,,
10566,gelerutec,10566,1185,,
10567,gelerutec,10567,1185,,
10568,digetrajoran,10568,1185,,
10569,gelerutec,10569,1185,,
10570,gelerutec,10570,1185,,
10571,gelerutec,10571,1185,,
10572,gelerutec,10572,1185,,
10573,gelerutec,10573,1185,,
10574,fiahlamuawetulko,10574,1185,7.87896390588807,4.295400879115135
10575,gelerutec,10575,1185,,
10576,gelerutec,10576,1185,,
10577,gelerutec,10577,1185,,
10578,gelerutec,10578,1185,,
10579,naugnejniet,10579,1185,18.658890415798144,8.24811342936994
10580,ryfegfeowoqes,10580,1389,11.846696549955729,1.4859346296763791
10581,neecygiw,10581,1389,11.184314306624293,2.544807616834655
10582,foquxoxreinlegihisruh,10582,1389,10.85010666289878,3.2932915066223702
10583,omtotlaokharre,10583,1389,13.727895447742878,1.4646010032855747
10584,gelerutec,10584,1389,,
10585,gelerutec,10585,1389,,
10586,gelerutec,10586,1389,,
10587,gelerutec,10587,1389,,
10588,digetrajoran,10588,1389,3.574299231651443,2.366985148729984
10589,gelerutec,10589,1389,,
10590,gelerutec,10590,1389,,
10591,gelerutec,10591,1389,,
10592,gelerutec,10592,1389,,
10593,gelerutec,10593,1389,,
10594,fiahlamuawetulko,10594,1389,,
10595,gelerutec,10595,1389,,
10596,gelerutec,10596,1389,,
10597,gelerutec,10597,1389,,
10598,gelerutec,10598,1389,,
10599,naugnejniet,10599,1389,,
10600,gelerutec,10600,383,,
10601,gelerutec,10601,383,,
10602,gelerutec,10602,383,,
10603,gelerutec,10603,383,,
10604,gelerutec,10604,383,,
10605,gelerutec,10605,383,,
10606,chidorabi,10606,383,7.301170886819992,2.939514811563782
10607,catafewechu,10607,383,,
10608,tehsidetegenichurgew,10608,383,12.06108951136484,2.293520534188945
10609,fiahlamuawetulko,10609,383,7.015466992450687,3.4502876199981016
10610,ryfegfeowoqes,10610,383,10.288016561696727,1.670784988875282
10611,tehsidetegenichurgew,10611,383,,
10612,zemakfi,10612,383,7.058026422087803,1.757451114555871
10613,atigichentuoquly,10613,383,8.19703359742815,2.6135615636687453
10614,paaduchonvenorasti,10614,383,,
10615,ejuttavazno,10615,383,,
10616,gelerutec,10616,383,,
10617,fiahlamuawetulko,10617,383,6.788922373557632,2.3697747609540105
10618,ejuttavazno,10618,383,,
10619,paaduchonvenorasti,10619,383,,
10620,gelerutec,10620,61,,
10621,gelerutec,10621,61,,
10622,gelerutec,10622,61,,
10623,gelerutec,10623,61,,
10624,gelerutec,10624,61,,
10625,gelerutec,10625,61,,
10626,chidorabi,10626,61,7.291965221937018,3.017325865432708
10627,catafewechu,10627,61,,
10628,tehsidetegenichurgew,10628,61,9.16697374537596,1.916309091481108
10629,fiahlamuawetulko,10629,61,,
10630,ryfegfeowoqes,10630,61,7.761402423994422,1.187562600001347
10631,tehsidetegenichurgew,10631,61,,
10632,zemakfi,10632,61,6.275686137584413,2.077968033396345
10633,atigichentuoquly,10633,61,6.341605621122463,2.5130328500168506
10634,paaduchonvenorasti,10634,61,,
10635,ejuttavazno,10635,61,,
10636,gelerutec,10636,61,,
10637,fiahlamuawetulko,10637,61,,
10638,ejuttavazno,10638,61,,
10639,paaduchonvenorasti,10639,61,,
10640,gelerutec,10640,1687,,
10641,gelerutec,10641,1687,,
10642,gelerutec,10642,1687,,
10643,gelerutec,10643,1687,,
10644,gelerutec,10644,1687,,
10645,gelerutec,10645,1687,,
10646,chidorabi,10646,1687,13.620683710313733,3.3208251772073782
10647,catafewechu,10647,1687,12.552295684000867,3.019123596282544
10648,tehsidetegenichurgew,10648,1687,15.27317691557836,3.5502502801382465
10649,fiahlamuawetulko,10649,1687,9.229737747247617,3.6743091474374574
10650,ryfegfeowoqes,10650,1687,17.33701565191665,2.2930873260277407
10651,tehsidetegenichurgew,10651,1687,,
10652,zemakfi,10652,1687,15.422289714515864,3.150392740010019
10653,atigichentuoquly,10653,1687,16.588799943955603,3.945984803575568
10654,paaduchonvenorasti,10654,1687,,
10655,ejuttavazno,10655,1687,,
10656,gelerutec,10656,1687,,
10657,fiahlamuawetulko,10657,1687,13.542201102655056,5.852472902720098
10658,ejuttavazno,10658,1687,,
10659,paaduchonvenorasti,10659,1687,,
10660,gelerutec,10660,1452,,
10661,gelerutec,10661,1452,,
10662,gelerutec,10662,1452,,
10663,gelerutec,10663,1452,,
10664,gelerutec,10664,1452,,
10665,gelerutec,10665,1452,,
10666,chidorabi,10666,1452,,
10667,catafewechu,10667,1452,,
10668,tehsidetegenichurgew,10668,1452,9.394462536511416,1.4740839165171649
10669,fiahlamuawetulko,10669,1452,6.571580808910989,3.0012834723651727
10670,ryfegfeowoqes,10670,1452,10.866866903158728,0.9618522489477964
10671,tehsidetegenichurgew,10671,1452,,
10672,zemakfi,10672,1452,6.993506183229743,2.574376885496769
10673,atigichentuoquly,10673,1452,,
10674,paaduchonvenorasti,10674,1452,,
10675,ejuttavazno,10675,1452,,
10676,gelerutec,10676,1452,,
10677,fiahlamuawetulko,10677,1452,,
10678,ejuttavazno,10678,1452,,
10679,paaduchonvenorasti,10679,1452,,
10680,ejuttavazno,10680,1807,,
10681,idirinac,10681,1807,7.752684438605401,1.503230376655444
10682,paaduchonvenorasti,10682,1807,,
10683,paaduchonvenorasti,10683,1807,,
10684,netadrales,10684,1807,5.506955116126763,1.6260880715172108
10685,alidewetgelequfa,10685,1807,23.75829444277282,23.75829444277282
10686,tayteg,10686,1807,,
10687,tayteg,10687,1807,,
10688,tayteg,10688,1807,,
10689,tayteg,10689,1807,,
10690,tayteg,10690,1807,,
10691,tayteg,10691,1807,,
10692,tayteg,10692,1807,,
10693,tayteg,10693,1807,,
10694,tayteg,10694,1807,,
10695,tayteg,10695,1807,,
10696,tayteg,10696,1807,,
10697,tayteg,10697,1807,,
10698,tayteg,10698,1807,,
10699,tayteg,10699,1807,,
10700,ejuttavazno,10700,2346,,
10701,idirinac,10701,2346,23.7582944427728,8.843577446328418
10702,paaduchonvenorasti,10702,2346,,
10703,paaduchonvenorasti,10703,2346,,
10704,netadrales,10704,2346,19.81910375192478,10.125383353234565
10705,alidewetgelequfa,10705,2346,,
10706,tayteg,10706,2346,23.75829444277282,23.75829444277281
10707,tayteg,10707,2346,23.75829444277282,23.75829444277282
10708,tayteg,10708,2346,23.75829444277283,23.7582944427728
10709,tayteg,10709,2346,23.75829444277282,23.7582944427728
10710,tayteg,10710,2346,23.7582944427728,23.7582944427728
10711,tayteg,10711,2346,,
10712,tayteg,10712,2346,,
10713,tayteg,10713,2346,23.75829444277283,23.7582944427728
10714,tayteg,10714,2346,,
10715,tayteg,10715,2346,23.75829444277283,23.75829444277282
10716,tayteg,10716,2346,23.75829444277282,23.7582944427728
10717,tayteg,10717,2346,23.75829444277282,23.75829444277282
10718,tayteg,10718,2346,23.75829444277283,23.75829444277282
10719,tayteg,10719,2346,23.75829444277282,23.7582944427728
10720,ejuttavazno,10720,1378,,
10721,idirinac,10721,1378,23.75829444277282,7.604789654496269
10722,paaduchonvenorasti,10722,1378,,
10723,paaduchonvenorasti,10723,1378,,
10724,netadrales,10724,1378,20.57529783302088,9.629683213497552
10725,alidewetgelequfa,10725,1378,,
10726,tayteg,10726,1378,23.75829444277282,23.75829444277282
10727,tayteg,10727,1378,,
10728,tayteg,10728,1378,23.75829444277282,23.75829444277282
10729,tayteg,10729,1378,,
10730,tayteg,10730,1378,,
10731,tayteg,10731,1378,,
10732,tayteg,10732,1378,,
10733,tayteg,10733,1378,,
10734,tayteg,10734,1378,,
10735,tayteg,10735,1378,,
10736,tayteg,10736,1378,,
10737,tayteg,10737,1378,,
10738,tayteg,10738,1378,,
10739,tayteg,10739,1378,,
10740,ejuttavazno,10740,454,,
10741,idirinac,10741,454,23.75829444277282,9.369494303083188
10742,paaduchonvenorasti,10742,454,,
10743,paaduchonvenorasti,10743,454,,
10744,netadrales,10744,454,8.381332464654363,2.972314967896896
10745,alidewetgelequfa,10745,454,,
10746,tayteg,10746,454,,
10747,tayteg,10747,454,,
10748,tayteg,10748,454,,
10749,tayteg,10749,454,,
10750,tayteg,10750,454,,
10751,tayteg,10751,454,,
10752,tayteg,10752,454,,
10753,tayteg,10753,454,,
10754,tayteg,10754,454,,
10755,tayteg,10755,454,,
10756,tayteg,10756,454,,
10757,tayteg,10757,454,,
10758,tayteg,10758,454,,
10759,tayteg,10759,454,,
10760,ejuttavazno,10760,364,,
10761,idirinac,10761,364,3.916242212934266,1.6975679407188162
10762,paaduchonvenorasti,10762,364,,
10763,paaduchonvenorasti,10763,364,,
10764,netadrales,10764,364,6.286814359900273,2.559418098509089
10765,alidewetgelequfa,10765,364,,
10766,tayteg,10766,364,,
10767,tayteg,10767,364,,
10768,tayteg,10768,364,,
10769,tayteg,10769,364,,
10770,tayteg,10770,364,,
10771,tayteg,10771,364,,
10772,tayteg,10772,364,,
10773,tayteg,10773,364,,
10774,tayteg,10774,364,,
10775,tayteg,10775,364,,
10776,tayteg,10776,364,,
10777,tayteg,10777,364,,
10778,tayteg,10778,364,,
10779,tayteg,10779,364,,
10780,ejuttavazno,10780,196,,
10781,idirinac,10781,196,4.261119363159684,1.4494268028509352
10782,paaduchonvenorasti,10782,196,,
10783,paaduchonvenorasti,10783,196,,
10784,netadrales,10784,196,4.408170322796962,1.7341191198242434
10785,alidewetgelequfa,10785,196,,
10786,tayteg,10786,196,23.75829444277282,23.75829444277282
10787,tayteg,10787,196,23.75829444277281,23.7582944427728
10788,tayteg,10788,196,,
10789,tayteg,10789,196,,
10790,tayteg,10790,196,,
10791,tayteg,10791,196,,
10792,tayteg,10792,196,,
10793,tayteg,10793,196,,
10794,tayteg,10794,196,,
10795,tayteg,10795,196,,
10796,tayteg,10796,196,,
10797,tayteg,10797,196,,
10798,tayteg,10798,196,,
10799,tayteg,10799,196,,
10800,lanafap,10800,1613,23.75829444277282,5.896335666063849
10801,ryfegfeowoqes,10801,1613,16.553825265331156,5.424053374247936
10802,wawaseguadtimuj,10802,1613,,
10803,olepneet,10803,1613,11.756011252021922,5.111692850744042
10804,hareginbu,10804,1613,18.548975910742435,6.750426580475651
10805,tayteg,10805,1613,,
10806,lanafap,10806,1613,,
10807,lyzaqaposadminili,10807,1613,,
10808,tayteg,10808,1613,,
10809,tayteg,10809,1613,,
10810,ryfegfeowoqes,10810,1613,17.305005034071332,3.938494210054933
10811,ryfegfeowoqes,10811,1613,,
10812,lanafap,10812,1613,,
10813,mordelexwisoguxdo,10813,1613,15.790992336415366,6.881980449920511
10814,etatinmoxorohod,10814,1613,17.835465311964622,4.812711171025144
10815,alicloj,10815,1613,,
10816,tayteg,10816,1613,,
10817,olepneet,10817,1613,11.566717285889773,3.4661945319338088
10818,lanafap,10818,1613,,
10819,lyzaqaposadminili,10819,1613,15.272376182882471,4.215549517062724
10820,lanafap,10820,996,,
10821,ryfegfeowoqes,10821,996,48.68037085746211,22.32941004974086
10822,wawaseguadtimuj,10822,996,44.78782102449884,26.28786583719656
10823,olepneet,10823,996,34.14294665762627,19.89533672677734
10824,hareginbu,10824,996,49.37167304436062,20.47927289214753
10825,tayteg,10825,996,,
10826,lanafap,10826,996,,
10827,lyzaqaposadminili,10827,996,43.97263758599322,23.7582944427728
10828,tayteg,10828,996,,
10829,tayteg,10829,996,,
10830,ryfegfeowoqes,10830,996,51.72941098635698,16.122046956029127
10831,ixfatadle,10831,996,34.03636711469668,23.75829444277281
10832,lanafap,10832,996,55.32159517125993,23.75829444277283
10833,mordelexwisoguxdo,10833,996,49.37032164523919,24.53003701491948
10834,etatinmoxorohod,10834,996,48.68821931935704,23.75829444277282
10835,alicloj,10835,996,45.99687826843632,23.758294442772787
10836,tayteg,10836,996,,
10837,olepneet,10837,996,35.84414345639918,20.474964363043867
10838,lanafap,10838,996,63.6453156441652,23.7582944427728
10839,lyzaqaposadminili,10839,996,48.83146273119439,23.7582944427728
10840,lanafap,10840,1557,23.75829444277282,2.262000732495501
10841,ryfegfeowoqes,10841,1557,11.727132766048204,2.3264438695536582
10842,wawaseguadtimuj,10842,1557,,
10843,olepneet,10843,1557,5.7677693701726085,2.1459223150962745
10844,hareginbu,10844,1557,9.488836449734029,2.62844475621357
10845,tayteg,10845,1557,,
10846,lanafap,10846,1557,15.72578136623324,3.142461845949497
10847,lyzaqaposadminili,10847,1557,6.241414423525662,1.5838768141846475
10848,tayteg,10848,1557,,
10849,tayteg,10849,1557,,
10850,ryfegfeowoqes,10850,1557,10.461660193518018,1.708868882362386
10851,ixfatadle,10851,1557,5.213363665574216,2.39963476205838
10852,lanafap,10852,1557,,
10853,mordelexwisoguxdo,10853,1557,12.298624705600266,4.497963830217274
10854,etatinmoxorohod,10854,1557,13.67140748003976,2.8528019597410648
10855,alicloj,10855,1557,12.062780162080143,3.516874542172534
10856,tayteg,10856,1557,,
10857,olepneet,10857,1557,5.908722887269422,1.8645850553768408
10858,lanafap,10858,1557,,
10859,lyzaqaposadminili,10859,1557,11.738019407510452,2.316171538088684
10860,tayteg,10860,46,,
10861,ryfegfeowoqes,10861,46,14.947603415925938,3.005869321599893
10862,itseidlaelextu,10862,46,,
10863,itseidlaelextu,10863,46,,
10864,itseidlaelextu,10864,46,,
10865,itseidlaelextu,10865,46,,
10866,itseidlaelextu,10866,46,,
10867,lanafap,10867,46,23.7582944427728,4.193566211229162
10868,itseidlaelextu,10868,46,,
10869,itseidlaelextu,10869,46,,
10870,itseidlaelextu,10870,46,,
10871,etatinmoxorohod,10871,46,14.907744996522805,5.182292792145978
10872,itseidlaelextu,10872,46,,
10873,itseidlaelextu,10873,46,,
10874,itseidlaelextu,10874,46,,
10875,itseidlaelextu,10875,46,,
10876,hareginbu,10876,46,12.555611887598426,3.85347747444772
10877,itseidlaelextu,10877,46,,
10878,itseidlaelextu,10878,46,,
10879,itseidlaelextu,10879,46,,
10880,tayteg,10880,1318,,
10881,ryfegfeowoqes,10881,1318,12.219454721527992,2.097658187297398
10882,itseidlaelextu,10882,1318,,
10883,itseidlaelextu,10883,1318,,
10884,itseidlaelextu,10884,1318,,
10885,itseidlaelextu,10885,1318,,
10886,itseidlaelextu,10886,1318,,
10887,lanafap,10887,1318,17.244613535030684,5.573784941333213
10888,itseidlaelextu,10888,1318,,
10889,itseidlaelextu,10889,1318,,
10890,itseidlaelextu,10890,1318,,
10891,etatinmoxorohod,10891,1318,10.935482772273984,2.4945800438733103
10892,itseidlaelextu,10892,1318,,
10893,itseidlaelextu,10893,1318,,
10894,itseidlaelextu,10894,1318,,
10895,itseidlaelextu,10895,1318,,
10896,hareginbu,10896,1318,9.876941986449951,1.7450011842627329
10897,itseidlaelextu,10897,1318,,
10898,itseidlaelextu,10898,1318,,
10899,itseidlaelextu,10899,1318,,
10900,tayteg,10900,701,,
10901,ryfegfeowoqes,10901,701,,
10902,itseidlaelextu,10902,701,,
10903,itseidlaelextu,10903,701,,
10904,itseidlaelextu,10904,701,,
10905,itseidlaelextu,10905,701,,
10906,itseidlaelextu,10906,701,,
10907,lanafap,10907,701,,
10908,itseidlaelextu,10908,701,,
10909,itseidlaelextu,10909,701,,
10910,itseidlaelextu,10910,701,,
10911,etatinmoxorohod,10911,701,,
10912,itseidlaelextu,10912,701,,
10913,itseidlaelextu,10913,701,,
10914,itseidlaelextu,10914,701,,
10915,itseidlaelextu,10915,701,,
10916,hareginbu,10916,701,11.162705690387387,3.405623621019916
10917,itseidlaelextu,10917,701,,
10918,itseidlaelextu,10918,701,,
10919,itseidlaelextu,10919,701,,
10920,tayteg,10920,323,,
10921,ryfegfeowoqes,10921,323,22.056826604480484,2.909997939709938
10922,itseidlaelextu,10922,323,,
10923,itseidlaelextu,10923,323,,
10924,itseidlaelextu,10924,323,,
10925,itseidlaelextu,10925,323,,
10926,itseidlaelextu,10926,323,,
10927,lanafap,10927,323,23.75829444277282,3.3386389036913897
10928,itseidlaelextu,10928,323,,
10929,itseidlaelextu,10929,323,,
10930,itseidlaelextu,10930,323,,
10931,etatinmoxorohod,10931,323,32.2684094905115,3.8183795422083753
10932,itseidlaelextu,10932,323,,
10933,itseidlaelextu,10933,323,,
10934,itseidlaelextu,10934,323,,
10935,itseidlaelextu,10935,323,,
10936,hareginbu,10936,323,15.756157451755753,3.5384653391233165
10937,itseidlaelextu,10937,323,,
10938,itseidlaelextu,10938,323,,
10939,itseidlaelextu,10939,323,,
10940,itseidlaelextu,10940,1042,,
10941,itseidlaelextu,10941,1042,,
10942,itseidlaelextu,10942,1042,,
10943,furuqzibumehew,10943,1042,8.20503497993306,3.5078359152457828
10944,itseidlaelextu,10944,1042,,
10945,itseidlaelextu,10945,1042,,
10946,itseidlaelextu,10946,1042,,
10947,lanafap,10947,1042,13.1534761353152,2.877450093764481
10948,onheeg,10948,1042,,
10949,etatinmoxorohod,10949,1042,10.522112499173677,1.6635927816136662
10950,olepneet,10950,1042,6.913216987282548,2.450969658438789
10951,enenawtimirlo,10951,1042,10.797098685823494,3.496474914825032
10952,zemakfi,10952,1042,10.330887043281708,2.5780082746917947
10953,dotrutole,10953,1042,7.40819393265583,2.9965582899042493
10954,mordelexwisoguxdo,10954,1042,8.334627272183468,2.7747689902598425
10955,chavyefelitir,10955,1042,7.5609425760686895,2.362794555013416
10956,teamfinosakilechlun,10956,1042,,
10957,dirohwedlesdarla,10957,1042,8.345453811413645,2.965299105327889
10958,teamfinosakilechlun,10958,1042,,
10959,lyzaqaposadminili,10959,1042,12.332702818622588,1.2411015921786717
10960,itseidlaelextu,10960,952,,
10961,itseidlaelextu,10961,952,,
10962,itseidlaelextu,10962,952,,
10963,furuqzibumehew,10963,952,14.28660557562018,6.723948876080697
10964,itseidlaelextu,10964,952,,
10965,itseidlaelextu,10965,952,,
10966,itseidlaelextu,10966,952,,
10967,lanafap,10967,952,,
10968,onheeg,10968,952,,
10969,etatinmoxorohod,10969,952,17.282787616782564,7.419112665628048
10970,olepneet,10970,952,14.140935782312717,6.435520170861332
10971,enenawtimirlo,10971,952,18.90119209559645,8.118663359314914
10972,zemakfi,10972,952,15.91261213621898,8.143978710691849
10973,dotrutole,10973,952,16.466709199222567,5.836714404684159
10974,mordelexwisoguxdo,10974,952,17.07686038817915,6.057247885596282
10975,chavyefelitir,10975,952,17.11054259128022,6.64590436299338
10976,teamfinosakilechlun,10976,952,,
10977,dirohwedlesdarla,10977,952,18.687756626070318,6.665393779574012
10978,teamfinosakilechlun,10978,952,,
10979,lyzaqaposadminili,10979,952,19.25650591586001,4.737056736123901
10980,itseidlaelextu,10980,2030,,
10981,itseidlaelextu,10981,2030,,
10982,itseidlaelextu,10982,2030,,
10983,furuqzibumehew,10983,2030,37.376300851407976,23.7582944427728
10984,itseidlaelextu,10984,2030,,
10985,itseidlaelextu,10985,2030,,
10986,itseidlaelextu,10986,2030,,
10987,lanafap,10987,2030,,
10988,onheeg,10988,2030,23.75829444277283,23.75829444277281
10989,etatinmoxorohod,10989,2030,68.77658988209927,23.75829444277283
10990,olepneet,10990,2030,36.83499457070169,18.820818734539344
10991,enenawtimirlo,10991,2030,66.61475883265146,26.832439020008646
10992,zemakfi,10992,2030,56.54480350800952,19.787568798140484
10993,dotrutole,10993,2030,42.370705142912975,21.03773913011913
10994,mordelexwisoguxdo,10994,2030,51.26606647118112,23.46802055190733
10995,chavyefelitir,10995,2030,42.91763212311215,25.240270919297583
10996,teamfinosakilechlun,10996,2030,23.758294442772826,23.7582944427728
10997,dirohwedlesdarla,10997,2030,41.59358782652876,25.268768467970904
10998,teamfinosakilechlun,10998,2030,23.75829444277283,23.75829444277282
10999,lyzaqaposadminili,10999,2030,,
11000,itseidlaelextu,11000,870,,
11001,itseidlaelextu,11001,870,,
11002,itseidlaelextu,11002,870,,
11003,furuqzibumehew,11003,870,16.216539241856378,9.19000798664976
11004,itseidlaelextu,11004,870,,
11005,itseidlaelextu,11005,870,,
11006,itseidlaelextu,11006,870,,
11007,lanafap,11007,870,,
11008,onheeg,11008,870,23.75829444277282,23.7582944427728
11009,etatinmoxorohod,11009,870,23.7582944427728,6.7397826293860055
11010,olepneet,11010,870,13.620101624752891,7.2822640681285105
11011,enenawtimirlo,11011,870,31.04177799982636,7.843759560419569
11012,zemakfi,11012,870,23.75829444277282,7.082158389286915
11013,dotrutole,11013,870,23.7582944427728,7.31014034549274
11014,mordelexwisoguxdo,11014,870,25.21744969316479,8.598898731966298
11015,chavyefelitir,11015,870,23.7582944427728,8.21521917123715
11016,teamfinosakilechlun,11016,870,,
11017,dirohwedlesdarla,11017,870,23.7582944427728,8.470784390528904
11018,teamfinosakilechlun,11018,870,,
11019,lyzaqaposadminili,11019,870,,
11020,itseidlaelextu,11020,330,,
11021,itseidlaelextu,11021,330,,
11022,itseidlaelextu,11022,330,,
11023,furuqzibumehew,11023,330,,
11024,itseidlaelextu,11024,330,,
11025,itseidlaelextu,11025,330,,
11026,itseidlaelextu,11026,330,,
11027,lanafap,11027,330,,
11028,onheeg,11028,330,,
11029,etatinmoxorohod,11029,330,30.065479127880224,7.701199635049315
11030,olepneet,11030,330,16.261442112626945,8.917244566004765
11031,enenawtimirlo,11031,330,33.847695903556875,9.62253141357018
11032,zemakfi,11032,330,25.95372082646917,5.14151022585469
11033,dotrutole,11033,330,23.09254887201089,8.34386067935846
11034,mordelexwisoguxdo,11034,330,25.11483680924113,9.4884650945736
11035,chavyefelitir,11035,330,18.786615213864778,8.534458354680089
11036,teamfinosakilechlun,11036,330,,
11037,dirohwedlesdarla,11037,330,27.95416294730184,8.969776652621904
11038,teamfinosakilechlun,11038,330,,
11039,lyzaqaposadminili,11039,330,,
11040,itseidlaelextu,11040,156,,
11041,itseidlaelextu,11041,156,,
11042,itseidlaelextu,11042,156,,
11043,furuqzibumehew,11043,156,6.415893123565297,2.236904868093676
11044,itseidlaelextu,11044,156,,
11045,itseidlaelextu,11045,156,,
11046,itseidlaelextu,11046,156,,
11047,lanafap,11047,156,12.974456523150916,2.851618021528598
11048,onheeg,11048,156,23.75829444277282,23.75829444277282
11049,etatinmoxorohod,11049,156,14.01318793587425,1.3005216595480444
11050,olepneet,11050,156,5.64981340059749,1.9484103044057997
11051,enenawtimirlo,11051,156,23.75829444277281,6.719034147232309
11052,zemakfi,11052,156,,
11053,dotrutole,11053,156,9.357489965952258,2.027193759937567
11054,mordelexwisoguxdo,11054,156,9.13749677310134,3.3485626743575767
11055,chavyefelitir,11055,156,10.184681054593202,3.4183391237102017
11056,teamfinosakilechlun,11056,156,,
11057,dirohwedlesdarla,11057,156,12.384450861378994,3.98616385900292
11058,teamfinosakilechlun,11058,156,,
11059,lyzaqaposadminili,11059,156,9.445621276576428,2.4083992584092204
11060,lanafap,11060,1661,23.75829444277283,2.668469352705571
11061,etatinmoxorohod,11061,1661,23.75829444277283,5.331433867729988
11062,ydebar,11062,1661,29.514658802629448,24.144366727467855
11063,teamfinosakilechlun,11063,1661,,
11064,teamfinosakilechlun,11064,1661,,
11065,qenasedteog,11065,1661,23.7582944427728,9.981556689697246
11066,teamfinosakilechlun,11066,1661,,
11067,teamfinosakilechlun,11067,1661,,
11068,etatinmoxorohod,11068,1661,23.7582944427728,7.112865155911351
11069,teamfinosakilechlun,11069,1661,,
11070,naugnejniet,11070,1661,16.195087059709632,4.998735107382911
11071,teamfinosakilechlun,11071,1661,,
11072,teamfinosakilechlun,11072,1661,,
11073,teamfinosakilechlun,11073,1661,,
11074,itseidlaelextu,11074,1661,,
11075,neogfan,11075,1661,46.24892543010724,4.181042936685604
11076,olepneet,11076,1661,11.597109406554576,5.140763238180381
11077,etatinmoxorohod,11077,1661,31.674130112152795,6.198167921844358
11078,quniocsulafryt,11078,1661,,
11079,igseexvopasiem,11079,1661,,
11080,lanafap,11080,663,,
11081,etatinmoxorohod,11081,663,45.45744607186795,20.815379978249
11082,ydebar,11082,663,34.99056833186505,23.75829444277283
11083,teamfinosakilechlun,11083,663,,
11084,teamfinosakilechlun,11084,663,,
11085,qenasedteog,11085,663,39.29111346730493,26.73032220664131
11086,teamfinosakilechlun,11086,663,23.75829444277282,23.7582944427728
11087,teamfinosakilechlun,11087,663,,
11088,etatinmoxorohod,11088,663,54.03238622710172,19.20197218918449
11089,teamfinosakilechlun,11089,663,,
11090,naugnejniet,11090,663,45.58437572583875,15.730718265002938
11091,teamfinosakilechlun,11091,663,,
11092,teamfinosakilechlun,11092,663,,
11093,teamfinosakilechlun,11093,663,,
11094,itseidlaelextu,11094,663,,
11095,neogfan,11095,663,65.54538493536488,18.6482516142998
11096,olepneet,11096,663,32.01314223200903,14.886654853567611
11097,etatinmoxorohod,11097,663,50.27422602273796,18.440441549759576
11098,quniocsulafryt,11098,663,28.03875720209455,16.17736650646834
11099,igseexvopasiem,11099,663,,
11100,lanafap,11100,1757,23.75829444277282,9.627511813000746
11101,etatinmoxorohod,11101,1757,19.31549338197429,3.296151841877801
11102,ydebar,11102,1757,36.17181066700047,23.75829444277283
11103,teamfinosakilechlun,11103,1757,,
11104,teamfinosakilechlun,11104,1757,,
11105,qenasedteog,11105,1757,11.661389538685205,5.071872367545649
11106,teamfinosakilechlun,11106,1757,,
11107,teamfinosakilechlun,11107,1757,,
11108,etatinmoxorohod,11108,1757,17.177708865603453,5.103644293744785
11109,teamfinosakilechlun,11109,1757,,
11110,naugnejniet,11110,1757,14.077122461282054,5.143332764541079
11111,teamfinosakilechlun,11111,1757,,
11112,teamfinosakilechlun,11112,1757,,
11113,teamfinosakilechlun,11113,1757,,
11114,itseidlaelextu,11114,1757,,
11115,neogfan,11115,1757,,
11116,olepneet,11116,1757,10.30880772664064,4.55517909339443
11117,etatinmoxorohod,11117,1757,18.005722506849725,4.062702974219087
11118,quniocsulafryt,11118,1757,7.275950877491346,3.675276216844647
11119,igseexvopasiem,11119,1757,,
11120,lanafap,11120,1266,158.90710361097956,57.07802838747447
11121,etatinmoxorohod,11121,1266,100.37641357490338,48.13917858319158
11122,ydebar,11122,1266,74.58750155158167,23.75829444277282
11123,teamfinosakilechlun,11123,1266,,
11124,teamfinosakilechlun,11124,1266,,
11125,qenasedteog,11125,1266,66.79129809120396,45.60602604078849
11126,teamfinosakilechlun,11126,1266,,
11127,teamfinosakilechlun,11127,1266,,
11128,etatinmoxorohod,11128,1266,98.96894601799389,44.56202317885063
11129,teamfinosakilechlun,11129,1266,,
11130,naugnejniet,11130,1266,102.15892037643744,46.52078675194329
11131,teamfinosakilechlun,11131,1266,,
11132,teamfinosakilechlun,11132,1266,,
11133,teamfinosakilechlun,11133,1266,,
11134,itseidlaelextu,11134,1266,,
11135,neogfan,11135,1266,137.9824931954307,48.522917242932216
11136,olepneet,11136,1266,63.7739830215341,36.61548488616481
11137,etatinmoxorohod,11137,1266,105.50286443267404,36.78702140150911
11138,quniocsulafryt,11138,1266,67.58814978196357,44.69576247650034
11139,igseexvopasiem,11139,1266,,
11140,lanafap,11140,1806,,
11141,etatinmoxorohod,11141,1806,17.302942909017535,4.239181965463462
11142,ydebar,11142,1806,29.09717442287737,23.7582944427728
11143,teamfinosakilechlun,11143,1806,,
11144,teamfinosakilechlun,11144,1806,,
11145,qenasedteog,11145,1806,9.17249763478259,3.737035907526373
11146,teamfinosakilechlun,11146,1806,,
11147,teamfinosakilechlun,11147,1806,,
11148,etatinmoxorohod,11148,1806,15.77990099148878,4.598038422732023
11149,teamfinosakilechlun,11149,1806,,
11150,naugnejniet,11150,1806,5.525496405099361,1.8112910135282567
11151,teamfinosakilechlun,11151,1806,,
11152,teamfinosakilechlun,11152,1806,,
11153,teamfinosakilechlun,11153,1806,,
11154,itseidlaelextu,11154,1806,,
11155,neogfan,11155,1806,20.232183138068613,3.929436010298135
11156,olepneet,11156,1806,9.581545457388913,3.2198354787015173
11157,etatinmoxorohod,11157,1806,15.592292624503123,5.7634913268044565
11158,quniocsulafryt,11158,1806,,
11159,igseexvopasiem,11159,1806,,
11160,zemakfi,11160,1449,,
11161,teamfinosakilechlun,11161,1449,,
11162,ydebar,11162,1449,6.898778963787873,2.5065906918704224
11163,etatinmoxorohod,11163,1449,7.644800127176426,1.345468077492963
11164,neecygiw,11164,1449,7.906986677852535,1.7088688823773848
11165,ladineznif,11165,1449,,
11166,firtihqoit,11166,1449,,
11167,lyzaqaposadminili,11167,1449,,
11168,gaquavoaqxetelsoer,11168,1449,,
11169,dotrutole,11169,1449,5.397556596290859,1.155242856232225
11170,furuqzibumehew,11170,1449,,
11171,firtihqoit,11171,1449,,
11172,neecygiw,11172,1449,6.454109444348944,1.4081166841244903
11173,naugnejniet,11173,1449,,
11174,etatinmoxorohod,11174,1449,7.514187359803364,0.5978182814127749
11175,atseuwytvo,11175,1449,,
11176,epciin,11176,1449,,
11177,lyzaqaposadminili,11177,1449,8.41420492544861,1.581486389766867
11178,etatinmoxorohod,11178,1449,11.400710605658835,1.235685696681701
11179,etatinmoxorohod,11179,1449,10.160650590421692,1.031716445653891
11180,zemakfi,11180,2311,23.75829444277281,5.038781693637592
11181,teamfinosakilechlun,11181,2311,,
11182,ydebar,11182,2311,15.666548813652028,3.887873485772354
11183,etatinmoxorohod,11183,2311,22.179306432982777,4.65751727197883
11184,neecygiw,11184,2311,14.963261708685335,4.78962335702415
11185,ladineznif,11185,2311,23.75829444277282,23.75829444277282
11186,firtihqoit,11186,2311,19.7939453917377,4.398366180647638
11187,lyzaqaposadminili,11187,2311,20.768589651546417,6.678984099646103
11188,gaquavoaqxetelsoer,11188,2311,,
11189,dotrutole,11189,2311,17.859659940295675,3.648171566951553
11190,furuqzibumehew,11190,2311,9.451178220085854,5.942222238798016
11191,firtihqoit,11191,2311,18.663624594048223,3.608516350431838
11192,neecygiw,11192,2311,15.513885058219882,5.934186775723676
11193,naugnejniet,11193,2311,15.224500293292817,4.802654493430209
11194,etatinmoxorohod,11194,2311,18.064948115225818,4.70127136756016
11195,atseuwytvo,11195,2311,11.661389538696906,6.485969232696243
11196,epciin,11196,2311,16.838430282410073,6.4713409249632114
11197,lyzaqaposadminili,11197,2311,20.816273717343023,3.961067623514511
11198,etatinmoxorohod,11198,2311,23.75829444277283,5.327053462941089
11199,etatinmoxorohod,11199,2311,19.441764054663928,5.27698782993348
11200,zemakfi,11200,1317,,
11201,teamfinosakilechlun,11201,1317,,
11202,ydebar,11202,1317,7.590245960649422,2.2004762000069
11203,etatinmoxorohod,11203,1317,38.67480577527327,3.357040255227032
11204,neecygiw,11204,1317,,
11205,ladineznif,11205,1317,,
11206,firtihqoit,11206,1317,,
11207,lyzaqaposadminili,11207,1317,,
11208,gaquavoaqxetelsoer,11208,1317,,
11209,dotrutole,11209,1317,11.268093602494488,1.180387104355524
11210,furuqzibumehew,11210,1317,,
11211,firtihqoit,11211,1317,,
11212,neecygiw,11212,1317,,
11213,naugnejniet,11213,1317,9.027905918979371,2.208255125733409
11214,etatinmoxorohod,11214,1317,19.665276327041703,1.1765933549938494
11215,atseuwytvo,11215,1317,,
11216,epciin,11216,1317,5.427984652426948,0.8370260604596551
11217,lyzaqaposadminili,11217,1317,,
11218,etatinmoxorohod,11218,1317,15.748328212058317,0.8253731565286373
11219,etatinmoxorohod,11219,1317,18.576840287199158,1.2737156618741978
11220,zemakfi,11220,953,15.766482468749649,4.694106777908899
11221,teamfinosakilechlun,11221,953,23.75829444277282,23.75829444277282
11222,ydebar,11222,953,18.96960604498951,5.09278739392454
11223,etatinmoxorohod,11223,953,16.633363515144072,3.962790328374565
11224,neecygiw,11224,953,18.8624878695324,6.4043264465139
11225,ladineznif,11225,953,23.75829444277282,23.75829444277282
11226,firtihqoit,11226,953,17.202828609235787,5.81610967389701
11227,lyzaqaposadminili,11227,953,15.164296871830198,8.051448244839195
11228,gaquavoaqxetelsoer,11228,953,,
11229,dotrutole,11229,953,14.823128299394854,6.007451039570022
11230,furuqzibumehew,11230,953,12.875129079242,7.275950877474888
11231,firtihqoit,11231,953,17.302942908986967,5.951480445782294
11232,neecygiw,11232,953,16.667492895021244,6.135505650818894
11233,naugnejniet,11233,953,14.629525083654109,6.7954118644593375
11234,etatinmoxorohod,11234,953,15.92010629845349,3.79357521392658
11235,atseuwytvo,11235,953,,
11236,epciin,11236,953,18.78825889155854,6.809443229587793
11237,lyzaqaposadminili,11237,953,,
11238,etatinmoxorohod,11238,953,16.47897740942566,5.585612677818481
11239,etatinmoxorohod,11239,953,20.39563488212584,5.646525145350397
11240,zemakfi,11240,23,21.167026707104693,3.0730031414439467
11241,teamfinosakilechlun,11241,23,,
11242,ydebar,11242,23,16.903281544165257,5.537752500368594
11243,etatinmoxorohod,11243,23,31.99965070559273,5.40391789089373
11244,etatinmoxorohod,11244,23,,
11245,ladineznif,11245,23,,
11246,firtihqoit,11246,23,,
11247,lyzaqaposadminili,11247,23,,
11248,gaquavoaqxetelsoer,11248,23,,
11249,dotrutole,11249,23,18.27394442500757,5.517779150761876
11250,furuqzibumehew,11250,23,10.332806228262593,6.642225080930716
11251,firtihqoit,11251,23,,
11252,neecygiw,11252,23,16.147348368499433,4.399784618203191
11253,naugnejniet,11253,23,,
11254,etatinmoxorohod,11254,23,27.46861837260809,6.775284117120348
11255,atseuwytvo,11255,23,,
11256,epciin,11256,23,24.921222146590875,6.495379158980596
11257,lyzaqaposadminili,11257,23,,
11258,etatinmoxorohod,11258,23,28.284012887052143,4.750379255822895
11259,etatinmoxorohod,11259,23,34.10733056801123,4.267143160990357
11260,zemakfi,11260,2265,23.75829444277282,8.098916366065076
11261,teamfinosakilechlun,11261,2265,23.75829444277282,23.75829444277282
11262,ydebar,11262,2265,18.992373452014867,5.318568582858124
11263,etatinmoxorohod,11263,2265,20.331567487448293,5.022794637634757
11264,neecygiw,11264,2265,23.75829444277282,9.182016534870822
11265,ladineznif,11265,2265,,
11266,firtihqoit,11266,2265,23.7582944427728,7.642293971239196
11267,lyzaqaposadminili,11267,2265,23.75829444277283,5.195837229735005
11268,gaquavoaqxetelsoer,11268,2265,,
11269,dotrutole,11269,2265,23.758294442772787,5.707173382859544
11270,furuqzibumehew,11270,2265,14.055598378628076,7.625417335348604
11271,firtihqoit,11271,2265,23.75829444277281,6.208581676838062
11272,neecygiw,11272,2265,16.588047167597267,7.111781402422213
11273,naugnejniet,11273,2265,21.027227234063467,8.54292033119178
11274,etatinmoxorohod,11274,2265,20.31395970844021,6.068386812212361
11275,atseuwytvo,11275,2265,17.705868933476438,11.817545165634662
11276,epciin,11276,2265,22.00474301209208,8.538972974586509
11277,lyzaqaposadminili,11277,2265,23.254318238241343,8.074136358993938
11278,etatinmoxorohod,11278,2265,20.419341238265208,7.888108051581911
11279,etatinmoxorohod,11279,2265,23.75829444277282,6.725411679141341
11280,zemakfi,11280,1337,,
11281,teamfinosakilechlun,11281,1337,,
11282,ydebar,11282,1337,18.586645748531325,5.83626955991418
11283,etatinmoxorohod,11283,1337,18.310345897012255,5.702559184618783
11284,neecygiw,11284,1337,15.812989206200848,4.804925707042915
11285,ladineznif,11285,1337,23.75829444277282,23.75829444277281
11286,firtihqoit,11286,1337,18.786615213817303,6.561273552200396
11287,lyzaqaposadminili,11287,1337,17.3264203282845,3.858479816021124
11288,gaquavoaqxetelsoer,11288,1337,,
11289,dotrutole,11289,1337,17.705868933476438,6.857916461399214
11290,furuqzibumehew,11290,1337,11.306692932905024,7.217154760371019
11291,firtihqoit,11291,1337,18.96960604498951,7.641333341000369
11292,neecygiw,11292,1337,13.948435840332245,5.061614500922488
11293,naugnejniet,11293,1337,15.794397690701008,5.517761809041055
11294,etatinmoxorohod,11294,1337,19.3218265177298,5.852449775090926
11295,atseuwytvo,11295,1337,19.33030276185149,9.679306221407645
11296,epciin,11296,1337,21.363876467802815,8.696405685427923
11297,lyzaqaposadminili,11297,1337,17.866237420965142,5.525005696696116
11298,etatinmoxorohod,11298,1337,16.839198655448875,5.057987403002604
11299,etatinmoxorohod,11299,1337,20.98693515224803,4.343953385893745
11300,siarsarchaquda,11300,1211,6.635369330635574,2.7974024732968203
11301,mordelexwisoguxdo,11301,1211,9.328750285430802,3.029223788485697
11302,etatinmoxorohod,11302,1211,11.437636622144636,2.810545109051743
11303,ejuttavazno,11303,1211,,
11304,jotragdegnaneskieq,11304,1211,,
11305,ditlietan,11305,1211,7.350067599132966,2.6798667362392106
11306,neecygiw,11306,1211,9.58228093879129,3.3476417938409555
11307,siarsarchaquda,11307,1211,,
11308,dokuraadit,11308,1211,,
11309,dokuraadit,11309,1211,,
11310,ogsesvansutol,11310,1211,,
11311,tehsidetegenichurgew,11311,1211,,
11312,neecygiw,11312,1211,6.524607700911767,1.6967980126446789
11313,vudichtinechutiniqe,11313,1211,,
11314,tehsidetegenichurgew,11314,1211,,
11315,dokuraadit,11315,1211,,
11316,tehsidetegenichurgew,11316,1211,,
11317,siarsarchaquda,11317,1211,15.60160240372345,3.111943285712258
11318,lyzaqaposadminili,11318,1211,,
11319,efdeostehelqeef,11319,1211,,
11320,siarsarchaquda,11320,2283,11.002380999951647,4.375273092553201
11321,mordelexwisoguxdo,11321,2283,23.75829444277282,4.283969365140202
11322,etatinmoxorohod,11322,2283,28.557921300601176,3.9405812245577
11323,ejuttavazno,11323,2283,,
11324,jotragdegnaneskieq,11324,2283,14.640514324919836,4.296548418044271
11325,ditlietan,11325,2283,12.05323016514662,3.839718905904311
11326,neecygiw,11326,2283,16.199069835300936,6.021743370094635
11327,siarsarchaquda,11327,2283,26.35150310627724,8.210437125241516
11328,dokuraadit,11328,2283,,
11329,dokuraadit,11329,2283,23.75829444277282,2.635252271768075
11330,ogsesvansutol,11330,2283,15.116536734437869,5.891119936480123
11331,tehsidetegenichurgew,11331,2283,,
11332,neecygiw,11332,2283,12.944111089377364,4.170694452738643
11333,vudichtinechutiniqe,11333,2283,,
11334,tehsidetegenichurgew,11334,2283,,
11335,dokuraadit,11335,2283,23.7582944427728,2.345032511888762
11336,tehsidetegenichurgew,11336,2283,,
11337,siarsarchaquda,11337,2283,11.342410616152598,4.685605079412731
11338,lyzaqaposadminili,11338,2283,,
11339,efdeostehelqeef,11339,2283,5.089095964682405,5.024436809392013
11340,siarsarchaquda,11340,2206,17.835465311972108,7.886172091138729
11341,mordelexwisoguxdo,11341,2206,33.31463585777962,12.849086077834093
11342,etatinmoxorohod,11342,2206,34.58020496127785,11.111080539800469
11343,ejuttavazno,11343,2206,,
11344,jotragdegnaneskieq,11344,2206,27.296888398702738,14.27455939332075
11345,ditlietan,11345,2206,28.915058034257,12.805571645296132
11346,neecygiw,11346,2206,23.75829444277283,9.439395739071976
11347,siarsarchaquda,11347,2206,25.422103227032817,9.698248130376635
11348,dokuraadit,11348,2206,,
11349,dokuraadit,11349,2206,23.7582944427728,6.557713222901096
11350,ogsesvansutol,11350,2206,21.213280584497124,8.436747277689348
11351,tehsidetegenichurgew,11351,2206,,
11352,neecygiw,11352,2206,19.581926566348688,8.835908800337421
11353,vudichtinechutiniqe,11353,2206,26.296007001871565,9.604907714887943
11354,tehsidetegenichurgew,11354,2206,,
11355,dokuraadit,11355,2206,23.75829444277282,5.136237008749984
11356,tehsidetegenichurgew,11356,2206,,
11357,siarsarchaquda,11357,2206,17.988148359063825,8.496743236988365
11358,lyzaqaposadminili,11358,2206,29.010844388851044,9.25137775334937
11359,efdeostehelqeef,11359,2206,15.644507125707772,9.701267836583662
11360,siarsarchaquda,11360,753,5.198275119812131,2.077968033380265
11361,mordelexwisoguxdo,11361,753,10.057752884759608,2.547431323745955
11362,etatinmoxorohod,11362,753,17.927772513187186,3.189529554170948
11363,ejuttavazno,11363,753,,
11364,jotragdegnaneskieq,11364,753,8.642137333724971,2.6690470000425246
11365,ditlietan,11365,753,7.846397840998469,2.3896580189584022
11366,neecygiw,11366,753,10.8382223666768,2.7590891309754983
11367,siarsarchaquda,11367,753,8.990940327520725,2.882955424233433
11368,dokuraadit,11368,753,,
11369,dokuraadit,11369,753,,
11370,ogsesvansutol,11370,753,,
11371,tehsidetegenichurgew,11371,753,,
11372,neecygiw,11372,753,11.972602258446075,2.9181347799788795
11373,vudichtinechutiniqe,11373,753,,
11374,tehsidetegenichurgew,11374,753,,
11375,dokuraadit,11375,753,,
11376,tehsidetegenichurgew,11376,753,,
11377,siarsarchaquda,11377,753,7.573098245187759,3.117152233259441
11378,lyzaqaposadminili,11378,753,13.816137661668687,2.764102590133319
11379,efdeostehelqeef,11379,753,,
11380,neecygiw,11380,2294,12.595942337393156,3.9861638590222217
11381,tehsidetegenichurgew,11381,2294,,
11382,lyzaqaposadminili,11382,2294,15.42677587328862,4.352043375302767
11383,iwdekworixujdorak,11383,2294,12.11449577114366,3.47239435311122
11384,efdeostehelqeef,11384,2294,14.422286839943236,5.125460972667463
11385,ogsesvansutol,11385,2294,9.554016236560974,4.085460566564905
11386,tehsidetegenichurgew,11386,2294,,
11387,lyzaqaposadminili,11387,2294,15.912067794547292,4.096747869199815
11388,siarsarchaquda,11388,2294,14.323010644114904,5.845331383410853
11389,iwdekworixujdorak,11389,2294,10.80104139138814,2.036575786931428
11390,tehsidetegenichurgew,11390,2294,,
11391,daariqual,11391,2294,8.348207964119304,3.4310520512412377
11392,tehsidetegenichurgew,11392,2294,,
11393,newfissensomo,11393,2294,13.657424250477025,7.356182669253957
11394,siarsarchaquda,11394,2294,14.378338910252578,4.471938748741161
11395,saekep,11395,2294,,
11396,iwdekworixujdorak,11396,2294,12.990266679696552,4.584287607618976
11397,ogsesvansutol,11397,2294,10.203328283480928,4.58775315641722
11398,iltetqelnoarur,11398,2294,11.79736406091886,3.048645495278062
11399,siarsarchaquda,11399,2294,13.205220042834402,4.329717787034876
11400,neecygiw,11400,1223,11.356317173910924,2.369774760935068
11401,tehsidetegenichurgew,11401,1223,,
11402,lyzaqaposadminili,11402,1223,11.609911509681345,2.035206652507921
11403,iwdekworixujdorak,11403,1223,9.851453061421248,2.17868379082908
11404,efdeostehelqeef,11404,1223,,
11405,ogsesvansutol,11405,1223,7.575814523404793,2.014786569727481
11406,tehsidetegenichurgew,11406,1223,,
11407,lyzaqaposadminili,11407,1223,15.542805837627936,2.54014638692714
11408,siarsarchaquda,11408,1223,9.202540565391413,2.9623020890969287
11409,iwdekworixujdorak,11409,1223,11.038498135555956,1.613413616244483
11410,tehsidetegenichurgew,11410,1223,,
11411,daariqual,11411,1223,6.827288693248901,3.015409163226872
11412,tehsidetegenichurgew,11412,1223,,
11413,newfissensomo,11413,1223,,
11414,siarsarchaquda,11414,1223,9.00561689283123,3.024081860880233
11415,saekep,11415,1223,6.94864585108702,1.977691105127664
11416,iwdekworixujdorak,11416,1223,11.080170201835976,1.4394137066920727
11417,ogsesvansutol,11417,1223,6.163538432299205,1.8443905520799548
11418,iltetqelnoarur,11418,1223,15.596661968707014,1.7531016025047608
11419,siarsarchaquda,11419,1223,9.191685308768337,3.3208251772014954
11420,neecygiw,11420,172,19.2957589238301,9.216012001822069
11421,tehsidetegenichurgew,11421,172,,
11422,lyzaqaposadminili,11422,172,37.96597397296463,12.062400861405049
11423,iwdekworixujdorak,11423,172,33.91002680025683,12.681388719491965
11424,efdeostehelqeef,11424,172,,
11425,ogsesvansutol,11425,172,28.145254893278583,8.925423736922866
11426,tehsidetegenichurgew,11426,172,,
11427,lyzaqaposadminili,11427,172,28.4107602477677,8.425115309246356
11428,siarsarchaquda,11428,172,23.75829444277282,7.343778162378186
11429,iwdekworixujdorak,11429,172,40.36917579309465,13.197175511993336
11430,tehsidetegenichurgew,11430,172,,
11431,daariqual,11431,172,30.341251254506368,12.604024786875124
11432,tehsidetegenichurgew,11432,172,,
11433,newfissensomo,11433,172,27.368932741072104,12.881989539184127
11434,siarsarchaquda,11434,172,22.406630142059893,8.085701372224483
11435,saekep,11435,172,22.76920649885624,9.168094803651291
11436,iwdekworixujdorak,11436,172,28.27425985407057,6.822683557631483
11437,ogsesvansutol,11437,172,28.16968450788128,9.855137225947528
11438,iltetqelnoarur,11438,172,41.493797494753984,10.04493531515755
11439,siarsarchaquda,11439,172,23.75829444277282,6.212033292668801
11440,neecygiw,11440,2264,20.446915013522474,6.811656782320026
11441,tehsidetegenichurgew,11441,2264,,
11442,lyzaqaposadminili,11442,2264,28.887955042334426,9.498172261222557
11443,iwdekworixujdorak,11443,2264,22.095117613499543,6.506953207595931
11444,efdeostehelqeef,11444,2264,,
11445,ogsesvansutol,11445,2264,18.437200811483656,9.136685314949716
11446,tehsidetegenichurgew,11446,2264,,
11447,lyzaqaposadminili,11447,2264,,
11448,siarsarchaquda,11448,2264,19.781372231130327,9.018747589755677
11449,iwdekworixujdorak,11449,2264,20.952614712029884,9.020904342790564
11450,tehsidetegenichurgew,11450,2264,,
11451,daariqual,11451,2264,20.36520189412294,8.332062434576992
11452,tehsidetegenichurgew,11452,2264,,
11453,newfissensomo,11453,2264,23.75829444277282,11.249790016138656
11454,siarsarchaquda,11454,2264,20.952614712009915,7.659258018712044
11455,saekep,11455,2264,19.35089400370248,6.964506324472158
11456,iwdekworixujdorak,11456,2264,28.92351764045926,9.163129075656729
11457,ogsesvansutol,11457,2264,17.19731176273175,10.807606651541242
11458,iltetqelnoarur,11458,2264,26.921944159811783,6.051706833336581
11459,siarsarchaquda,11459,2264,23.75829444277282,8.562496360702106
11460,neecygiw,11460,2004,,
11461,tehsidetegenichurgew,11461,2004,,
11462,lyzaqaposadminili,11462,2004,,
11463,iwdekworixujdorak,11463,2004,,
11464,efdeostehelqeef,11464,2004,,
11465,ogsesvansutol,11465,2004,,
11466,tehsidetegenichurgew,11466,2004,,
11467,lyzaqaposadminili,11467,2004,,
11468,siarsarchaquda,11468,2004,,
11469,iwdekworixujdorak,11469,2004,,
11470,tehsidetegenichurgew,11470,2004,,
11471,daariqual,11471,2004,,
11472,tehsidetegenichurgew,11472,2004,,
11473,newfissensomo,11473,2004,,
11474,siarsarchaquda,11474,2004,,
11475,saekep,11475,2004,,
11476,iwdekworixujdorak,11476,2004,,
11477,ogsesvansutol,11477,2004,,
11478,iltetqelnoarur,11478,2004,,
11479,siarsarchaquda,11479,2004,,
11480,immanlubtiud,11480,2148,,
11481,paaduchonvenorasti,11481,2148,,
11482,siarsarchaquda,11482,2148,,
11483,newfissensomo,11483,2148,,
11484,fiahlamuawetulko,11484,2148,7.243834542494376,2.4561250220867525
11485,catafewechu,11485,2148,,
11486,ydebar,11486,2148,,
11487,ogsesvansutol,11487,2148,,
11488,zemakfi,11488,2148,,
11489,ladineznif,11489,2148,,
11490,ladineznif,11490,2148,,
11491,erqutasxearparirga,11491,2148,11.580019195664551,2.282538357731792
11492,tayteg,11492,2148,,
11493,tayteg,11493,2148,,
11494,tayteg,11494,2148,,
11495,tayteg,11495,2148,,
11496,tayteg,11496,2148,,
11497,tayteg,11497,2148,,
11498,tayteg,11498,2148,,
11499,tayteg,11499,2148,,
11500,immanlubtiud,11500,2229,11.208291758051809,2.406904640532495
11501,paaduchonvenorasti,11501,2229,,
11502,siarsarchaquda,11502,2229,30.698583649704485,7.98927396888745
11503,newfissensomo,11503,2229,13.28739708545818,4.831735552868364
11504,fiahlamuawetulko,11504,2229,6.839188206556793,2.2580106013790253
11505,catafewechu,11505,2229,18.62502346776342,4.379633273807129
11506,ydebar,11506,2229,13.258860946284608,4.357650613310521
11507,ogsesvansutol,11507,2229,8.407012371560755,3.74852949767301
11508,zemakfi,11508,2229,11.644090815514684,2.7146839790226105
11509,ladineznif,11509,2229,,
11510,ixfatadle,11510,2229,9.681884498285893,2.277363916718343
11511,erqutasxearparirga,11511,2229,18.278692162135982,6.070384703668139
11512,tayteg,11512,2229,,
11513,tayteg,11513,2229,,
11514,tayteg,11514,2229,,
11515,tayteg,11515,2229,,
11516,tayteg,11516,2229,,
11517,tayteg,11517,2229,,
11518,tayteg,11518,2229,,
11519,tayteg,11519,2229,,
11520,immanlubtiud,11520,2234,20.501221273091165,5.5790374987376925
11521,paaduchonvenorasti,11521,2234,,
11522,siarsarchaquda,11522,2234,19.455031843448623,4.7740151916233655
11523,newfissensomo,11523,2234,18.22807783094093,8.29373437699532
11524,fiahlamuawetulko,11524,2234,10.43894709605638,4.164106271997527
11525,catafewechu,11525,2234,17.202828609201436,3.58760374408225
11526,ydebar,11526,2234,23.75829444277282,4.8296814638050085
11527,ogsesvansutol,11527,2234,15.212553160381962,6.135027043595431
11528,zemakfi,11528,2234,17.395026682102465,4.031361618622435
11529,ladineznif,11529,2234,,
11530,ixfatadle,11530,2234,15.56895096912267,4.437166637621562
11531,erqutasxearparirga,11531,2234,17.950844061570088,4.306712597231365
11532,tayteg,11532,2234,,
11533,tayteg,11533,2234,,
11534,tayteg,11534,2234,,
11535,tayteg,11535,2234,,
11536,tayteg,11536,2234,,
11537,tayteg,11537,2234,,
11538,tayteg,11538,2234,,
11539,tayteg,11539,2234,,
11540,tayteg,11540,1158,,
11541,tayteg,11541,1158,,
11542,tayteg,11542,1158,,
11543,tayteg,11543,1158,,
11544,tayteg,11544,1158,,
11545,tayteg,11545,1158,,
11546,tayteg,11546,1158,,
11547,tayteg,11547,1158,,
11548,ixfatadle,11548,1158,17.50729501992,6.383841136194261
11549,tayteg,11549,1158,,
11550,ryfegfeowoqes,11550,1158,23.7582944427728,5.108862929084013
11551,elolniegeqrire,11551,1158,,
11552,iqulipmautruw,11552,1158,15.78481283769638,6.25242356916027
11553,iltetqelnoarur,11553,1158,23.75829444277283,6.494701014660038
11554,siarsarchaquda,11554,1158,16.62445080354725,5.859092044635502
11555,catafewechu,11555,1158,,
11556,erqutasxearparirga,11556,1158,,
11557,ixfatadle,11557,1158,16.100066536563205,5.118509831547325
11558,elolniegeqrire,11558,1158,,
11559,quniocsulafryt,11559,1158,15.748328212135409,6.584303433980074
11560,tayteg,11560,468,23.75829444277282,23.75829444277282
11561,tayteg,11561,468,23.75829444277282,23.75829444277282
11562,tayteg,11562,468,23.75829444277282,23.75829444277282
11563,tayteg,11563,468,23.75829444277282,23.75829444277282
11564,tayteg,11564,468,23.75829444277282,23.75829444277282
11565,tayteg,11565,468,23.75829444277282,23.75829444277282
11566,tayteg,11566,468,23.75829444277282,23.75829444277282
11567,tayteg,11567,468,23.75829444277282,23.75829444277282
11568,ixfatadle,11568,468,23.75829444277282,9.911362140214028
11569,tayteg,11569,468,23.75829444277282,23.75829444277282
11570,ryfegfeowoqes,11570,468,38.13251781964416,10.884857196721606
11571,elolniegeqrire,11571,468,,
11572,iqulipmautruw,11572,468,24.024839425370477,11.169549546138231
11573,iltetqelnoarur,11573,468,23.75829444277282,8.831878454813173
11574,siarsarchaquda,11574,468,28.532368049422075,14.879626186325137
11575,catafewechu,11575,468,,
11576,erqutasxearparirga,11576,468,,
11577,ixfatadle,11577,468,23.75829444277282,11.54546196137968
11578,elolniegeqrire,11578,468,,
11579,quniocsulafryt,11579,468,17.98800324142726,10.281526476377191
11580,tayteg,11580,1411,,
11581,tayteg,11581,1411,,
11582,tayteg,11582,1411,,
11583,tayteg,11583,1411,,
11584,tayteg,11584,1411,,
11585,tayteg,11585,1411,23.758294442772826,23.75829444277282
11586,tayteg,11586,1411,,
11587,tayteg,11587,1411,,
11588,tayteg,11588,1411,,
11589,tayteg,11589,1411,,
11590,ryfegfeowoqes,11590,1411,,
11591,elolniegeqrire,11591,1411,,
11592,iqulipmautruw,11592,1411,,
11593,iltetqelnoarur,11593,1411,,
11594,iltetqelnoarur,11594,1411,,
11595,catafewechu,11595,1411,9.368483696831904,2.3267278419584327
11596,erqutasxearparirga,11596,1411,,
11597,erqutasxearparirga,11597,1411,,
11598,elolniegeqrire,11598,1411,,
11599,quniocsulafryt,11599,1411,,
11600,equirbo,11600,844,8.665486329835973,1.901426181515322
11601,weexrisitenadoh,11601,844,35.71931988051275,8.2854935679618
11602,elolniegeqrire,11602,844,,
11603,ixfatadle,11603,844,17.47181074168039,5.746270653534479
11604,zemakfi,11604,844,36.83897262401795,4.292569234103628
11605,siarsarchaquda,11605,844,13.001264757344044,7.043741981620053
11606,wawaseguadtimuj,11606,844,19.1328568970188,7.378120660469675
11607,jotragdegnaneskieq,11607,844,17.878124369564368,7.674353552942046
11608,elolniegeqrire,11608,844,,
11609,weexrisitenadoh,11609,844,33.08480294280028,7.47595829584072
11610,siarsarchaquda,11610,844,15.59666196868268,7.592228373037366
11611,catafewechu,11611,844,,
11612,ixfatadle,11612,844,15.216914870188669,5.9503948954212245
11613,tayteg,11613,844,,
11614,elolniegeqrire,11614,844,,
11615,ryfegfeowoqes,11615,844,33.12682024872938,3.9905996699562976
11616,quniocsulafryt,11616,844,12.96611080761286,5.529474442195925
11617,tayteg,11617,844,,
11618,ixfatadle,11618,844,15.3735754546572,6.754970719567485
11619,siarsarchaquda,11619,844,17.302942908987472,5.800652715061849
11620,equirbo,11620,2162,,
11621,weexrisitenadoh,11621,2162,16.423779307588838,5.901935521835576
11622,elolniegeqrire,11622,2162,,
11623,elolniegeqrire,11623,2162,,
11624,zemakfi,11624,2162,14.755975468023577,5.408071904295332
11625,siarsarchaquda,11625,2162,11.9681683893514,3.713487376068625
11626,wawaseguadtimuj,11626,2162,,
11627,jotragdegnaneskieq,11627,2162,10.024162781094685,5.116379874954039
11628,elolniegeqrire,11628,2162,,
11629,weexrisitenadoh,11629,2162,15.633113458572272,4.760256871708025
11630,siarsarchaquda,11630,2162,11.356381815769312,4.8380563779821175
11631,catafewechu,11631,2162,,
11632,catafewechu,11632,2162,,
11633,tayteg,11633,2162,,
11634,elolniegeqrire,11634,2162,,
11635,ryfegfeowoqes,11635,2162,16.140894347388716,4.266248487922919
11636,quniocsulafryt,11636,2162,9.34258976879554,4.108038481760733
11637,tayteg,11637,2162,,
11638,ixfatadle,11638,2162,9.82506122593826,3.9782739618445673
11639,siarsarchaquda,11639,2162,10.523437987787554,3.5765371918083457
11640,equirbo,11640,488,23.75829444277281,6.131148947909172
11641,weexrisitenadoh,11641,488,23.75829444277281,7.439813093138802
11642,elolniegeqrire,11642,488,,
11643,ixfatadle,11643,488,23.75829444277282,8.252886581857489
11644,zemakfi,11644,488,29.02770514001824,7.513536910349634
11645,siarsarchaquda,11645,488,22.494316665323318,9.665371641677345
11646,wawaseguadtimuj,11646,488,18.79219097990806,7.114062441362236
11647,jotragdegnaneskieq,11647,488,15.76028208573318,6.852081525676449
11648,elolniegeqrire,11648,488,,
11649,weexrisitenadoh,11649,488,23.75829444277282,6.2734520187163065
11650,siarsarchaquda,11650,488,17.527079416382975,5.289881730882602
11651,catafewechu,11651,488,21.570414939101,6.8827804228784855
11652,catafewechu,11652,488,,
11653,tayteg,11653,488,,
11654,elolniegeqrire,11654,488,,
11655,ryfegfeowoqes,11655,488,24.051991098924884,4.608006000924956
11656,quniocsulafryt,11656,488,12.442346346184022,5.331433867724617
11657,tayteg,11657,488,,
11658,ixfatadle,11658,488,13.365380256042949,6.692487089081887
11659,siarsarchaquda,11659,488,19.452957236987743,6.304570872713899
11660,teamfinosakilechlun,11660,175,,
11661,itiwrirsefid,11661,175,16.867697300845872,7.756942529110778
11662,teamfinosakilechlun,11662,175,,
11663,teamfinosakilechlun,11663,175,,
11664,teamfinosakilechlun,11664,175,,
11665,teamfinosakilechlun,11665,175,,
11666,teamfinosakilechlun,11666,175,,
11667,teamfinosakilechlun,11667,175,,
11668,teamfinosakilechlun,11668,175,,
11669,teamfinosakilechlun,11669,175,,
11670,teamfinosakilechlun,11670,175,,
11671,teamfinosakilechlun,11671,175,,
11672,quaemboizniluganic,11672,175,,
11673,zemakfi,11673,175,11.855959954197084,2.3720270815258737
11674,etgybanrogche,11674,175,8.27500291126818,2.7417328632785103
11675,dotrutole,11675,175,10.600171247649058,3.8114906629076497
11676,tegeagchef,11676,175,11.661175485261277,2.3366871150647817
11677,onheeg,11677,175,23.75829444277282,23.75829444277282
11678,essatetig,11678,175,11.256015172076395,1.5635021001183116
11679,teamfinosakilechlun,11679,175,,
11680,teamfinosakilechlun,11680,1764,,
11681,itiwrirsefid,11681,1764,42.01243112869916,26.372610347430577
11682,teamfinosakilechlun,11682,1764,,
11683,teamfinosakilechlun,11683,1764,,
11684,teamfinosakilechlun,11684,1764,,
11685,teamfinosakilechlun,11685,1764,,
11686,teamfinosakilechlun,11686,1764,,
11687,teamfinosakilechlun,11687,1764,,
11688,teamfinosakilechlun,11688,1764,,
11689,teamfinosakilechlun,11689,1764,,
11690,teamfinosakilechlun,11690,1764,,
11691,ixfatadle,11691,1764,28.973240072961445,18.36822163416945
11692,quaemboizniluganic,11692,1764,,
11693,zemakfi,11693,1764,36.32363059527028,15.610367894719596
11694,etgybanrogche,11694,1764,28.20908148816702,12.95151278356231
11695,dotrutole,11695,1764,37.64075513938781,14.158229595152042
11696,tegeagchef,11696,1764,34.09126389964158,16.73166388534629
11697,onheeg,11697,1764,,
11698,essatetig,11698,1764,40.122525460737656,13.10642603309408
11699,teamfinosakilechlun,11699,1764,,
11700,teamfinosakilechlun,11700,1972,,
11701,itiwrirsefid,11701,1972,25.643102085868872,13.53580273533372
11702,teamfinosakilechlun,11702,1972,,
11703,teamfinosakilechlun,11703,1972,,
11704,teamfinosakilechlun,11704,1972,,
11705,teamfinosakilechlun,11705,1972,,
11706,teamfinosakilechlun,11706,1972,,
11707,teamfinosakilechlun,11707,1972,,
11708,teamfinosakilechlun,11708,1972,,
11709,teamfinosakilechlun,11709,1972,,
11710,teamfinosakilechlun,11710,1972,,
11711,teamfinosakilechlun,11711,1972,,
11712,quaemboizniluganic,11712,1972,,
11713,zemakfi,11713,1972,17.065574624741362,4.825496431824624
11714,etgybanrogche,11714,1972,16.762102251946633,4.11359916166746
11715,dotrutole,11715,1972,6.3719050800825165,2.119511661185792
11716,tegeagchef,11716,1972,6.364742897230674,0.8794399895106895
11717,onheeg,11717,1972,,
11718,essatetig,11718,1972,14.10658488258929,3.6370874680688257
11719,teamfinosakilechlun,11719,1972,,
11720,teamfinosakilechlun,11720,1697,23.75829444277282,23.75829444277282
11721,itiwrirsefid,11721,1697,22.014783577019543,9.40398448926913
11722,teamfinosakilechlun,11722,1697,,
11723,teamfinosakilechlun,11723,1697,,
11724,teamfinosakilechlun,11724,1697,,
11725,teamfinosakilechlun,11725,1697,,
11726,teamfinosakilechlun,11726,1697,,
11727,teamfinosakilechlun,11727,1697,23.75829444277283,23.75829444277282
11728,teamfinosakilechlun,11728,1697,,
11729,teamfinosakilechlun,11729,1697,,
11730,teamfinosakilechlun,11730,1697,,
11731,ixfatadle,11731,1697,10.812181950993436,4.620113491707963
11732,quaemboizniluganic,11732,1697,,
11733,zemakfi,11733,1697,29.85974204215621,9.178343095047136
11734,etgybanrogche,11734,1697,11.548242037539008,3.4929456907041105
11735,dotrutole,11735,1697,19.639306613255176,3.9008441141730303
11736,tegeagchef,11736,1697,11.358651899925434,3.40374914874776
11737,onheeg,11737,1697,,
11738,essatetig,11738,1697,13.694235939252884,2.844762107326003
11739,teamfinosakilechlun,11739,1697,,
11740,teamfinosakilechlun,11740,1971,,
11741,teamfinosakilechlun,11741,1971,,
11742,dirakne,11742,1971,14.131294952651489,4.652626603971642
11743,jotragdegnaneskieq,11743,1971,10.808514985911367,5.175630742620971
11744,zemakfi,11744,1971,23.75829444277283,2.2160340403732013
11745,dotrutole,11745,1971,16.402397807697287,5.202993195342776
11746,erkolbitesaruad,11746,1971,21.471514668807632,9.689149379480028
11747,qelaebwaxvaces,11747,1971,12.17079240216422,6.058447577010029
11748,firtihqoit,11748,1971,18.809586425036727,6.209243779233908
11749,ditlietan,11749,1971,13.97737518644686,5.66326292784974
11750,ditlietan,11750,1971,14.443381661995977,5.987828896661584
11751,firtihqoit,11751,1971,17.177708865569162,6.591691194671606
11752,firtihqoit,11752,1971,17.202828609201465,6.033800143569328
11753,juchlibnaltyve,11753,1971,14.074821312723724,6.722710834607912
11754,siilir,11754,1971,,
11755,ogegcepowpep,11755,1971,16.02865557842623,5.3601068522606905
11756,qelaebwaxvaces,11756,1971,12.729229450443418,5.479864996127402
11757,dolovqanawed,11757,1971,,
11758,ditlietan,11758,1971,14.094643576192176,5.40313005233353
11759,ditlietan,11759,1971,,
11760,teamfinosakilechlun,11760,243,,
11761,teamfinosakilechlun,11761,243,,
11762,dirakne,11762,243,23.7582944427728,5.96195570034286
11763,jotragdegnaneskieq,11763,243,23.07128376177096,6.955192810802766
11764,zemakfi,11764,243,32.39063881330695,7.294340691018263
11765,dotrutole,11765,243,28.441759851761084,7.6226924192987715
11766,erkolbitesaruad,11766,243,33.81914219206036,16.667365601704365
11767,qelaebwaxvaces,11767,243,23.7582944427728,9.766247560801055
11768,firtihqoit,11768,243,23.7582944427728,6.893917054852592
11769,ditlietan,11769,243,23.75829444277283,8.631959623260592
11770,ditlietan,11770,243,22.213773806365737,7.8765541677274
11771,firtihqoit,11771,243,23.7582944427728,8.506060398077272
11772,firtihqoit,11772,243,23.75829444277282,10.118296714538571
11773,juchlibnaltyve,11773,243,27.90767432599416,10.029140365769404
11774,siilir,11774,243,,
11775,ogegcepowpep,11775,243,27.98018044045977,7.67717909406561
11776,qelaebwaxvaces,11776,243,21.74030671109403,9.789866416797413
11777,dolovqanawed,11777,243,,
11778,ditlietan,11778,243,20.27323375697018,8.831617245333703
11779,rounponesoofqarah,11779,243,32.34263083587709,6.730049387375993
11780,teamfinosakilechlun,11780,2042,,
11781,teamfinosakilechlun,11781,2042,,
11782,dirakne,11782,2042,,
11783,jotragdegnaneskieq,11783,2042,6.979331608686697,2.5642339110915757
11784,zemakfi,11784,2042,,
11785,dotrutole,11785,2042,7.324476051516259,1.6864856743717762
11786,erkolbitesaruad,11786,2042,,
11787,qelaebwaxvaces,11787,2042,,
11788,firtihqoit,11788,2042,,
11789,ditlietan,11789,2042,,
11790,ditlietan,11790,2042,,
11791,firtihqoit,11791,2042,,
11792,firtihqoit,11792,2042,,
11793,juchlibnaltyve,11793,2042,8.604017165604812,2.772960759393164
11794,siilir,11794,2042,,
11795,ogegcepowpep,11795,2042,,
11796,qelaebwaxvaces,11796,2042,,
11797,dolovqanawed,11797,2042,,
11798,ditlietan,11798,2042,,
11799,ditlietan,11799,2042,,
11800,teamfinosakilechlun,11800,1604,,
11801,teamfinosakilechlun,11801,1604,,
11802,dirakne,11802,1604,16.748555523134915,3.4534610873034985
11803,jotragdegnaneskieq,11803,1604,10.44533290447406,4.142578440295342
11804,zemakfi,11804,1604,23.75829444277282,2.685744729073796
11805,dotrutole,11805,1604,18.438446270661604,3.417322036392937
11806,erkolbitesaruad,11806,1604,30.069031889945645,8.524174163596847
11807,qelaebwaxvaces,11807,1604,14.84000416247978,4.46388785589664
11808,firtihqoit,11808,1604,14.052725545213814,3.462125829148604
11809,ditlietan,11809,1604,8.632182310127428,3.039865167269909
11810,ditlietan,11810,1604,12.178048476870794,3.100208763708913
11811,firtihqoit,11811,1604,18.969606044974228,3.832464948724123
11812,firtihqoit,11812,1604,23.75829444277282,5.12027359138294
11813,juchlibnaltyve,11813,1604,12.113030955970036,3.189726483635534
11814,siilir,11814,1604,,
11815,ogegcepowpep,11815,1604,15.802236936943531,1.9965529016829024
11816,qelaebwaxvaces,11816,1604,9.694273399525942,4.561170167403809
11817,dolovqanawed,11817,1604,,
11818,ditlietan,11818,1604,11.151803876372265,3.878839875702756
11819,rounponesoofqarah,11819,1604,21.05036811458997,6.175099956965028
11820,teamfinosakilechlun,11820,1705,,
11821,teamfinosakilechlun,11821,1705,,
11822,dirakne,11822,1705,13.235146556851246,3.4941950329520823
11823,jotragdegnaneskieq,11823,1705,7.516324055135508,3.4191336144313023
11824,zemakfi,11824,1705,16.064983364694527,3.850809520788365
11825,dotrutole,11825,1705,13.347838887844782,3.283299188227544
11826,erkolbitesaruad,11826,1705,20.54447051530823,10.798077951748748
11827,qelaebwaxvaces,11827,1705,13.79712175962714,3.907618846343538
11828,firtihqoit,11828,1705,13.991294413475789,3.793575213963058
11829,ditlietan,11829,1705,9.713953054963042,4.257915538450702
11830,ditlietan,11830,1705,10.964140091949126,4.847906587444254
11831,firtihqoit,11831,1705,14.42156913078085,6.824297311842062
11832,firtihqoit,11832,1705,9.875388488634618,3.719906546582665
11833,juchlibnaltyve,11833,1705,10.896611485366131,4.757243682646662
11834,siilir,11834,1705,,
11835,ogegcepowpep,11835,1705,8.495458019722586,2.5165265707828093
11836,qelaebwaxvaces,11836,1705,11.222992468172023,5.200534134578492
11837,dolovqanawed,11837,1705,,
11838,ditlietan,11838,1705,11.93711780134399,4.997042715594162
11839,ditlietan,11839,1705,,
11840,emxenoyronno,11840,1713,11.212260806767558,3.4271765466007627
11841,zooloqsaflamsi,11841,1713,,
11842,animloinlo,11842,1713,,
11843,essatetig,11843,1713,9.079832392362894,1.750880867969401
11844,firtihqoit,11844,1713,12.950699430697076,3.4599199507035627
11845,ydebar,11845,1713,20.073244398432635,4.395882852954423
11846,ryfegfeowoqes,11846,1713,14.416202995680692,1.7111870415449086
11847,firtihqoit,11847,1713,12.70192798950936,3.037307089576464
11848,wawaseguadtimuj,11848,1713,,
11849,nuninemkogfatakergin,11849,1713,,
11850,ovaftequaat,11850,1713,17.517894540836586,4.2524950888242685
11851,ditlietan,11851,1713,,
11852,epciin,11852,1713,12.899332110546098,4.144615824916398
11853,dotrutole,11853,1713,14.442069700111604,2.569956709916862
11854,ditlietan,11854,1713,8.74861574338255,3.03483939991944
11855,ryfegfeowoqes,11855,1713,13.736786749022356,2.564233911120469
11856,ditlietan,11856,1713,9.290082398503316,2.639398294888965
11857,dotrutole,11857,1713,10.595599550849748,2.7636085265396004
11858,ryfegfeowoqes,11858,1713,15.149753574890443,1.8748325862367043
11859,ditlietan,11859,1713,10.741806636371246,3.1306325168894595
11860,emxenoyronno,11860,1426,,
11861,zooloqsaflamsi,11861,1426,,
11862,animloinlo,11862,1426,,
11863,essatetig,11863,1426,13.54169479439055,2.2787817911441333
11864,firtihqoit,11864,1426,,
11865,ydebar,11865,1426,,
11866,ryfegfeowoqes,11866,1426,,
11867,firtihqoit,11867,1426,,
11868,wawaseguadtimuj,11868,1426,,
11869,nuninemkogfatakergin,11869,1426,,
11870,ovaftequaat,11870,1426,,
11871,ditlietan,11871,1426,,
11872,epciin,11872,1426,,
11873,dotrutole,11873,1426,6.205854912287614,1.5744958566386016
11874,ditlietan,11874,1426,,
11875,ryfegfeowoqes,11875,1426,,
11876,ditlietan,11876,1426,,
11877,dotrutole,11877,1426,,
11878,ryfegfeowoqes,11878,1426,,
11879,ditlietan,11879,1426,,
11880,emxenoyronno,11880,390,20.33998648538321,1.5194965501362767
11881,zooloqsaflamsi,11881,390,5.75451430072752,2.7102502499067147
11882,animloinlo,11882,390,,
11883,essatetig,11883,390,8.751116628172534,0.8030128883052783
11884,firtihqoit,11884,390,,
11885,ydebar,11885,390,17.68112247302891,6.5630416322937535
11886,ryfegfeowoqes,11886,390,18.273944425007528,1.6246583166523116
11887,firtihqoit,11887,390,,
11888,wawaseguadtimuj,11888,390,,
11889,nuninemkogfatakergin,11889,390,,
11890,ovaftequaat,11890,390,,
11891,ditlietan,11891,390,,
11892,epciin,11892,390,16.572097987641854,2.4264063636887
11893,dotrutole,11893,390,9.260713023073045,2.381071590034357
11894,ditlietan,11894,390,,
11895,ryfegfeowoqes,11895,390,16.491254556654948,1.4414522485830066
11896,ditlietan,11896,390,,
11897,dotrutole,11897,390,10.182345445923067,2.8017290655933853
11898,ryfegfeowoqes,11898,390,15.006709832235092,1.0057752884646567
11899,ditlietan,11899,390,,
11900,emxenoyronno,11900,260,16.889153261889014,4.961938890568924
11901,zooloqsaflamsi,11901,260,,
11902,animloinlo,11902,260,,
11903,essatetig,11903,260,6.718050769983955,0.7370419582609593
11904,firtihqoit,11904,260,,
11905,ydebar,11905,260,18.09931492012249,6.049085975318644
11906,ryfegfeowoqes,11906,260,20.953909732720263,3.85204844334818
11907,firtihqoit,11907,260,,
11908,wawaseguadtimuj,11908,260,16.494566083951803,4.965976105485706
11909,nuninemkogfatakergin,11909,260,,
11910,ovaftequaat,11910,260,,
11911,ditlietan,11911,260,11.474547620493388,4.003076727809882
11912,epciin,11912,260,20.974517009362447,6.464133600726877
11913,dotrutole,11913,260,16.841328617483917,3.73993419888315
11914,ditlietan,11914,260,9.748473748335927,3.650904860023583
11915,ryfegfeowoqes,11915,260,10.44974554288004,1.3648594623645147
11916,ditlietan,11916,260,8.681679007635221,3.138709914173338
11917,dotrutole,11917,260,16.07834982186849,3.882344725851875
11918,ryfegfeowoqes,11918,260,18.273944424955182,3.2788461575565555
11919,ditlietan,11919,260,,
11920,vudichtinechutiniqe,11920,532,,
11921,itseidlaelextu,11921,532,,
11922,vudichtinechutiniqe,11922,532,,
11923,olepneet,11923,532,15.346921893141811,4.702104758686406
11924,vudichtinechutiniqe,11924,532,,
11925,furuqzibumehew,11925,532,16.745619243874184,8.241270408398915
11926,ryfegfeowoqes,11926,532,20.731327748118236,5.312232565676727
11927,vudichtinechutiniqe,11927,532,,
11928,sosachtowrox,11928,532,,
11929,vudichtinechutiniqe,11929,532,,
11930,olepneet,11930,532,12.468190909813778,4.839027375625525
11931,vudichtinechutiniqe,11931,532,,
11932,itseidlaelextu,11932,532,,
11933,itseidlaelextu,11933,532,,
11934,itseidlaelextu,11934,532,,
11935,ovaftequaat,11935,532,23.7582944427728,10.694579237876304
11936,itseidlaelextu,11936,532,,
11937,itseidlaelextu,11937,532,,
11938,itseidlaelextu,11938,532,,
11939,itseidlaelextu,11939,532,,
11940,itseidlaelextu,11940,1612,,
11941,itseidlaelextu,11941,1612,,
11942,itseidlaelextu,11942,1612,,
11943,vudichtinechutiniqe,11943,1612,,
11944,itseidlaelextu,11944,1612,,
11945,itseidlaelextu,11945,1612,,
11946,itseidlaelextu,11946,1612,,
11947,itseidlaelextu,11947,1612,,
11948,itseidlaelextu,11948,1612,,
11949,itseidlaelextu,11949,1612,,
11950,ryfegfeowoqes,11950,1612,19.465199033175285,1.2356856966790934
11951,itseidlaelextu,11951,1612,,
11952,itseidlaelextu,11952,1612,,
11953,itseidlaelextu,11953,1612,,
11954,itseidlaelextu,11954,1612,,
11955,itseidlaelextu,11955,1612,,
11956,itseidlaelextu,11956,1612,,
11957,itseidlaelextu,11957,1612,,
11958,itseidlaelextu,11958,1612,,
11959,itseidlaelextu,11959,1612,,
11960,itseidlaelextu,11960,1560,,
11961,itseidlaelextu,11961,1560,,
11962,itseidlaelextu,11962,1560,,
11963,vudichtinechutiniqe,11963,1560,33.72478941144472,16.070938382878378
11964,itseidlaelextu,11964,1560,,
11965,itseidlaelextu,11965,1560,,
11966,itseidlaelextu,11966,1560,,
11967,itseidlaelextu,11967,1560,,
11968,itseidlaelextu,11968,1560,,
11969,itseidlaelextu,11969,1560,,
11970,ryfegfeowoqes,11970,1560,45.3492280048531,11.570017058279891
11971,itseidlaelextu,11971,1560,,
11972,itseidlaelextu,11972,1560,,
11973,itseidlaelextu,11973,1560,,
11974,itseidlaelextu,11974,1560,,
11975,itseidlaelextu,11975,1560,,
11976,itseidlaelextu,11976,1560,,
11977,itseidlaelextu,11977,1560,,
11978,itseidlaelextu,11978,1560,,
11979,itseidlaelextu,11979,1560,,
11980,itseidlaelextu,11980,1383,,
11981,itseidlaelextu,11981,1383,,
11982,itseidlaelextu,11982,1383,,
11983,vudichtinechutiniqe,11983,1383,23.75829444277281,11.22204280961758
11984,itseidlaelextu,11984,1383,,
11985,itseidlaelextu,11985,1383,,
11986,itseidlaelextu,11986,1383,,
11987,itseidlaelextu,11987,1383,,
11988,itseidlaelextu,11988,1383,,
11989,itseidlaelextu,11989,1383,,
11990,ryfegfeowoqes,11990,1383,40.41506416782131,10.622537210342797
11991,itseidlaelextu,11991,1383,,
11992,itseidlaelextu,11992,1383,,
11993,itseidlaelextu,11993,1383,,
11994,itseidlaelextu,11994,1383,,
11995,itseidlaelextu,11995,1383,,
11996,itseidlaelextu,11996,1383,,
11997,itseidlaelextu,11997,1383,,
11998,itseidlaelextu,11998,1383,,
11999,itseidlaelextu,11999,1383,,
12000,wawaseguadtimuj,12000,1085,,
12001,siarsarchaquda,12001,1085,13.91334060766577,4.579160484416311
12002,selcholemusowitirqua,12002,1085,12.141841734032818,4.768865196717273
12003,tehsidetegenichurgew,12003,1085,21.338488820477654,5.649813400592078
12004,gelerutec,12004,1085,,
12005,gelerutec,12005,1085,,
12006,gelerutec,12006,1085,,
12007,gelerutec,12007,1085,,
12008,gelerutec,12008,1085,,
12009,gelerutec,12009,1085,,
12010,nosebichquo,12010,1085,14.113543507642108,4.984800116605555
12011,gelerutec,12011,1085,,
12012,gelerutec,12012,1085,,
12013,gelerutec,12013,1085,,
12014,siarsarchaquda,12014,1085,16.12143679348111,4.721548417490744
12015,gelerutec,12015,1085,,
12016,gelerutec,12016,1085,,
12017,gelerutec,12017,1085,,
12018,gelerutec,12018,1085,,
12019,gelerutec,12019,1085,,
12020,wawaseguadtimuj,12020,1119,37.65359288017693,17.198523101295002
12021,siarsarchaquda,12021,1119,38.85760698865624,17.924791294322453
12022,selcholemusowitirqua,12022,1119,32.95397422979078,17.808351795269875
12023,tehsidetegenichurgew,12023,1119,30.648667751675443,17.28130090896026
12024,gelerutec,12024,1119,,
12025,gelerutec,12025,1119,,
12026,gelerutec,12026,1119,,
12027,gelerutec,12027,1119,,
12028,gelerutec,12028,1119,,
12029,gelerutec,12029,1119,,
12030,nosebichquo,12030,1119,35.249860255802226,17.365068743810173
12031,gelerutec,12031,1119,,
12032,gelerutec,12032,1119,,
12033,gelerutec,12033,1119,,
12034,siarsarchaquda,12034,1119,39.3874075654712,20.36891521800729
12035,gelerutec,12035,1119,,
12036,gelerutec,12036,1119,,
12037,gelerutec,12037,1119,,
12038,gelerutec,12038,1119,,
12039,gelerutec,12039,1119,,
12040,wawaseguadtimuj,12040,2287,,
12041,siarsarchaquda,12041,2287,14.358648572218462,4.928374880080186
12042,selcholemusowitirqua,12042,2287,8.015744034221104,2.805957546757352
12043,tehsidetegenichurgew,12043,2287,16.949401221904413,2.970789900850533
12044,gelerutec,12044,2287,,
12045,gelerutec,12045,2287,,
12046,gelerutec,12046,2287,,
12047,gelerutec,12047,2287,,
12048,gelerutec,12048,2287,,
12049,gelerutec,12049,2287,,
12050,nosebichquo,12050,2287,16.41596893297083,3.4348517490016808
12051,gelerutec,12051,2287,,
12052,gelerutec,12052,2287,,
12053,gelerutec,12053,2287,,
12054,siarsarchaquda,12054,2287,16.600146360964995,5.319192766064567
12055,gelerutec,12055,2287,,
12056,gelerutec,12056,2287,,
12057,gelerutec,12057,2287,,
12058,gelerutec,12058,2287,,
12059,gelerutec,12059,2287,,
12060,wawaseguadtimuj,12060,610,,
12061,siarsarchaquda,12061,610,52.21614960818647,30.52161864028236
12062,selcholemusowitirqua,12062,610,49.03914015587472,22.248363212208677
12063,tehsidetegenichurgew,12063,610,45.97335890956519,24.05399931031577
12064,gelerutec,12064,610,,
12065,gelerutec,12065,610,,
12066,gelerutec,12066,610,,
12067,gelerutec,12067,610,,
12068,gelerutec,12068,610,,
12069,gelerutec,12069,610,,
12070,nosebichquo,12070,610,46.39608678719534,20.388576347671204
12071,gelerutec,12071,610,,
12072,gelerutec,12072,610,,
12073,gelerutec,12073,610,,
12074,siarsarchaquda,12074,610,37.59237992716624,20.2122922850924
12075,gelerutec,12075,610,,
12076,gelerutec,12076,610,,
12077,gelerutec,12077,610,,
12078,gelerutec,12078,610,,
12079,gelerutec,12079,610,,
12080,wawaseguadtimuj,12080,105,,
12081,siarsarchaquda,12081,105,12.07593138942607,3.337099397512642
12082,selcholemusowitirqua,12082,105,10.12809839942926,3.230631460566964
12083,tehsidetegenichurgew,12083,105,17.586528580640294,2.747357349821084
12084,gelerutec,12084,105,,
12085,gelerutec,12085,105,,
12086,gelerutec,12086,105,,
12087,gelerutec,12087,105,,
12088,gelerutec,12088,105,,
12089,gelerutec,12089,105,,
12090,nosebichquo,12090,105,15.087772763200212,2.7142926988811955
12091,gelerutec,12091,105,,
12092,gelerutec,12092,105,,
12093,gelerutec,12093,105,,
12094,siarsarchaquda,12094,105,10.549745787820497,3.652997724808404
12095,gelerutec,12095,105,,
12096,gelerutec,12096,105,,
12097,gelerutec,12097,105,,
12098,gelerutec,12098,105,,
12099,gelerutec,12099,105,,
12100,itofychanriwah,12100,100,,
12101,gelerutec,12101,100,,
12102,ryfegfeowoqes,12102,100,15.81135965422256,2.217259384138352
12103,ladineznif,12103,100,,
12104,gelerutec,12104,100,,
12105,gelerutec,12105,100,,
12106,gelerutec,12106,100,,
12107,gelerutec,12107,100,,
12108,gelerutec,12108,100,,
12109,gelerutec,12109,100,,
12110,gelerutec,12110,100,,
12111,paaduchonvenorasti,12111,100,,
12112,ladineznif,12112,100,,
12113,afnofimsede,12113,100,,
12114,siarsarchaquda,12114,100,9.212801370971418,2.906135695290113
12115,firtihqoit,12115,100,14.173763678991245,2.5642339111173675
12116,immanlubtiud,12116,100,13.098638278293278,3.179386474097599
12117,itfeernatewiq,12117,100,13.82303344036068,1.6636286195841987
12118,ryfegfeowoqes,12118,100,16.622021958456727,2.095066885265018
12119,siarsarchaquda,12119,100,7.956547923692565,2.218583318786185
12120,itofychanriwah,12120,1911,23.758294442772826,23.75829444277282
12121,gelerutec,12121,1911,,
12122,ryfegfeowoqes,12122,1911,9.798253675293116,1.625652074435059
12123,ladineznif,12123,1911,,
12124,gelerutec,12124,1911,,
12125,gelerutec,12125,1911,,
12126,gelerutec,12126,1911,,
12127,gelerutec,12127,1911,,
12128,gelerutec,12128,1911,,
12129,gelerutec,12129,1911,,
12130,gelerutec,12130,1911,,
12131,paaduchonvenorasti,12131,1911,,
12132,ladineznif,12132,1911,,
12133,afnofimsede,12133,1911,,
12134,siarsarchaquda,12134,1911,7.905566076767785,2.8737740141946664
12135,firtihqoit,12135,1911,,
12136,immanlubtiud,12136,1911,,
12137,itfeernatewiq,12137,1911,10.51027873327548,2.26114629428945
12138,ryfegfeowoqes,12138,1911,9.826869202717056,2.063717483127025
12139,siarsarchaquda,12139,1911,6.993506183235786,3.1321646637489797
12140,itofychanriwah,12140,601,23.75829444277282,23.75829444277282
12141,gelerutec,12141,601,,
12142,ryfegfeowoqes,12142,601,56.10431781882131,19.878079483544163
12143,ladineznif,12143,601,23.75829444277282,23.75829444277282
12144,gelerutec,12144,601,,
12145,gelerutec,12145,601,,
12146,gelerutec,12146,601,,
12147,gelerutec,12147,601,,
12148,gelerutec,12148,601,,
12149,gelerutec,12149,601,,
12150,gelerutec,12150,601,,
12151,paaduchonvenorasti,12151,601,,
12152,ladineznif,12152,601,23.75829444277283,6.943150092450502
12153,afnofimsede,12153,601,,
12154,siarsarchaquda,12154,601,41.826505882640696,23.28806095925936
12155,firtihqoit,12155,601,54.56237887834726,28.51757098542454
12156,immanlubtiud,12156,601,50.55189859851718,19.32294391005979
12157,itfeernatewiq,12157,601,50.88343355647416,23.02056281257308
12158,ryfegfeowoqes,12158,601,49.886193257713096,20.341885302125917
12159,siarsarchaquda,12159,601,33.81356314814621,18.84780956225508
12160,iltetqelnoarur,12160,2281,30.20269497257037,5.054197935518897
12161,wawaseguadtimuj,12161,2281,,
12162,weexrisitenadoh,12162,2281,,
12163,firtihqoit,12163,2281,17.202828609201465,3.928565750484821
12164,tehsidetegenichurgew,12164,2281,12.200287465707897,2.512408334132937
12165,essatetig,12165,2281,16.131974261418275,2.5176622259708177
12166,iltetqelnoarur,12166,2281,36.82358128410356,5.625580950177961
12167,nosebichquo,12167,2281,23.75829444277282,3.659904119533159
12168,ardoro,12168,2281,27.722331854892214,4.493387778789248
12169,siarsarchaquda,12169,2281,10.575766027946916,4.102960337276438
12170,ducira,12170,2281,20.22395440078956,2.7063642630004128
12171,lijies,12171,2281,23.75829444277283,6.349819569638783
12172,lijies,12172,2281,23.7582944427728,4.471938748757531
12173,immanlubtiud,12173,2281,24.21975487885159,3.3485626743789414
12174,ladineznif,12174,2281,,
12175,hahagitve,12175,2281,23.75829444277282,23.7582944427728
12176,essatetig,12176,2281,15.559703002130124,2.4264063636886943
12177,enezeserasit,12177,2281,15.65103243855185,3.7168717948417815
12178,siarsarchaquda,12178,2281,10.759802896727486,4.27728115205723
12179,ladineznif,12179,2281,,
12180,iltetqelnoarur,12180,764,14.713548329970047,3.017325865425783
12181,wawaseguadtimuj,12181,764,18.657584503806305,5.705325060476711
12182,weexrisitenadoh,12182,764,,
12183,firtihqoit,12183,764,10.104066650265606,2.994442491743828
12184,tehsidetegenichurgew,12184,764,15.311100690825196,2.949288123155221
12185,essatetig,12185,764,9.054912861807146,1.5798498406229404
12186,iltetqelnoarur,12186,764,13.311499912845395,3.643238269789529
12187,nosebichquo,12187,764,17.08654078918638,7.507196428601567
12188,ardoro,12188,764,9.37115379584735,3.287676919591917
12189,siarsarchaquda,12189,764,14.610081682232437,5.484551675175834
12190,ducira,12190,764,7.053635500296855,1.2906317042233098
12191,lijies,12191,764,9.632931647400763,2.2481657358459164
12192,lijies,12192,764,12.215801555761107,1.953790636815346
12193,immanlubtiud,12193,764,24.957485967679844,6.15133846917454
12194,ladineznif,12194,764,,
12195,hahagitve,12195,764,23.758294442772826,23.75829444277282
12196,essatetig,12196,764,10.602975631149544,1.6060257765998254
12197,enezeserasit,12197,764,19.870573533964087,7.104793572619852
12198,siarsarchaquda,12198,764,14.274031639222365,5.895787839170598
12199,ladineznif,12199,764,,
12200,etenlyl,12200,1305,16.330619111082896,4.683504418434984
12201,immanlubtiud,12201,1305,,
12202,quaemboizniluganic,12202,1305,,
12203,onheeg,12203,1305,,
12204,quniocsulafryt,12204,1305,,
12205,immanlubtiud,12205,1305,,
12206,ladineznif,12206,1305,23.75829444277282,23.75829444277282
12207,ladineznif,12207,1305,,
12208,immanlubtiud,12208,1305,,
12209,hahagitve,12209,1305,,
12210,tihihdi,12210,1305,14.323225961294272,1.9389786345608344
12211,essatetig,12211,1305,15.486321130509966,2.1161247645810777
12212,gaquavoaqxetelsoer,12212,1305,,
12213,wawaseguadtimuj,12213,1305,,
12214,fireolalixfetnerat,12214,1305,,
12215,ladineznif,12215,1305,23.75829444277282,23.75829444277282
12216,essatetig,12216,1305,13.691233663842668,2.502072836276838
12217,gaquavoaqxetelsoer,12217,1305,,
12218,furuqzibumehew,12218,1305,,
12219,qelaebwaxvaces,12219,1305,11.874711802093268,5.6606783240760015
12220,etenlyl,12220,1366,19.36425611901281,3.932778755534084
12221,immanlubtiud,12221,1366,23.75829444277283,7.685220590536528
12222,quaemboizniluganic,12222,1366,,
12223,onheeg,12223,1366,23.75829444277282,23.7582944427728
12224,quniocsulafryt,12224,1366,10.661229074884073,5.614007415512596
12225,immanlubtiud,12225,1366,20.793284063247143,6.475740822231103
12226,ladineznif,12226,1366,,
12227,enezeserasit,12227,1366,12.966504585568366,7.19910822984522
12228,immanlubtiud,12228,1366,16.97860458667677,6.9081669149863885
12229,hahagitve,12229,1366,,
12230,tihihdi,12230,1366,17.581958067112254,4.973914690514809
12231,essatetig,12231,1366,15.043319310089652,2.8448911302418813
12232,gaquavoaqxetelsoer,12232,1366,,
12233,wawaseguadtimuj,12233,1366,13.986330056540384,4.924709275515312
12234,fireolalixfetnerat,12234,1366,16.259846717794193,5.404680127217612
12235,ladineznif,12235,1366,,
12236,essatetig,12236,1366,16.337601151227698,4.143003716355802
12237,gaquavoaqxetelsoer,12237,1366,13.553709993047162,7.681404357627741
12238,furuqzibumehew,12238,1366,14.529188048132252,7.305995449584273
12239,qelaebwaxvaces,12239,1366,20.1113612601266,5.843560342952309
12240,etenlyl,12240,1998,,
12241,immanlubtiud,12241,1998,35.04565660828963,13.331213977152496
12242,quaemboizniluganic,12242,1998,,
12243,onheeg,12243,1998,23.75829444277282,23.75829444277282
12244,quniocsulafryt,12244,1998,30.612812247116093,13.70541362761011
12245,immanlubtiud,12245,1998,34.12420703152729,12.62868665343031
12246,ladineznif,12246,1998,,
12247,enezeserasit,12247,1998,30.477150528951213,13.104780959900427
12248,immanlubtiud,12248,1998,37.137234549157,14.728761579949632
12249,hahagitve,12249,1998,,
12250,tihihdi,12250,1998,46.707084126808994,12.245377633132154
12251,essatetig,12251,1998,32.23852466490522,7.779056125672338
12252,gaquavoaqxetelsoer,12252,1998,27.675139727242836,15.939359929279089
12253,wawaseguadtimuj,12253,1998,,
12254,fireolalixfetnerat,12254,1998,39.137535228161,12.927115958298888
12255,ladineznif,12255,1998,,
12256,essatetig,12256,1998,39.877703515927365,9.088479122577118
12257,gaquavoaqxetelsoer,12257,1998,25.875316818403668,15.64273787993326
12258,furuqzibumehew,12258,1998,26.55322955577213,17.074076859720787
12259,qelaebwaxvaces,12259,1998,32.156699643778246,16.318272138625222
12260,etenlyl,12260,653,,
12261,immanlubtiud,12261,653,,
12262,quaemboizniluganic,12262,653,,
12263,onheeg,12263,653,23.758294442772844,23.75829444277283
12264,quniocsulafryt,12264,653,3.167310966156277,1.235685696690452
12265,immanlubtiud,12265,653,23.75829444277282,7.3522699878610815
12266,ladineznif,12266,653,,
12267,enezeserasit,12267,653,14.38781172232134,6.673802818953515
12268,immanlubtiud,12268,653,20.57337607508105,5.594517493691376
12269,hahagitve,12269,653,,
12270,tihihdi,12270,653,41.85794774084645,12.128758652096405
12271,essatetig,12271,653,17.043111619233834,3.990305329082782
12272,gaquavoaqxetelsoer,12272,653,,
12273,wawaseguadtimuj,12273,653,14.493751660826604,5.478176810135971
12274,fireolalixfetnerat,12274,653,4.70871914086253,1.1591208557440444
12275,ladineznif,12275,653,,
12276,essatetig,12276,653,15.647247220756224,4.344004083380892
12277,gaquavoaqxetelsoer,12277,653,,
12278,furuqzibumehew,12278,653,5.387496437084083,2.0598721761849133
12279,qelaebwaxvaces,12279,653,,
12280,etenlyl,12280,218,6.7835554239937945,0.8930802887427562
12281,immanlubtiud,12281,218,,
12282,quaemboizniluganic,12282,218,,
12283,onheeg,12283,218,,
12284,quniocsulafryt,12284,218,2.5510309176343804,1.490427358800558
12285,immanlubtiud,12285,218,,
12286,ladineznif,12286,218,,
12287,enezeserasit,12287,218,4.687719652998971,1.7629978351648183
12288,immanlubtiud,12288,218,8.212471525475292,1.870706646626377
12289,hahagitve,12289,218,,
12290,tihihdi,12290,218,5.782202848088721,1.0518285975846915
12291,essatetig,12291,218,5.64145253897934,1.0837680496165167
12292,gaquavoaqxetelsoer,12292,218,,
12293,wawaseguadtimuj,12293,218,3.129937325547461,0.950075851161784
12294,fireolalixfetnerat,12294,218,4.206121893400272,1.028534755631592
12295,ladineznif,12295,218,,
12296,essatetig,12296,218,6.4463704282563326,0.4846758061627331
12297,gaquavoaqxetelsoer,12297,218,,
12298,furuqzibumehew,12298,218,,
12299,qelaebwaxvaces,12299,218,4.056029979064481,1.9713335671559025
12300,etenlyl,12300,1137,19.884930575707838,2.414679169470377
12301,immanlubtiud,12301,1137,16.030840039946597,3.619545972734691
12302,quaemboizniluganic,12302,1137,,
12303,onheeg,12303,1137,,
12304,quniocsulafryt,12304,1137,6.78980899324241,3.381569067063141
12305,immanlubtiud,12305,1137,16.847744303604756,4.570013547855789
12306,ladineznif,12306,1137,,
12307,enezeserasit,12307,1137,12.614066138863963,4.827818701082458
12308,immanlubtiud,12308,1137,18.15521017611974,4.851229646298775
12309,hahagitve,12309,1137,23.75829444277282,23.75829444277282
12310,tihihdi,12310,1137,14.655807478633362,4.132181919800629
12311,essatetig,12311,1137,12.31508195991408,2.042694345967337
12312,gaquavoaqxetelsoer,12312,1137,16.975878219746214,8.215219171265046
12313,wawaseguadtimuj,12313,1137,,
12314,fireolalixfetnerat,12314,1137,17.137580795607192,3.469334781252462
12315,ladineznif,12315,1137,,
12316,essatetig,12316,1137,15.251374506669832,2.2160340403848973
12317,gaquavoaqxetelsoer,12317,1137,14.891664144240208,7.716093633914999
12318,furuqzibumehew,12318,1137,13.195321075881536,7.609564510479971
12319,qelaebwaxvaces,12319,1137,11.201215981030092,4.6048187233221896
12320,etenlyl,12320,262,21.17795984651588,2.7020635765677685
12321,immanlubtiud,12321,262,10.527455291437064,1.8958198087632057
12322,quaemboizniluganic,12322,262,,
12323,onheeg,12323,262,,
12324,quniocsulafryt,12324,262,5.550860628053576,2.248165735849138
12325,immanlubtiud,12325,262,16.64478618527253,2.652244149256436
12326,ladineznif,12326,262,,
12327,enezeserasit,12327,262,7.2220151196137135,3.308600261105654
12328,immanlubtiud,12328,262,9.49117584528262,2.58685325014026
12329,hahagitve,12329,262,,
12330,tihihdi,12330,262,15.990735380991552,1.8783100667190509
12331,essatetig,12331,262,7.200739570928477,1.2267421362199833
12332,gaquavoaqxetelsoer,12332,262,23.758294442772826,23.75829444277282
12333,wawaseguadtimuj,12333,262,,
12334,fireolalixfetnerat,12334,262,7.294316648210748,1.8752361473212584
12335,ladineznif,12335,262,,
12336,essatetig,12336,262,6.718050769994472,1.2083527748835992
12337,gaquavoaqxetelsoer,12337,262,,
12338,furuqzibumehew,12338,262,8.184511980186382,4.433873110434467
12339,qelaebwaxvaces,12339,262,8.569652146732972,2.6899507241834746
12340,furuqzibumehew,12340,1083,,
12341,tihihdi,12341,1083,,
12342,essatetig,12342,1083,5.834357365264493,0.8403571280823747
12343,ladineznif,12343,1083,,
12344,wawaseguadtimuj,12344,1083,,
12345,simolor,12345,1083,,
12346,arserrulitlo,12346,1083,12.534399485411996,3.262573867736051
12347,qelaebwaxvaces,12347,1083,9.642262472048872,4.241346028039384
12348,pabegatuol,12348,1083,18.57144942477389,4.184278124064454
12349,ladineznif,12349,1083,,
12350,daciwyspelehpe,12350,1083,13.37924715962771,4.313886956012796
12351,gaquavoaqxetelsoer,12351,1083,,
12352,quaemboizniluganic,12352,1083,,
12353,wawaseguadtimuj,12353,1083,,
12354,qelaebwaxvaces,12354,1083,,
12355,essatetig,12355,1083,5.917462871799206,0.4705350948019026
12356,inisagerazta,12356,1083,,
12357,wawaseguadtimuj,12357,1083,,
12358,gaquavoaqxetelsoer,12358,1083,,
12359,furuqzibumehew,12359,1083,,
12360,furuqzibumehew,12360,1415,7.603329985557322,4.460745714868587
12361,tihihdi,12361,1415,16.919673068731154,3.36026522461776
12362,essatetig,12362,1415,6.83461631568626,0.8132774818674605
12363,ladineznif,12363,1415,,
12364,wawaseguadtimuj,12364,1415,,
12365,simolor,12365,1415,,
12366,arserrulitlo,12366,1415,,
12367,qelaebwaxvaces,12367,1415,12.579607423574071,4.715480886485581
12368,pabegatuol,12368,1415,18.708584214084635,4.02784258295848
12369,ladineznif,12369,1415,,
12370,daciwyspelehpe,12370,1415,10.382369231249184,2.6080895565299067
12371,gaquavoaqxetelsoer,12371,1415,,
12372,quaemboizniluganic,12372,1415,,
12373,wawaseguadtimuj,12373,1415,,
12374,qelaebwaxvaces,12374,1415,10.860226514190307,4.907103185452907
12375,essatetig,12375,1415,13.327413951960136,2.1386920634412303
12376,inisagerazta,12376,1415,,
12377,wawaseguadtimuj,12377,1415,9.021351906157369,4.914144227775068
12378,gaquavoaqxetelsoer,12378,1415,,
12379,furuqzibumehew,12379,1415,6.920391524862124,3.465770931593872
12380,furuqzibumehew,12380,440,4.374266279680619,2.383704648935964
12381,tihihdi,12381,440,5.399406759899196,0.7320095215266893
12382,essatetig,12382,440,6.930493308949986,0.4731798822497036
12383,ladineznif,12383,440,,
12384,wawaseguadtimuj,12384,440,12.15566172995303,4.027842582957413
12385,simolor,12385,440,,
12386,arserrulitlo,12386,440,,
12387,qelaebwaxvaces,12387,440,7.724404242570217,3.298823314825209
12388,pabegatuol,12388,440,7.697042462555416,1.7991855320917614
12389,ladineznif,12389,440,,
12390,daciwyspelehpe,12390,440,6.406618535789766,1.5850918215250958
12391,gaquavoaqxetelsoer,12391,440,,
12392,quaemboizniluganic,12392,440,,
12393,wawaseguadtimuj,12393,440,12.461211974467162,4.808865811230614
12394,qelaebwaxvaces,12394,440,11.7777218167574,5.10122725040225
12395,essatetig,12395,440,8.146771726884207,0.947057641430841
12396,inisagerazta,12396,440,,
12397,wawaseguadtimuj,12397,440,9.59685634198576,3.90758127361582
12398,gaquavoaqxetelsoer,12398,440,11.29841186475238,6.229604428891914
12399,furuqzibumehew,12399,440,4.925424729650369,1.9845462074928832
12400,wawaseguadtimuj,12400,173,,
12401,tihihdi,12401,173,10.350126727337786,2.214774873527705
12402,selcholemusowitirqua,12402,173,11.6574355476812,3.50186655245235
12403,furuqzibumehew,12403,173,10.235477783954932,4.907103185455277
12404,wawaseguadtimuj,12404,173,10.33226627101588,3.144725324000317
12405,essatetig,12405,173,9.035304747107917,1.821568760358685
12406,furuqzibumehew,12406,173,7.820655652889584,4.342280037386591
12407,axdimodpevtiqdeken,12407,173,,
12408,furuqzibumehew,12408,173,9.332023288304436,4.850164741123479
12409,itseidlaelextu,12409,173,,
12410,itseidlaelextu,12410,173,,
12411,itseidlaelextu,12411,173,,
12412,itseidlaelextu,12412,173,,
12413,itseidlaelextu,12413,173,,
12414,itseidlaelextu,12414,173,,
12415,wawaseguadtimuj,12415,173,8.422244549283109,2.145545984544659
12416,itseidlaelextu,12416,173,,
12417,itseidlaelextu,12417,173,,
12418,itseidlaelextu,12418,173,,
12419,itseidlaelextu,12419,173,,
12420,wawaseguadtimuj,12420,347,,
12421,tihihdi,12421,347,19.481167811859976,4.397615057895142
12422,selcholemusowitirqua,12422,347,15.413166921495504,5.635932525363258
12423,furuqzibumehew,12423,347,12.810332038766251,5.685832877664661
12424,wawaseguadtimuj,12424,347,16.606394817497037,4.592043452765816
12425,essatetig,12425,347,16.291788585115395,5.158582228313569
12426,furuqzibumehew,12426,347,13.282328016931125,6.809705856671798
12427,axdimodpevtiqdeken,12427,347,23.7582944427728,4.023101153920834
12428,furuqzibumehew,12428,347,11.63919709144724,6.957799319134206
12429,itseidlaelextu,12429,347,,
12430,itseidlaelextu,12430,347,,
12431,itseidlaelextu,12431,347,,
12432,itseidlaelextu,12432,347,,
12433,itseidlaelextu,12433,347,,
12434,itseidlaelextu,12434,347,,
12435,wawaseguadtimuj,12435,347,12.634296512768492,4.943039817659397
12436,itseidlaelextu,12436,347,,
12437,itseidlaelextu,12437,347,,
12438,itseidlaelextu,12438,347,,
12439,itseidlaelextu,12439,347,,
12440,wawaseguadtimuj,12440,2046,,
12441,tihihdi,12441,2046,,
12442,selcholemusowitirqua,12442,2046,,
12443,furuqzibumehew,12443,2046,,
12444,wawaseguadtimuj,12444,2046,,
12445,essatetig,12445,2046,14.816327138971946,4.079526654172158
12446,furuqzibumehew,12446,2046,,
12447,axdimodpevtiqdeken,12447,2046,,
12448,furuqzibumehew,12448,2046,,
12449,itseidlaelextu,12449,2046,,
12450,itseidlaelextu,12450,2046,,
12451,itseidlaelextu,12451,2046,,
12452,itseidlaelextu,12452,2046,,
12453,itseidlaelextu,12453,2046,,
12454,itseidlaelextu,12454,2046,,
12455,wawaseguadtimuj,12455,2046,,
12456,itseidlaelextu,12456,2046,,
12457,itseidlaelextu,12457,2046,,
12458,itseidlaelextu,12458,2046,,
12459,itseidlaelextu,12459,2046,,
12460,itseidlaelextu,12460,1662,,
12461,axdimodpevtiqdeken,12461,1662,23.75829444277282,6.73333149009375
12462,itseidlaelextu,12462,1662,,
12463,itseidlaelextu,12463,1662,,
12464,itseidlaelextu,12464,1662,,
12465,itseidlaelextu,12465,1662,,
12466,itseidlaelextu,12466,1662,,
12467,itseidlaelextu,12467,1662,,
12468,itseidlaelextu,12468,1662,,
12469,wudigpeqariquedorut,12469,1662,23.75829444277282,7.471274116316434
12470,itseidlaelextu,12470,1662,,
12471,itseidlaelextu,12471,1662,,
12472,itseidlaelextu,12472,1662,,
12473,itseidlaelextu,12473,1662,,
12474,itseidlaelextu,12474,1662,,
12475,dirohwedlesdarla,12475,1662,22.786287676503893,8.534286321955943
12476,quaemboizniluganic,12476,1662,,
12477,essatetig,12477,1662,23.83168730964028,9.116544487789216
12478,furuqzibumehew,12478,1662,18.90856921159155,11.43264855672222
12479,wawaseguadtimuj,12479,1662,,
12480,itseidlaelextu,12480,377,,
12481,axdimodpevtiqdeken,12481,377,,
12482,itseidlaelextu,12482,377,,
12483,itseidlaelextu,12483,377,,
12484,itseidlaelextu,12484,377,,
12485,itseidlaelextu,12485,377,,
12486,itseidlaelextu,12486,377,,
12487,itseidlaelextu,12487,377,,
12488,itseidlaelextu,12488,377,,
12489,wudigpeqariquedorut,12489,377,,
12490,itseidlaelextu,12490,377,,
12491,itseidlaelextu,12491,377,,
12492,itseidlaelextu,12492,377,,
12493,itseidlaelextu,12493,377,,
12494,itseidlaelextu,12494,377,,
12495,dirohwedlesdarla,12495,377,11.562591246149683,2.0769079356827755
12496,quaemboizniluganic,12496,377,,
12497,essatetig,12497,377,5.074144254887071,0.6838267228820641
12498,furuqzibumehew,12498,377,,
12499,wawaseguadtimuj,12499,377,,
12500,itseidlaelextu,12500,354,,
12501,axdimodpevtiqdeken,12501,354,26.22479635638421,23.75829444277283
12502,itseidlaelextu,12502,354,,
12503,itseidlaelextu,12503,354,,
12504,itseidlaelextu,12504,354,,
12505,itseidlaelextu,12505,354,,
12506,itseidlaelextu,12506,354,,
12507,itseidlaelextu,12507,354,,
12508,itseidlaelextu,12508,354,,
12509,wudigpeqariquedorut,12509,354,23.75829444277283,4.8500793323321725
12510,itseidlaelextu,12510,354,,
12511,itseidlaelextu,12511,354,,
12512,itseidlaelextu,12512,354,,
12513,itseidlaelextu,12513,354,,
12514,itseidlaelextu,12514,354,,
12515,dirohwedlesdarla,12515,354,23.75829444277283,7.294733172870488
12516,quaemboizniluganic,12516,354,,
12517,essatetig,12517,354,15.278535153768653,3.603630621439261
12518,furuqzibumehew,12518,354,13.355242718176394,7.268521326786004
12519,wawaseguadtimuj,12519,354,,
12520,itseidlaelextu,12520,821,,
12521,axdimodpevtiqdeken,12521,821,23.75829444277282,11.667336888448812
12522,itseidlaelextu,12522,821,,
12523,itseidlaelextu,12523,821,,
12524,itseidlaelextu,12524,821,,
12525,itseidlaelextu,12525,821,,
12526,itseidlaelextu,12526,821,,
12527,itseidlaelextu,12527,821,,
12528,itseidlaelextu,12528,821,,
12529,wudigpeqariquedorut,12529,821,33.931973136383306,8.362589112085926
12530,itseidlaelextu,12530,821,,
12531,itseidlaelextu,12531,821,,
12532,itseidlaelextu,12532,821,,
12533,itseidlaelextu,12533,821,,
12534,itseidlaelextu,12534,821,,
12535,dirohwedlesdarla,12535,821,26.243933395870503,11.12054416838799
12536,quaemboizniluganic,12536,821,,
12537,essatetig,12537,821,32.67621326326512,7.369313936746454
12538,furuqzibumehew,12538,821,21.895283187386628,11.692960777110734
12539,wawaseguadtimuj,12539,821,,
12540,itseidlaelextu,12540,2089,,
12541,axdimodpevtiqdeken,12541,2089,,
12542,itseidlaelextu,12542,2089,,
12543,itseidlaelextu,12543,2089,,
12544,itseidlaelextu,12544,2089,,
12545,itseidlaelextu,12545,2089,,
12546,itseidlaelextu,12546,2089,,
12547,itseidlaelextu,12547,2089,,
12548,itseidlaelextu,12548,2089,,
12549,wudigpeqariquedorut,12549,2089,16.019811473793514,4.581473129353869
12550,itseidlaelextu,12550,2089,,
12551,itseidlaelextu,12551,2089,,
12552,itseidlaelextu,12552,2089,,
12553,itseidlaelextu,12553,2089,,
12554,itseidlaelextu,12554,2089,,
12555,dirohwedlesdarla,12555,2089,,
12556,quaemboizniluganic,12556,2089,,
12557,essatetig,12557,2089,5.092787393917207,0.6361081451806075
12558,furuqzibumehew,12558,2089,,
12559,wawaseguadtimuj,12559,2089,20.007426671160463,8.180420944067796
12560,itseidlaelextu,12560,43,,
12561,axdimodpevtiqdeken,12561,43,23.75829444277283,4.260204530260562
12562,itseidlaelextu,12562,43,,
12563,itseidlaelextu,12563,43,,
12564,itseidlaelextu,12564,43,,
12565,itseidlaelextu,12565,43,,
12566,itseidlaelextu,12566,43,,
12567,itseidlaelextu,12567,43,,
12568,itseidlaelextu,12568,43,,
12569,wudigpeqariquedorut,12569,43,13.583088108052204,3.86156532821946
12570,itseidlaelextu,12570,43,,
12571,itseidlaelextu,12571,43,,
12572,itseidlaelextu,12572,43,,
12573,itseidlaelextu,12573,43,,
12574,itseidlaelextu,12574,43,,
12575,dirohwedlesdarla,12575,43,14.238486108351438,4.523758058071861
12576,quaemboizniluganic,12576,43,,
12577,essatetig,12577,43,10.27558432172199,1.521912902096019
12578,furuqzibumehew,12578,43,8.624301737786942,4.156112700879263
12579,wawaseguadtimuj,12579,43,9.051977596265896,2.753816014445184
12580,immanlubtiud,12580,936,23.75829444277282,10.069606457362257
12581,yquasobdevgatlar,12581,936,17.83546531193423,8.658112997294998
12582,welberimitaehun,12582,936,29.6798403475414,12.694751384517868
12583,esvevarton,12583,936,22.8336451281891,7.426974752084407
12584,itfeernatewiq,12584,936,30.808052902875943,8.97699838918891
12585,tehsidetegenichurgew,12585,936,24.222276522356008,12.294439776833558
12586,immanlubtiud,12586,936,28.400513436616183,13.645367115342102
12587,dirohwedlesdarla,12587,936,26.21956999509415,8.441664767022841
12588,wawaseguadtimuj,12588,936,,
12589,ardoro,12589,936,15.233204158483606,5.974334545078914
12590,etgybanrogche,12590,936,26.207925243207463,8.14414944335624
12591,lijies,12591,936,17.713996484458846,4.46397008117472
12592,aknujiersetsekecneh,12592,936,30.58757066357668,10.2622305072382
12593,wawaseguadtimuj,12593,936,,
12594,lijies,12594,936,17.051555073635207,5.465377909691302
12595,cehbenalte,12595,936,32.4108362659247,8.445484614522657
12596,wawaseguadtimuj,12596,936,,
12597,cehbenalte,12597,936,26.98846299881954,12.24678706519816
12598,tarnegevnoq,12598,936,52.45635534952453,21.767639734339784
12599,wawaseguadtimuj,12599,936,,
12600,immanlubtiud,12600,810,16.201392181042696,4.173298629598352
12601,yquasobdevgatlar,12601,810,6.811516679214389,2.375189627902384
12602,welberimitaehun,12602,810,15.216747540813838,2.976907744055945
12603,esvevarton,12603,810,13.174091121752513,3.698333657700859
12604,itfeernatewiq,12604,810,13.115762652127096,2.68168008392055
12605,tehsidetegenichurgew,12605,810,20.246621164011312,1.7939553305275442
12606,immanlubtiud,12606,810,13.246714926042133,3.376354951684497
12607,dirohwedlesdarla,12607,810,13.14683124202134,2.932313662048886
12608,wawaseguadtimuj,12608,810,,
12609,ardoro,12609,810,17.983817867205364,3.4288447069199512
12610,etgybanrogche,12610,810,10.044205267009792,2.4916971336532368
12611,lijies,12611,810,11.273115407833648,2.390593094318732
12612,aknujiersetsekecneh,12612,810,12.722739911689954,3.295795481861963
12613,wawaseguadtimuj,12613,810,,
12614,lijies,12614,810,9.020090534277172,4.168282379437647
12615,cehbenalte,12615,810,12.480107905749968,4.027842582946747
12616,wawaseguadtimuj,12616,810,,
12617,cehbenalte,12617,810,13.794438742115188,3.635654148963587
12618,tarnegevnoq,12618,810,23.75829444277282,7.415410770700255
12619,wawaseguadtimuj,12619,810,,
12620,immanlubtiud,12620,1893,,
12621,yquasobdevgatlar,12621,1893,,
12622,welberimitaehun,12622,1893,11.612918481894384,3.007184132406009
12623,esvevarton,12623,1893,10.17322000949476,3.1405434430427985
12624,itfeernatewiq,12624,1893,11.1175738244939,3.117389776226462
12625,tehsidetegenichurgew,12625,1893,,
12626,immanlubtiud,12626,1893,12.735000917506666,3.478625330838173
12627,dirohwedlesdarla,12627,1893,10.86279869640212,2.787409213648709
12628,wawaseguadtimuj,12628,1893,,
12629,ardoro,12629,1893,10.669025406019012,4.334326182557841
12630,etgybanrogche,12630,1893,9.799091885775304,2.0708923621951514
12631,lijies,12631,1893,8.86969967678955,3.0543229486997467
12632,aknujiersetsekecneh,12632,1893,10.242131303352492,2.0846694668256296
12633,wawaseguadtimuj,12633,1893,,
12634,lijies,12634,1893,11.582338773548209,4.942029839709973
12635,cehbenalte,12635,1893,10.560073987511435,3.0833391480103014
12636,wawaseguadtimuj,12636,1893,,
12637,cehbenalte,12637,1893,8.800448884035587,2.648453025494809
12638,tarnegevnoq,12638,1893,17.01282590272571,4.823968337048386
12639,wawaseguadtimuj,12639,1893,,
12640,immanlubtiud,12640,931,15.3710349097151,6.306794458854444
12641,yquasobdevgatlar,12641,931,10.376845623784662,4.253875881160518
12642,welberimitaehun,12642,931,7.469813704508603,2.0219332926507723
12643,esvevarton,12643,931,,
12644,itfeernatewiq,12644,931,12.899359810746375,5.099557443110082
12645,tehsidetegenichurgew,12645,931,16.170808063209908,4.981208291289272
12646,immanlubtiud,12646,931,,
12647,dirohwedlesdarla,12647,931,13.580988292252272,4.89416192223703
12648,wawaseguadtimuj,12648,931,,
12649,ardoro,12649,931,8.756701064136081,2.045938171082857
12650,etgybanrogche,12650,931,,
12651,lijies,12651,931,,
12652,aknujiersetsekecneh,12652,931,5.890605866901279,2.6602035527208003
12653,wawaseguadtimuj,12653,931,12.147681424791555,5.188748222388622
12654,lijies,12654,931,,
12655,cehbenalte,12655,931,10.339198314399551,4.452855933084057
12656,wawaseguadtimuj,12656,931,14.761243098169473,4.97271235963641
12657,cehbenalte,12657,931,13.711379187881864,4.812711171022043
12658,tarnegevnoq,12658,931,23.75829444277282,8.097008516858507
12659,wawaseguadtimuj,12659,931,,
12660,intaokbere,12660,2146,11.80719988969241,3.089167408542883
12661,immanlubtiud,12661,2146,8.751594765043995,2.7906764226048884
12662,wawaseguadtimuj,12662,2146,7.934531166498928,2.7495742210091487
12663,ducira,12663,2146,9.394315632192455,1.5945276054560915
12664,nyvulamru,12664,2146,8.687906771778957,2.579077646739003
12665,zooloqsaflamsi,12665,2146,10.241860306610524,4.443311999558592
12666,nyvulamru,12666,2146,10.782402824593076,2.0478986712048552
12667,immanlubtiud,12667,2146,11.232052895187604,3.323244178545788
12668,lijies,12668,2146,8.393869251817215,2.9701226435797468
12669,zooloqsaflamsi,12669,2146,11.504306229754247,3.811849874762576
12670,odsenijis,12670,2146,13.560370279898311,2.735306891541008
12671,lijies,12671,2146,9.666822199068816,2.861229753454665
12672,zooloqsaflamsi,12672,2146,12.56189480127314,5.029499060938052
12673,enezeserasit,12673,2146,8.468864807015319,3.3118093259703376
12674,ovaftequaat,12674,2146,10.830701492296578,2.554941515366272
12675,itseidlaelextu,12675,2146,,
12676,odsenijis,12676,2146,30.52598610502032,15.940306702015032
12677,qelaebwaxvaces,12677,2146,49.39502429864197,23.7582944427728
12678,itseidlaelextu,12678,2146,,
12679,itseidlaelextu,12679,2146,,
12680,intaokbere,12680,1288,,
12681,immanlubtiud,12681,1288,,
12682,wawaseguadtimuj,12682,1288,,
12683,ducira,12683,1288,17.56290968506618,3.189999213161101
12684,nyvulamru,12684,1288,16.415012944910004,3.4599199507220795
12685,zooloqsaflamsi,12685,1288,,
12686,nyvulamru,12686,1288,16.71048951754595,5.150920490968515
12687,immanlubtiud,12687,1288,,
12688,lijies,12688,1288,18.242410416324883,3.635068546208175
12689,zooloqsaflamsi,12689,1288,,
12690,odsenijis,12690,1288,,
12691,lijies,12691,1288,16.096244484978584,2.908181051877885
12692,zooloqsaflamsi,12692,1288,18.88247782163169,6.912385290731624
12693,zooloqsaflamsi,12693,1288,,
12694,ovaftequaat,12694,1288,,
12695,itseidlaelextu,12695,1288,,
12696,odsenijis,12696,1288,,
12697,qelaebwaxvaces,12697,1288,158.8377698868028,52.002154876341145
12698,itseidlaelextu,12698,1288,,
12699,itseidlaelextu,12699,1288,,
12700,intaokbere,12700,1857,12.343890793723066,5.64477917787773
12701,immanlubtiud,12701,1857,,
12702,wawaseguadtimuj,12702,1857,,
12703,ducira,12703,1857,9.350883957219978,2.7596013938851263
12704,nyvulamru,12704,1857,7.181098128250989,3.256199997484828
12705,zooloqsaflamsi,12705,1857,11.029653568989737,6.309212330591566
12706,nyvulamru,12706,1857,9.499676711100916,3.22846480032794
12707,immanlubtiud,12707,1857,10.779105121210474,4.646504194565502
12708,lijies,12708,1857,9.84082873205774,3.784837839064373
12709,zooloqsaflamsi,12709,1857,14.031094196358843,6.9554299050240544
12710,odsenijis,12710,1857,,
12711,lijies,12711,1857,8.685075685384655,3.370588329274653
12712,zooloqsaflamsi,12712,1857,16.58972469776075,7.256009951581167
12713,enezeserasit,12713,1857,14.5368259674675,2.8426191353233903
12714,ovaftequaat,12714,1857,,
12715,itseidlaelextu,12715,1857,,
12716,odsenijis,12716,1857,18.76380126690529,6.234330730405651
12717,odsenijis,12717,1857,,
12718,itseidlaelextu,12718,1857,,
12719,itseidlaelextu,12719,1857,,
12720,qelaebwaxvaces,12720,900,6.482549348710927,2.5934439697548206
12721,odsenijis,12721,900,,
12722,itseidlaelextu,12722,900,,
12723,itseidlaelextu,12723,900,,
12724,itseidlaelextu,12724,900,,
12725,itseidlaelextu,12725,900,,
12726,odsenijis,12726,900,,
12727,gaquavoaqxetelsoer,12727,900,6.479310706255006,2.6058368335312947
12728,quozagchofuquuri,12728,900,,
12729,itseidlaelextu,12729,900,,
12730,tehsidetegenichurgew,12730,900,,
12731,itseidlaelextu,12731,900,,
12732,tehsidetegenichurgew,12732,900,6.601651001320044,1.426400979855319
12733,gaquavoaqxetelsoer,12733,900,7.350122982457022,2.2838017074109644
12734,dirohwedlesdarla,12734,900,8.811407488992495,2.7509621939504045
12735,qelaebwaxvaces,12735,900,6.560677291969056,2.508162608131328
12736,itseidlaelextu,12736,900,,
12737,qelaebwaxvaces,12737,900,6.798344893535485,2.527759745002628
12738,dirohwedlesdarla,12738,900,7.659756392531919,2.326443869553652
12739,qelaebwaxvaces,12739,900,8.599760934854013,2.9623020890969194
12740,qelaebwaxvaces,12740,755,13.96376366966144,4.465401443683545
12741,odsenijis,12741,755,,
12742,itseidlaelextu,12742,755,,
12743,itseidlaelextu,12743,755,,
12744,itseidlaelextu,12744,755,,
12745,itseidlaelextu,12745,755,,
12746,odsenijis,12746,755,,
12747,gaquavoaqxetelsoer,12747,755,,
12748,quozagchofuquuri,12748,755,,
12749,itseidlaelextu,12749,755,,
12750,tehsidetegenichurgew,12750,755,,
12751,itseidlaelextu,12751,755,,
12752,tehsidetegenichurgew,12752,755,16.944506370636336,6.254219680956604
12753,gaquavoaqxetelsoer,12753,755,,
12754,dirohwedlesdarla,12754,755,17.726980340211313,4.834777821220036
12755,qelaebwaxvaces,12755,755,9.65352350555958,4.235132251856914
12756,itseidlaelextu,12756,755,,
12757,qelaebwaxvaces,12757,755,12.09110469280141,5.580016151299151
12758,dirohwedlesdarla,12758,755,12.259639553614456,4.931219059846549
12759,qelaebwaxvaces,12759,755,13.960392846080005,6.812346478685838
12760,qelaebwaxvaces,12760,1087,19.364256118975543,6.714012169351926
12761,odsenijis,12761,1087,20.39563488212582,7.165378993148587
12762,itseidlaelextu,12762,1087,,
12763,itseidlaelextu,12763,1087,,
12764,itseidlaelextu,12764,1087,,
12765,itseidlaelextu,12765,1087,,
12766,odsenijis,12766,1087,16.533790928317032,4.362082255422768
12767,gaquavoaqxetelsoer,12767,1087,13.138899821397604,6.015888963747854
12768,quozagchofuquuri,12768,1087,,
12769,itseidlaelextu,12769,1087,,
12770,tehsidetegenichurgew,12770,1087,,
12771,itseidlaelextu,12771,1087,,
12772,tehsidetegenichurgew,12772,1087,18.011592449477547,4.695605647404766
12773,gaquavoaqxetelsoer,12773,1087,12.034767196763369,7.992376053887835
12774,dirohwedlesdarla,12774,1087,15.628192687112849,6.0471076672753465
12775,qelaebwaxvaces,12775,1087,13.437908529507224,7.331746271702267
12776,itseidlaelextu,12776,1087,,
12777,qelaebwaxvaces,12777,1087,10.631676185712926,5.827332218169588
12778,dirohwedlesdarla,12778,1087,16.60014636088558,6.179664045596643
12779,qelaebwaxvaces,12779,1087,13.803744372068335,7.231665131839976
12780,qelaebwaxvaces,12780,756,14.472438063636746,4.20070256739633
12781,odsenijis,12781,756,,
12782,itseidlaelextu,12782,756,,
12783,itseidlaelextu,12783,756,,
12784,itseidlaelextu,12784,756,,
12785,itseidlaelextu,12785,756,,
12786,odsenijis,12786,756,,
12787,gaquavoaqxetelsoer,12787,756,,
12788,quozagchofuquuri,12788,756,,
12789,itseidlaelextu,12789,756,,
12790,tehsidetegenichurgew,12790,756,,
12791,itseidlaelextu,12791,756,,
12792,tehsidetegenichurgew,12792,756,16.999101371292483,3.317684665334576
12793,gaquavoaqxetelsoer,12793,756,,
12794,dirohwedlesdarla,12794,756,14.043565120119858,3.325000552877032
12795,qelaebwaxvaces,12795,756,7.329433716343129,2.933902864184468
12796,itseidlaelextu,12796,756,,
12797,qelaebwaxvaces,12797,756,7.65935386233679,3.3056035912848367
12798,dirohwedlesdarla,12798,756,13.597537415708686,3.4723943531079984
12799,qelaebwaxvaces,12799,756,10.905232564923374,3.656412399129722
12800,qelaebwaxvaces,12800,2052,40.11695165004345,19.542905625733493
12801,odsenijis,12801,2052,,
12802,itseidlaelextu,12802,2052,,
12803,itseidlaelextu,12803,2052,,
12804,itseidlaelextu,12804,2052,,
12805,itseidlaelextu,12805,2052,,
12806,odsenijis,12806,2052,,
12807,gaquavoaqxetelsoer,12807,2052,47.88371607372975,21.360820888651595
12808,quozagchofuquuri,12808,2052,,
12809,itseidlaelextu,12809,2052,,
12810,tehsidetegenichurgew,12810,2052,,
12811,itseidlaelextu,12811,2052,,
12812,tehsidetegenichurgew,12812,2052,41.09869364563833,17.963455422488426
12813,gaquavoaqxetelsoer,12813,2052,38.747034394866574,23.75829444277282
12814,dirohwedlesdarla,12814,2052,39.09009534132528,22.327216508858367
12815,qelaebwaxvaces,12815,2052,34.28190609057861,20.56448332507789
12816,itseidlaelextu,12816,2052,,
12817,qelaebwaxvaces,12817,2052,34.59695254008451,19.85928410180702
12818,dirohwedlesdarla,12818,2052,43.96597332259308,22.71944013713963
12819,qelaebwaxvaces,12819,2052,23.75829444277282,11.743365727137538
12820,caqusoirug,12820,796,23.758294442772844,23.7582944427728
12821,gaquavoaqxetelsoer,12821,796,12.882396641236651,4.924172616679092
12822,tehsidetegenichurgew,12822,796,15.626363807643813,3.2621827537839967
12823,zooloqsaflamsi,12823,796,10.490422756518942,2.829259528238014
12824,gaquavoaqxetelsoer,12824,796,13.476869224238742,4.266248487917956
12825,gaquavoaqxetelsoer,12825,796,15.061437152101057,6.415893123541691
12826,tehsidetegenichurgew,12826,796,20.416968334452687,3.1260650188977688
12827,dirohwedlesdarla,12827,796,16.674934595539227,3.5559526341591963
12828,wawaseguadtimuj,12828,796,11.595711737788244,4.7946297317645605
12829,esvevarton,12829,796,16.674934595539217,3.061237101147439
12830,essatetig,12830,796,13.45466497900791,1.7435281652163983
12831,tehsidetegenichurgew,12831,796,18.21218114919135,2.988724974759844
12832,wawaseguadtimuj,12832,796,14.495508599414269,3.8355440943344816
12833,ardoro,12833,796,17.420091891194435,3.333169631505157
12834,tehsidetegenichurgew,12834,796,20.90706618693689,2.956621734694401
12835,ovaftequaat,12835,796,16.19564802877328,5.580734636464902
12836,itseidlaelextu,12836,796,,
12837,lijies,12837,796,19.859284101805702,3.780471288034352
12838,itseidlaelextu,12838,796,,
12839,itseidlaelextu,12839,796,,
12840,caqusoirug,12840,1146,23.75829444277282,23.758294442772776
12841,gaquavoaqxetelsoer,12841,1146,19.09795272715607,11.469946843802257
12842,tehsidetegenichurgew,12842,1146,15.282697780092423,3.578819544920383
12843,zooloqsaflamsi,12843,1146,14.54316836603074,5.374070914746995
12844,gaquavoaqxetelsoer,12844,1146,,
12845,gaquavoaqxetelsoer,12845,1146,,
12846,tehsidetegenichurgew,12846,1146,17.243176257390093,4.906968544852961
12847,dirohwedlesdarla,12847,1146,11.815482630166477,3.412148655911281
12848,wawaseguadtimuj,12848,1146,19.789743418457014,9.47671140952339
12849,esvevarton,12849,1146,14.907744996522826,5.141791288031484
12850,essatetig,12850,1146,20.29804178888671,2.918134779950888
12851,tehsidetegenichurgew,12851,1146,15.62130499653563,4.550954840036734
12852,wawaseguadtimuj,12852,1146,15.907290973797082,8.6032302682445
12853,ardoro,12853,1146,14.325560075136892,6.962802528850616
12854,tehsidetegenichurgew,12854,1146,,
12855,ovaftequaat,12855,1146,15.78015842196161,7.148598463290016
12856,itseidlaelextu,12856,1146,,
12857,lijies,12857,1146,17.654985691316902,4.568069473043114
12858,itseidlaelextu,12858,1146,,
12859,itseidlaelextu,12859,1146,,
12860,caqusoirug,12860,259,,
12861,gaquavoaqxetelsoer,12861,259,,
12862,tehsidetegenichurgew,12862,259,17.992407518432266,8.36721632701431
12863,zooloqsaflamsi,12863,259,23.3003692980684,9.308890653640503
12864,gaquavoaqxetelsoer,12864,259,,
12865,gaquavoaqxetelsoer,12865,259,,
12866,tehsidetegenichurgew,12866,259,16.095369481866335,7.43704978466656
12867,dirohwedlesdarla,12867,259,29.631471892937995,10.59559955080827
12868,wawaseguadtimuj,12868,259,,
12869,esvevarton,12869,259,31.6604941223678,16.94146193545965
12870,essatetig,12870,259,28.97820762382889,8.000821745481995
12871,tehsidetegenichurgew,12871,259,17.94515854005472,7.043679449598746
12872,wawaseguadtimuj,12872,259,,
12873,ardoro,12873,259,32.22062703839403,12.370351674057051
12874,tehsidetegenichurgew,12874,259,23.201006732999733,7.573098245188761
12875,ovaftequaat,12875,259,27.836519589972955,12.916007785324206
12876,itseidlaelextu,12876,259,,
12877,lijies,12877,259,25.75399117596577,5.266767063618936
12878,itseidlaelextu,12878,259,,
12879,itseidlaelextu,12879,259,,
12880,caqusoirug,12880,1334,23.75829444277282,23.75829444277282
12881,gaquavoaqxetelsoer,12881,1334,56.301756697049214,33.67839731090076
12882,tehsidetegenichurgew,12882,1334,48.92979766597236,33.45990982091627
12883,zooloqsaflamsi,12883,1334,,
12884,gaquavoaqxetelsoer,12884,1334,59.75829240589069,37.2693624912978
12885,gaquavoaqxetelsoer,12885,1334,70.88067790251785,38.88352810930511
12886,tehsidetegenichurgew,12886,1334,59.43060391301421,37.88182894712469
12887,dirohwedlesdarla,12887,1334,60.31081559272108,31.385565325951514
12888,wawaseguadtimuj,12888,1334,53.51699027319971,28.55663481152781
12889,esvevarton,12889,1334,,
12890,essatetig,12890,1334,77.81878167500474,26.10548715613374
12891,tehsidetegenichurgew,12891,1334,54.40978808467193,37.17655629826508
12892,wawaseguadtimuj,12892,1334,48.83185157526904,27.778638390485774
12893,ardoro,12893,1334,31.78152279119332,18.6563657867518
12894,tehsidetegenichurgew,12894,1334,54.40931181571492,39.84495748383581
12895,ovaftequaat,12895,1334,,
12896,itseidlaelextu,12896,1334,,
12897,lijies,12897,1334,53.11776105547772,22.22154002421667
12898,itseidlaelextu,12898,1334,,
12899,itseidlaelextu,12899,1334,,
12900,caqusoirug,12900,1493,23.75829444277282,23.7582944427728
12901,gaquavoaqxetelsoer,12901,1493,,
12902,tehsidetegenichurgew,12902,1493,,
12903,zooloqsaflamsi,12903,1493,28.84476443418496,14.643710476226303
12904,gaquavoaqxetelsoer,12904,1493,,
12905,gaquavoaqxetelsoer,12905,1493,,
12906,tehsidetegenichurgew,12906,1493,29.731339983406677,13.833058474159134
12907,dirohwedlesdarla,12907,1493,39.11236527646808,16.337601151253452
12908,wawaseguadtimuj,12908,1493,,
12909,esvevarton,12909,1493,33.18759549097994,11.149979825006922
12910,essatetig,12910,1493,42.06891245893665,11.997432283616774
12911,tehsidetegenichurgew,12911,1493,30.246915873153448,16.254036919439486
12912,wawaseguadtimuj,12912,1493,,
12913,ardoro,12913,1493,24.86688251166249,8.85960913278063
12914,tehsidetegenichurgew,12914,1493,26.766311901385684,12.909157216378809
12915,ovaftequaat,12915,1493,40.36150689300575,17.28278761683159
12916,itseidlaelextu,12916,1493,,
12917,lijies,12917,1493,35.541570521952025,11.913154244784929
12918,itseidlaelextu,12918,1493,,
12919,itseidlaelextu,12919,1493,,
12920,itseidlaelextu,12920,1168,,
12921,itseidlaelextu,12921,1168,,
12922,itseidlaelextu,12922,1168,,
12923,itseidlaelextu,12923,1168,,
12924,odsenijis,12924,1168,,
12925,ottowyc,12925,1168,8.893668977794862,2.3907466277945706
12926,itseidlaelextu,12926,1168,,
12927,itseidlaelextu,12927,1168,,
12928,zooloqsaflamsi,12928,1168,11.294454065785697,4.099913629388848
12929,itseidlaelextu,12929,1168,,
12930,itseidlaelextu,12930,1168,,
12931,itseidlaelextu,12931,1168,,
12932,itseidlaelextu,12932,1168,,
12933,itseidlaelextu,12933,1168,,
12934,itseidlaelextu,12934,1168,,
12935,wawaseguadtimuj,12935,1168,8.201267472834132,2.666157511833064
12936,ovaftequaat,12936,1168,,
12937,lijies,12937,1168,8.790320991282236,1.9748680594092456
12938,ovaftequaat,12938,1168,,
12939,zooloqsaflamsi,12939,1168,9.951224683306286,3.089808264271686
12940,itseidlaelextu,12940,1359,,
12941,itseidlaelextu,12941,1359,,
12942,itseidlaelextu,12942,1359,,
12943,itseidlaelextu,12943,1359,,
12944,odsenijis,12944,1359,14.806925202969868,4.143978142644857
12945,ottowyc,12945,1359,15.273518168908527,4.201785640377242
12946,itseidlaelextu,12946,1359,,
12947,itseidlaelextu,12947,1359,,
12948,zooloqsaflamsi,12948,1359,11.5371835271541,5.344605648758205
12949,itseidlaelextu,12949,1359,,
12950,itseidlaelextu,12950,1359,,
12951,itseidlaelextu,12951,1359,,
12952,itseidlaelextu,12952,1359,,
12953,itseidlaelextu,12953,1359,,
12954,itseidlaelextu,12954,1359,,
12955,wawaseguadtimuj,12955,1359,10.884398581888355,4.458819854202104
12956,ovaftequaat,12956,1359,14.03134366101968,5.215897636678097
12957,lijies,12957,1359,11.261446528047108,3.1914392938214893
12958,ovaftequaat,12958,1359,12.52127958263926,3.414815371944595
12959,zooloqsaflamsi,12959,1359,10.72937211070396,4.132021144778793
12960,itseidlaelextu,12960,2065,,
12961,itseidlaelextu,12961,2065,,
12962,itseidlaelextu,12962,2065,,
12963,itseidlaelextu,12963,2065,,
12964,odsenijis,12964,2065,,
12965,ottowyc,12965,2065,,
12966,itseidlaelextu,12966,2065,,
12967,itseidlaelextu,12967,2065,,
12968,zooloqsaflamsi,12968,2065,,
12969,itseidlaelextu,12969,2065,,
12970,itseidlaelextu,12970,2065,,
12971,itseidlaelextu,12971,2065,,
12972,itseidlaelextu,12972,2065,,
12973,itseidlaelextu,12973,2065,,
12974,itseidlaelextu,12974,2065,,
12975,wawaseguadtimuj,12975,2065,,
12976,ovaftequaat,12976,2065,,
12977,lijies,12977,2065,,
12978,ovaftequaat,12978,2065,,
12979,zooloqsaflamsi,12979,2065,,
12980,itseidlaelextu,12980,324,,
12981,itseidlaelextu,12981,324,,
12982,itseidlaelextu,12982,324,,
12983,itseidlaelextu,12983,324,,
12984,odsenijis,12984,324,,
12985,ottowyc,12985,324,18.90987363425388,6.6595319993087445
12986,itseidlaelextu,12986,324,,
12987,itseidlaelextu,12987,324,,
12988,zooloqsaflamsi,12988,324,20.499411487924288,6.142576008543155
12989,itseidlaelextu,12989,324,,
12990,itseidlaelextu,12990,324,,
12991,itseidlaelextu,12991,324,,
12992,itseidlaelextu,12992,324,,
12993,itseidlaelextu,12993,324,,
12994,itseidlaelextu,12994,324,,
12995,wawaseguadtimuj,12995,324,,
12996,ovaftequaat,12996,324,23.75829444277283,8.131736717922932
12997,lijies,12997,324,20.45201545932638,5.500189585911023
12998,ovaftequaat,12998,324,20.93199543718776,5.120273591407506
12999,zooloqsaflamsi,12999,324,14.247474837761922,6.668146595881396
13000,nyvulamru,13000,2021,18.90119209563556,5.96072427289633
13001,quynebif,13001,2021,17.135371944709135,8.438528014693267
13002,quozagchofuquuri,13002,2021,,
13003,wawaseguadtimuj,13003,2021,15.173526794990975,6.530601829604697
13004,zooloqsaflamsi,13004,2021,16.081973067355534,6.644766544442658
13005,ducira,13005,2021,17.57815753941455,3.993781754315956
13006,zooloqsaflamsi,13006,2021,23.75829444277282,7.385687792310261
13007,essatetig,13007,2021,18.273944425002608,5.747548028411868
13008,quozagchofuquuri,13008,2021,,
13009,wawaseguadtimuj,13009,2021,16.180161546751783,5.766738346475198
13010,quozagchofuquuri,13010,2021,,
13011,essatetig,13011,2021,17.49042652068332,4.080804072890982
13012,zooloqsaflamsi,13012,2021,13.783891235024583,6.396645893104664
13013,ottowyc,13013,2021,15.437609196282516,7.262479220482473
13014,essatetig,13014,2021,17.51596000368012,4.928240820642245
13015,essatetig,13015,2021,18.27394442500477,5.289881730870311
13016,tayteg,13016,2021,,
13017,tayteg,13017,2021,,
13018,tayteg,13018,2021,,
13019,apicog,13019,2021,16.440348285576587,6.738824804661871
13020,nyvulamru,13020,1569,30.82663124639026,12.18124673835082
13021,quynebif,13021,1569,30.017565983404957,14.055786398135693
13022,quozagchofuquuri,13022,1569,,
13023,wawaseguadtimuj,13023,1569,,
13024,zooloqsaflamsi,13024,1569,23.571214483010085,13.405579948128116
13025,ducira,13025,1569,28.48486251088859,11.17340974390777
13026,zooloqsaflamsi,13026,1569,29.92870041188253,12.418346406969327
13027,essatetig,13027,1569,30.1829888249648,9.86958114845538
13028,quozagchofuquuri,13028,1569,,
13029,wawaseguadtimuj,13029,1569,,
13030,quozagchofuquuri,13030,1569,,
13031,essatetig,13031,1569,30.05111320568236,9.16044486051469
13032,zooloqsaflamsi,13032,1569,19.40887327487355,11.4844741269211
13033,ottowyc,13033,1569,31.08577112853086,14.602869624953524
13034,essatetig,13034,1569,30.03194795305344,9.19607684545784
13035,essatetig,13035,1569,29.08233018707757,9.6835903334734
13036,tayteg,13036,1569,23.75829444277282,23.75829444277282
13037,tayteg,13037,1569,23.75829444277282,23.7582944427728
13038,tayteg,13038,1569,23.75829444277282,23.75829444277282
13039,apicog,13039,1569,30.495786233332023,13.617661608716825
13040,nyvulamru,13040,765,8.072798987387896,1.6165954464273824
13041,quynebif,13041,765,10.6532249359831,2.485411201431487
13042,quozagchofuquuri,13042,765,11.608213221383448,1.28055576447474
13043,wawaseguadtimuj,13043,765,9.51176269584427,2.579077646743475
13044,zooloqsaflamsi,13044,765,10.182345445897308,2.647590113732752
13045,ducira,13045,765,10.81359245991765,0.7566454736287824
13046,zooloqsaflamsi,13046,765,12.232763594587468,3.066638717747487
13047,essatetig,13047,765,6.8560750650844815,1.285190809546612
13048,quozagchofuquuri,13048,765,,
13049,wawaseguadtimuj,13049,765,9.410116829313557,3.133289453598412
13050,quozagchofuquuri,13050,765,,
13051,essatetig,13051,765,8.7241645108584,0.561314432369082
13052,zooloqsaflamsi,13052,765,4.973643566695501,1.807418244206432
13053,ottowyc,13053,765,8.752458700477007,2.3596856134813144
13054,essatetig,13054,765,8.612035815690799,0.6654371126474238
13055,essatetig,13055,765,8.300028958082054,0.8537038429843937
13056,tayteg,13056,765,,
13057,tayteg,13057,765,,
13058,tayteg,13058,765,,
13059,apicog,13059,765,6.920108497082213,1.5524801940946444
13060,nyvulamru,13060,168,15.19464260076113,5.5181782619661695
13061,quynebif,13061,168,,
13062,quozagchofuquuri,13062,168,17.277968718072355,4.410616411873849
13063,wawaseguadtimuj,13063,168,39.46407590143931,20.634328913241667
13064,zooloqsaflamsi,13064,168,,
13065,ducira,13065,168,18.33565975978502,5.783415809058
13066,zooloqsaflamsi,13066,168,23.75829444277282,11.71861934722238
13067,essatetig,13067,168,14.91739714714104,4.34063986824985
13068,quozagchofuquuri,13068,168,16.572097987596774,4.083555461969625
13069,wawaseguadtimuj,13069,168,,
13070,quozagchofuquuri,13070,168,15.92543337014108,4.571683827537487
13071,essatetig,13071,168,22.161943671028187,3.996188026956157
13072,zooloqsaflamsi,13072,168,,
13073,ottowyc,13073,168,17.12152014859128,7.687881131277404
13074,essatetig,13074,168,18.32715540712008,4.690506300354937
13075,essatetig,13075,168,23.27945690491209,5.064949137002778
13076,tayteg,13076,168,,
13077,tayteg,13077,168,,
13078,tayteg,13078,168,,
13079,apicog,13079,168,17.881339415539582,7.697668101383591
13080,ovaftequaat,13080,1810,22.024358000150784,9.451178220085854
13081,ardoro,13081,1810,19.65891498540656,7.858172940908523
13082,tayteg,13082,1810,,
13083,etgybanrogche,13083,1810,19.181487939801308,8.13609357646844
13084,tayteg,13084,1810,,
13085,essatetig,13085,1810,21.461659313273103,6.444548132727346
13086,apicog,13086,1810,23.75829444277282,9.751283230258847
13087,essatetig,13087,1810,19.60886543205263,7.14853684852101
13088,esiltohrabetsaticmo,13088,1810,20.975399236985,9.386045430686467
13089,fireolalixfetnerat,13089,1810,19.99749241686795,7.33922741767377
13090,apicog,13090,1810,20.098647580804684,10.750358641197524
13091,essatetig,13091,1810,21.90677007400276,7.795543656263419
13092,etgybanrogche,13092,1810,21.89082658177164,7.257798035502272
13093,hoobisquoreocpow,13093,1810,20.39563488220411,6.494384523098424
13094,ducira,13094,1810,19.023814667035595,7.252247203000389
13095,fireolalixfetnerat,13095,1810,21.683138801674687,7.696111157686491
13096,apicog,13096,1810,24.500469866659007,11.0771486480222
13097,dirohwedlesdarla,13097,1810,18.954790261941906,10.122416790478148
13098,essatetig,13098,1810,19.5379063681109,7.182365620166436
13099,etgybanrogche,13099,1810,22.65197141727818,8.252799284566729
13100,ovaftequaat,13100,1150,23.410550127150785,10.576113087251397
13101,ardoro,13101,1150,18.34173877714258,5.680821103272515
13102,tayteg,13102,1150,,
13103,etgybanrogche,13103,1150,16.96683048119243,5.134832592218818
13104,tayteg,13104,1150,,
13105,essatetig,13105,1150,14.329456807554743,3.7450812040668726
13106,apicog,13106,1150,14.251428403877398,5.079523321753573
13107,essatetig,13107,1150,23.30260085896772,5.162494152237203
13108,esiltohrabetsaticmo,13108,1150,27.63545470700536,13.589939404314103
13109,fireolalixfetnerat,13109,1150,18.47094280749185,8.072264389723173
13110,apicog,13110,1150,14.567894666783676,5.442118356632257
13111,essatetig,13111,1150,17.575316966800738,2.742275837597377
13112,etgybanrogche,13112,1150,12.340877913272836,3.113262114317738
13113,hoobisquoreocpow,13113,1150,26.018407823886992,7.976262569611705
13114,ducira,13114,1150,24.225456712743757,5.329183890985987
13115,fireolalixfetnerat,13115,1150,20.450128340218505,7.051897572412119
13116,apicog,13116,1150,12.830287279534682,5.923885478105208
13117,dirohwedlesdarla,13117,1150,18.08438787630911,7.2221675884443775
13118,essatetig,13118,1150,22.31242593992681,4.241190252436505
13119,etgybanrogche,13119,1150,22.620250977416696,6.657697313033816
13120,ducira,13120,662,33.96290458137687,10.673139070159284
13121,hagigiqumisig,13121,662,38.991736434789765,11.141915004950242
13122,vanquewe,13122,662,82.93139802366059,48.6301257324476
13123,fireolalixfetnerat,13123,662,34.21738066955649,10.602972943891444
13124,dirohwedlesdarla,13124,662,37.2958032839196,12.803293054145902
13125,essatetig,13125,662,24.704225086783424,8.591570786158186
13126,itseidlaelextu,13126,662,,
13127,ducira,13127,662,33.642260690777256,11.498075666798114
13128,ditlietan,13128,662,30.16605472032803,12.050354550166569
13129,cogarviemasgu,13129,662,40.47538147592939,13.888758178115506
13130,ducira,13130,662,35.436333071549065,10.04871927212082
13131,guharom,13131,662,,
13132,nyvulamru,13132,662,30.45079724701634,13.036630507454824
13133,ducira,13133,662,34.09968866705392,10.993268886121982
13134,nyvulamru,13134,662,24.21249386314385,14.39150207595116
13135,ducira,13135,662,36.5470579943327,10.268521799021563
13136,nyvulamru,13136,662,25.765166698832868,11.84992699109199
13137,ducira,13137,662,33.62952517337752,10.043622152440758
13138,bawoopyt,13138,662,36.68119081240228,12.02283866157386
13139,furuqzibumehew,13139,662,23.758294442772787,13.576460594544365
13140,ducira,13140,1182,12.040853867763555,1.7465755647004506
13141,hagigiqumisig,13141,1182,12.869574418436878,3.4782225743595285
13142,vanquewe,13142,1182,,
13143,fireolalixfetnerat,13143,1182,13.030484086121694,2.654664069406661
13144,dirohwedlesdarla,13144,1182,14.99418163716961,2.8364924325318523
13145,essatetig,13145,1182,14.165101611763973,2.234245071116807
13146,itseidlaelextu,13146,1182,,
13147,ducira,13147,1182,12.965312733321175,1.6282892413494
13148,ditlietan,13148,1182,12.664511819298928,3.000223544180078
13149,cogarviemasgu,13149,1182,15.485520443738892,3.82066667048864
13150,ducira,13150,1182,11.619833407436596,1.835742986311261
13151,guharom,13151,1182,15.341466541731354,2.31750188856177
13152,nyvulamru,13152,1182,13.67917745406088,2.43112147552946
13153,ducira,13153,1182,13.53930766217657,1.9821179579214725
13154,nyvulamru,13154,1182,12.761963843330296,2.6566558101081217
13155,ducira,13155,1182,12.711184379119876,1.7644539609617087
13156,nyvulamru,13156,1182,13.573545159321478,2.409587108528923
13157,ducira,13157,1182,14.91898219197458,1.6366590984229223
13158,bawoopyt,13158,1182,13.743911056646011,2.972699481650193
13159,furuqzibumehew,13159,1182,8.352057261467584,4.412563310945903
13160,ducira,13160,149,19.416437522519367,4.809477518923619
13161,hagigiqumisig,13161,149,23.75829444277283,5.998462796360545
13162,vanquewe,13162,149,,
13163,fireolalixfetnerat,13163,149,21.13965555160063,5.730545070090851
13164,dirohwedlesdarla,13164,149,18.91447721648184,7.5609425760686815
13165,essatetig,13165,149,17.835465311934247,5.50240469788778
13166,itseidlaelextu,13166,149,,
13167,ducira,13167,149,17.614610426743194,4.845186498338011
13168,ditlietan,13168,149,19.75579556569358,7.405525240397322
13169,cogarviemasgu,13169,149,26.65113774714628,7.938184829992857
13170,ducira,13170,149,18.354868938407023,4.052143713373117
13171,guharom,13171,149,,
13172,nyvulamru,13172,149,16.49049111028906,5.890877032485695
13173,ducira,13173,149,19.72002029412597,4.088113643012789
13174,nyvulamru,13174,149,19.50585531827939,6.071511113345768
13175,ducira,13175,149,18.32303732565173,3.824281806053578
13176,nyvulamru,13176,149,18.028113190288305,6.015888963781464
13177,ducira,13177,149,19.014575778008915,3.786756306063697
13178,bawoopyt,13178,149,23.73075588858659,9.14160186379798
13179,furuqzibumehew,13179,149,16.387848725133104,6.811247242042899
13180,nyvulamru,13180,1951,,
13181,nyvulamru,13181,1951,,
13182,naimdamisradxivbat,13182,1951,,
13183,tiderreebgawtaochri,13183,1951,17.86933906208658,6.263779075354069
13184,tinyredcuud,13184,1951,23.75829444277282,23.75829444277282
13185,erlaseteuwojnayt,13185,1951,,
13186,odsenijis,13186,1951,,
13187,ynergeifpeh,13187,1951,,
13188,xivyxgic,13188,1951,,
13189,tayteg,13189,1951,,
13190,tayteg,13190,1951,,
13191,tayteg,13191,1951,,
13192,tayteg,13192,1951,,
13193,tayteg,13193,1951,,
13194,tayteg,13194,1951,,
13195,tayteg,13195,1951,,
13196,tayteg,13196,1951,,
13197,tayteg,13197,1951,,
13198,tayteg,13198,1951,,
13199,tayteg,13199,1951,,
13200,nyvulamru,13200,1437,24.194672661982345,13.477392133687696
13201,nyvulamru,13201,1437,24.14436672746786,12.979140507983352
13202,naimdamisradxivbat,13202,1437,27.14709031862792,13.345097479328505
13203,tiderreebgawtaochri,13203,1437,32.11964478773336,13.412478827080555
13204,tinyredcuud,13204,1437,23.75829444277283,23.7582944427728
13205,erlaseteuwojnayt,13205,1437,,
13206,odsenijis,13206,1437,32.85839690634141,12.880721190655985
13207,ynergeifpeh,13207,1437,,
13208,xivyxgic,13208,1437,28.506108738492493,15.12842315681913
13209,tayteg,13209,1437,,
13210,tayteg,13210,1437,,
13211,tayteg,13211,1437,,
13212,tayteg,13212,1437,,
13213,tayteg,13213,1437,,
13214,tayteg,13214,1437,,
13215,tayteg,13215,1437,,
13216,tayteg,13216,1437,,
13217,tayteg,13217,1437,,
13218,tayteg,13218,1437,,
13219,tayteg,13219,1437,,
13220,nyvulamru,13220,1234,22.17512316729576,9.36848369680814
13221,nyvulamru,13221,1234,19.508282354435348,8.992336406494065
13222,naimdamisradxivbat,13222,1234,,
13223,tiderreebgawtaochri,13223,1234,25.053399870084043,7.795259241328893
13224,tinyredcuud,13224,1234,23.75829444277282,23.7582944427728
13225,erlaseteuwojnayt,13225,1234,23.75829444277283,23.75829444277282
13226,odsenijis,13226,1234,,
13227,ynergeifpeh,13227,1234,,
13228,xivyxgic,13228,1234,22.39101865877634,11.419217730078245
13229,tayteg,13229,1234,,
13230,tayteg,13230,1234,,
13231,tayteg,13231,1234,,
13232,tayteg,13232,1234,,
13233,tayteg,13233,1234,,
13234,tayteg,13234,1234,,
13235,tayteg,13235,1234,,
13236,tayteg,13236,1234,,
13237,tayteg,13237,1234,,
13238,tayteg,13238,1234,,
13239,tayteg,13239,1234,,
13240,tayteg,13240,360,23.758294442772826,23.7582944427728
13241,tayteg,13241,360,,
13242,tayteg,13242,360,,
13243,tayteg,13243,360,,
13244,tayteg,13244,360,,
13245,ovaftequaat,13245,360,30.065479127940733,13.212417158783884
13246,ovaftequaat,13246,360,23.63220090959135,12.199162228039707
13247,tayteg,13247,360,,
13248,kytogachsesitesef,13248,360,,
13249,wawaseguadtimuj,13249,360,20.925117830472143,10.926456814931695
13250,hoobisquoreocpow,13250,360,23.75829444277283,5.961955700331043
13251,itseidlaelextu,13251,360,,
13252,itseidlaelextu,13252,360,,
13253,itseidlaelextu,13253,360,,
13254,itseidlaelextu,13254,360,,
13255,itseidlaelextu,13255,360,,
13256,itseidlaelextu,13256,360,,
13257,itseidlaelextu,13257,360,,
13258,itseidlaelextu,13258,360,,
13259,itseidlaelextu,13259,360,,
13260,tayteg,13260,492,,
13261,tayteg,13261,492,,
13262,tayteg,13262,492,,
13263,tayteg,13263,492,,
13264,tayteg,13264,492,,
13265,ovaftequaat,13265,492,14.80152022915479,2.786464396318906
13266,ovaftequaat,13266,492,,
13267,tayteg,13267,492,,
13268,kytogachsesitesef,13268,492,13.950078553632284,6.425862655723635
13269,wawaseguadtimuj,13269,492,5.977179759565513,2.2770737881986896
13270,hoobisquoreocpow,13270,492,10.572607264327225,1.953790636823998
13271,itseidlaelextu,13271,492,,
13272,itseidlaelextu,13272,492,,
13273,itseidlaelextu,13273,492,,
13274,itseidlaelextu,13274,492,,
13275,itseidlaelextu,13275,492,,
13276,itseidlaelextu,13276,492,,
13277,itseidlaelextu,13277,492,,
13278,itseidlaelextu,13278,492,,
13279,itseidlaelextu,13279,492,,
13280,tayteg,13280,832,,
13281,tayteg,13281,832,,
13282,tayteg,13282,832,,
13283,tayteg,13283,832,,
13284,tayteg,13284,832,,
13285,ovaftequaat,13285,832,23.75829444277282,6.066015909218933
13286,ovaftequaat,13286,832,,
13287,tayteg,13287,832,,
13288,kytogachsesitesef,13288,832,,
13289,wawaseguadtimuj,13289,832,,
13290,hoobisquoreocpow,13290,832,23.75829444277281,4.06972580223723
13291,itseidlaelextu,13291,832,,
13292,itseidlaelextu,13292,832,,
13293,itseidlaelextu,13293,832,,
13294,itseidlaelextu,13294,832,,
13295,itseidlaelextu,13295,832,,
13296,itseidlaelextu,13296,832,,
13297,itseidlaelextu,13297,832,,
13298,itseidlaelextu,13298,832,,
13299,itseidlaelextu,13299,832,,
13300,itseidlaelextu,13300,1029,,
13301,itseidlaelextu,13301,1029,,
13302,itseidlaelextu,13302,1029,,
13303,itseidlaelextu,13303,1029,,
13304,itseidlaelextu,13304,1029,,
13305,itseidlaelextu,13305,1029,,
13306,wawaseguadtimuj,13306,1029,20.46643666429641,8.943877497482337
13307,hettide,13307,1029,24.573384884399417,9.431368633746574
13308,etotric,13308,1029,41.49123770434067,10.306706412961844
13309,itseidlaelextu,13309,1029,,
13310,itseidlaelextu,13310,1029,,
13311,itseidlaelextu,13311,1029,,
13312,esiltohrabetsaticmo,13312,1029,22.573740955141407,12.314147959965164
13313,furuqzibumehew,13313,1029,20.799772011448987,10.969103350321529
13314,wawaseguadtimuj,13314,1029,20.29996933664036,11.559149637716684
13315,intaokbere,13315,1029,23.339891100794567,9.488152971975136
13316,hettide,13316,1029,38.15862505702202,11.997432283616774
13317,wawaseguadtimuj,13317,1029,20.467017722125675,10.594026708224286
13318,wawaseguadtimuj,13318,1029,22.7703381202482,11.251370686279817
13319,qelaebwaxvaces,13319,1029,21.913200753986235,10.684147123053544
13320,caatunle,13320,1559,40.99048551303094,23.097707705984156
13321,wawaseguadtimuj,13321,1559,,
13322,qelaebwaxvaces,13322,1559,41.523752880294566,16.68549698756522
13323,gifafuinpyt,13323,1559,23.75829444277283,23.75829444277282
13324,wawaseguadtimuj,13324,1559,,
13325,gifafuinpyt,13325,1559,,
13326,gifafuinpyt,13326,1559,23.75829444277284,23.75829444277282
13327,tehsidetegenichurgew,13327,1559,29.3722261167356,18.243537927112413
13328,ottowyc,13328,1559,35.826272062153286,20.964973998918595
13329,gifafuinpyt,13329,1559,23.75829444277282,23.75829444277281
13330,gifafuinpyt,13330,1559,,
13331,gifafuinpyt,13331,1559,,
13332,gifafuinpyt,13332,1559,,
13333,wawaseguadtimuj,13333,1559,36.092136978445794,15.032739563993898
13334,gifafuinpyt,13334,1559,,
13335,gifafuinpyt,13335,1559,23.75829444277283,23.75829444277282
13336,selcholemusowitirqua,13336,1559,46.48180720145592,18.939053387947894
13337,gifafuinpyt,13337,1559,23.75829444277282,23.75829444277282
13338,issoqovomisnaad,13338,1559,42.390172839932326,19.84760741447604
13339,wawaseguadtimuj,13339,1559,,
13340,caatunle,13340,507,12.089059613071855,4.65806344843622
13341,wawaseguadtimuj,13341,507,,
13342,qelaebwaxvaces,13342,507,,
13343,gifafuinpyt,13343,507,23.75829444277282,23.75829444277282
13344,wawaseguadtimuj,13344,507,,
13345,gifafuinpyt,13345,507,23.758294442772826,23.75829444277282
13346,gifafuinpyt,13346,507,,
13347,tehsidetegenichurgew,13347,507,,
13348,ottowyc,13348,507,,
13349,gifafuinpyt,13349,507,23.75829444277283,23.758294442772826
13350,gifafuinpyt,13350,507,23.75829444277282,23.75829444277282
13351,gifafuinpyt,13351,507,23.75829444277283,23.75829444277281
13352,gifafuinpyt,13352,507,23.75829444277283,23.75829444277282
13353,wawaseguadtimuj,13353,507,,
13354,gifafuinpyt,13354,507,23.75829444277284,23.75829444277282
13355,gifafuinpyt,13355,507,23.75829444277282,23.75829444277282
13356,selcholemusowitirqua,13356,507,6.865124344233356,3.077212968316001
13357,gifafuinpyt,13357,507,23.75829444277282,23.75829444277282
13358,issoqovomisnaad,13358,507,9.88240330471704,3.1171522332284924
13359,wawaseguadtimuj,13359,507,,
13360,caatunle,13360,1883,30.64328707567708,13.422980894045711
13361,wawaseguadtimuj,13361,1883,,
13362,qelaebwaxvaces,13362,1883,,
13363,gifafuinpyt,13363,1883,,
13364,wawaseguadtimuj,13364,1883,,
13365,gifafuinpyt,13365,1883,23.75829444277283,23.75829444277282
13366,gifafuinpyt,13366,1883,23.75829444277282,23.7582944427728
13367,tehsidetegenichurgew,13367,1883,,
13368,ottowyc,13368,1883,,
13369,gifafuinpyt,13369,1883,23.75829444277282,23.7582944427728
13370,gifafuinpyt,13370,1883,23.75829444277282,23.75829444277282
13371,gifafuinpyt,13371,1883,23.75829444277282,23.7582944427728
13372,gifafuinpyt,13372,1883,,
13373,wawaseguadtimuj,13373,1883,,
13374,gifafuinpyt,13374,1883,23.75829444277282,23.75829444277282
13375,gifafuinpyt,13375,1883,23.75829444277282,23.75829444277282
13376,selcholemusowitirqua,13376,1883,,
13377,gifafuinpyt,13377,1883,23.75829444277282,23.7582944427728
13378,issoqovomisnaad,13378,1883,23.7582944427728,7.863948969924622
13379,wawaseguadtimuj,13379,1883,,
13380,caatunle,13380,1644,,
13381,wawaseguadtimuj,13381,1644,,
13382,qelaebwaxvaces,13382,1644,7.033646292497346,2.1105669749093723
13383,gifafuinpyt,13383,1644,,
13384,wawaseguadtimuj,13384,1644,,
13385,gifafuinpyt,13385,1644,23.758294442772826,23.75829444277282
13386,gifafuinpyt,13386,1644,,
13387,tehsidetegenichurgew,13387,1644,,
13388,ottowyc,13388,1644,,
13389,gifafuinpyt,13389,1644,,
13390,gifafuinpyt,13390,1644,,
13391,gifafuinpyt,13391,1644,,
13392,gifafuinpyt,13392,1644,,
13393,wawaseguadtimuj,13393,1644,,
13394,gifafuinpyt,13394,1644,,
13395,gifafuinpyt,13395,1644,,
13396,selcholemusowitirqua,13396,1644,,
13397,gifafuinpyt,13397,1644,,
13398,issoqovomisnaad,13398,1644,11.909669064224014,1.6807142561620978
13399,wawaseguadtimuj,13399,1644,,
13400,noaworagisquurenuq,13400,255,,
13401,furuqzibumehew,13401,255,,
13402,neecygiw,13402,255,,
13403,garirquayprakuraf,13403,255,7.40351217916543,2.9130991682811085
13404,noaworagisquurenuq,13404,255,4.750379255802287,3.974637133529615
13405,furuqzibumehew,13405,255,,
13406,xivyxgic,13406,255,,
13407,bochofelnodugewnenro,13407,255,54.27730690718017,16.180932820322184
13408,cagatrinhanimvetol,13408,255,40.46777377405311,15.396655352605237
13409,tinyredcuud,13409,255,,
13410,furuqzibumehew,13410,255,,
13411,tatchefugyb,13411,255,34.14529088086831,12.169670469466729
13412,cagatrinhanimvetol,13412,255,43.41520388178821,16.79078726670062
13413,tinyredcuud,13413,255,35.86997198905695,23.75829444277281
13414,saekep,13414,255,,
13415,furuqzibumehew,13415,255,,
13416,avyboviqsenilnale,13416,255,,
13417,essatetig,13417,255,11.582338773525658,1.2737156618656025
13418,gosiequisalfeesequ,13418,255,8.616902916446648,0.4683099411137894
13419,furuqzibumehew,13419,255,,
13420,noaworagisquurenuq,13420,1505,,
13421,furuqzibumehew,13421,1505,16.949401221928838,9.20963744666262
13422,neecygiw,13422,1505,24.080444448430708,8.687822275115716
13423,garirquayprakuraf,13423,1505,14.476520718063767,7.624310154725449
13424,noaworagisquurenuq,13424,1505,,
13425,furuqzibumehew,13425,1505,18.934028015209936,10.218681356153914
13426,xivyxgic,13426,1505,15.642737879906305,3.787028918787844
13427,bochofelnodugewnenro,13427,1505,39.73879442288232,7.258111225061184
13428,cagatrinhanimvetol,13428,1505,31.93634933603231,9.49604583682272
13429,tinyredcuud,13429,1505,40.13122260259823,23.75829444277282
13430,furuqzibumehew,13430,1505,21.674886838701894,11.251370686296536
13431,tatchefugyb,13431,1505,25.94034540832294,8.676915303418193
13432,cagatrinhanimvetol,13432,1505,29.16391249101592,8.121089028558973
13433,tinyredcuud,13433,1505,23.75829444277282,23.75829444277282
13434,saekep,13434,1505,24.004927906639224,8.394827056067435
13435,furuqzibumehew,13435,1505,20.396654339414876,11.000379171830568
13436,avyboviqsenilnale,13436,1505,23.199171500628363,11.93868400890717
13437,essatetig,13437,1505,21.97037353905765,5.900019724960178
13438,gosiequisalfeesequ,13438,1505,31.66601427598191,7.676176120645695
13439,furuqzibumehew,13439,1505,22.078060297152103,11.797899187252357
13440,noaworagisquurenuq,13440,2057,,
13441,furuqzibumehew,13441,2057,11.001940629022128,5.267854135795342
13442,neecygiw,13442,2057,12.10779194613727,3.5866009655872784
13443,garirquayprakuraf,13443,2057,7.8517480597725555,3.522246161271982
13444,noaworagisquurenuq,13444,2057,,
13445,furuqzibumehew,13445,2057,12.423511158938354,5.856761154910754
13446,xivyxgic,13446,2057,23.7582944427728,4.1595555671654925
13447,bochofelnodugewnenro,13447,2057,14.87347769643116,3.949903388761097
13448,cagatrinhanimvetol,13448,2057,10.93199237478986,4.146021155938728
13449,tinyredcuud,13449,2057,32.11548716604106,23.75829444277282
13450,furuqzibumehew,13450,2057,10.89956309094754,5.445786170613146
13451,tatchefugyb,13451,2057,,
13452,cagatrinhanimvetol,13452,2057,11.977229448017496,4.828946501104958
13453,tinyredcuud,13453,2057,23.75829444277283,23.75829444277282
13454,saekep,13454,2057,,
13455,furuqzibumehew,13455,2057,9.28452297771829,3.896839447056064
13456,avyboviqsenilnale,13456,2057,11.44722787955739,5.3369387054105655
13457,essatetig,13457,2057,10.859178742966993,2.6175017763985107
13458,gosiequisalfeesequ,13458,2057,15.906067901172168,3.4429798697438097
13459,furuqzibumehew,13459,2057,9.596779848314142,3.870774350301261
13460,noaworagisquurenuq,13460,1755,,
13461,furuqzibumehew,13461,1755,,
13462,neecygiw,13462,1755,40.12252546073669,20.41934123830308
13463,garirquayprakuraf,13463,1755,42.48458187705799,23.75829444277282
13464,noaworagisquurenuq,13464,1755,,
13465,furuqzibumehew,13465,1755,37.34383053349337,22.004743012141848
13466,xivyxgic,13466,1755,60.771671287802285,23.75829444277282
13467,bochofelnodugewnenro,13467,1755,55.25249185607926,15.443694707073083
13468,cagatrinhanimvetol,13468,1755,49.22717975916781,23.75829444277282
13469,tinyredcuud,13469,1755,23.75829444277282,23.75829444277282
13470,furuqzibumehew,13470,1755,34.000042347682395,21.741518910095223
13471,tatchefugyb,13471,1755,50.434070766210176,23.75829444277282
13472,cagatrinhanimvetol,13472,1755,59.3143176444021,23.75829444277282
13473,tinyredcuud,13473,1755,23.75829444277282,23.7582944427728
13474,saekep,13474,1755,52.34082798508824,21.16932106997504
13475,furuqzibumehew,13475,1755,36.77608427586555,23.14284152527783
13476,avyboviqsenilnale,13476,1755,46.08246232264189,23.75829444277282
13477,essatetig,13477,1755,47.82885863839973,17.57531696681089
13478,gosiequisalfeesequ,13478,1755,47.60474318579683,23.75829444277282
13479,furuqzibumehew,13479,1755,39.42834704151053,23.09622569749269
13480,noaworagisquurenuq,13480,1620,,
13481,furuqzibumehew,13481,1620,25.08571312270172,13.42659149875804
13482,neecygiw,13482,1620,23.75829444277282,8.022931085823123
13483,garirquayprakuraf,13483,1620,18.87851150641776,9.331551291433811
13484,noaworagisquurenuq,13484,1620,,
13485,furuqzibumehew,13485,1620,25.538994664159265,12.899332110546103
13486,xivyxgic,13486,1620,23.75829444277282,10.115974806022551
13487,bochofelnodugewnenro,13487,1620,33.49841222200526,5.763491326795252
13488,cagatrinhanimvetol,13488,1620,18.145993537403225,8.836771513823939
13489,tinyredcuud,13489,1620,23.75829444277282,23.75829444277282
13490,furuqzibumehew,13490,1620,26.49153451630313,13.735370512442334
13491,tatchefugyb,13491,1620,23.75829444277282,9.862289251553053
13492,cagatrinhanimvetol,13492,1620,27.651311981963808,11.645738094827918
13493,tinyredcuud,13493,1620,23.75829444277282,23.75829444277282
13494,saekep,13494,1620,22.374557445023264,7.993664635082456
13495,furuqzibumehew,13495,1620,19.99465406965649,11.274573982514443
13496,avyboviqsenilnale,13496,1620,20.2236207233034,9.81909702635902
13497,essatetig,13497,1620,19.242606156385307,6.237553548147508
13498,gosiequisalfeesequ,13498,1620,21.16067876663702,10.70067205133758
13499,furuqzibumehew,13499,1620,27.045995705199307,14.290217378879529
13500,intaokbere,13500,2227,12.63603949490366,4.796347100474743
13501,gofotanryruloslah,13501,2227,23.75829444277282,7.350122982463455
13502,gosiequisalfeesequ,13502,2227,,
13503,ynergeifpeh,13503,2227,,
13504,essatetig,13504,2227,6.88704537579146,1.1434908541909052
13505,fircemtefwaapud,13505,2227,,
13506,dedreolriurbyganu,13506,2227,10.33926645852109,2.923161948890653
13507,fircemtefwaapud,13507,2227,12.783376070778894,5.028876442375053
13508,ovaftequaat,13508,2227,,
13509,essatetig,13509,2227,11.637897756386325,2.556061832894769
13510,ovaftequaat,13510,2227,,
13511,fircemtefwaapud,13511,2227,15.32645946512272,6.966160990792639
13512,pagwiusquech,13512,2227,,
13513,esiltohrabetsaticmo,13513,2227,,
13514,fircemtefwaapud,13514,2227,,
13515,ynergeifpeh,13515,2227,28.44175985186549,12.628686653482106
13516,gelerutec,13516,2227,,
13517,cagatrinhanimvetol,13517,2227,,
13518,ynergeifpeh,13518,2227,23.75829444277282,6.483082446250114
13519,mogerbexenal,13519,2227,,
13520,intaokbere,13520,2155,,
13521,gofotanryruloslah,13521,2155,,
13522,gosiequisalfeesequ,13522,2155,,
13523,ynergeifpeh,13523,2155,,
13524,essatetig,13524,2155,3.832464948718793,0.387929925215169
13525,fircemtefwaapud,13525,2155,,
13526,dedreolriurbyganu,13526,2155,,
13527,fircemtefwaapud,13527,2155,,
13528,ovaftequaat,13528,2155,,
13529,essatetig,13529,2155,4.056283355371048,0.545260281928646
13530,ovaftequaat,13530,2155,,
13531,fircemtefwaapud,13531,2155,,
13532,pagwiusquech,13532,2155,,
13533,esiltohrabetsaticmo,13533,2155,1.7458773267077166,0.6267188630775246
13534,fircemtefwaapud,13534,2155,7.031850913862128,2.399022844479128
13535,ynergeifpeh,13535,2155,,
13536,gelerutec,13536,2155,,
13537,cagatrinhanimvetol,13537,2155,,
13538,ynergeifpeh,13538,2155,,
13539,mogerbexenal,13539,2155,,
13540,intaokbere,13540,298,21.86866958812276,6.766013929619246
13541,gofotanryruloslah,13541,298,23.75829444277281,5.641452538947562
13542,gosiequisalfeesequ,13542,298,23.75829444277281,7.274174936128136
13543,ynergeifpeh,13543,298,,
13544,essatetig,13544,298,22.763527253950848,6.547609584154666
13545,fircemtefwaapud,13545,298,23.75829444277281,5.778221945165046
13546,dedreolriurbyganu,13546,298,20.710779236254805,4.144615824903677
13547,fircemtefwaapud,13547,298,23.75829444277283,6.810083151075836
13548,ovaftequaat,13548,298,24.760557276663253,9.379110851332928
13549,essatetig,13549,298,22.56027740592713,6.162248330227123
13550,ovaftequaat,13550,298,24.05755141963808,11.765155783474269
13551,fircemtefwaapud,13551,298,22.74882123479435,6.94214558961404
13552,pagwiusquech,13552,298,23.75829444277282,9.273453975855764
13553,esiltohrabetsaticmo,13553,298,24.95966920568232,10.658161941136203
13554,fircemtefwaapud,13554,298,23.7582944427728,7.140563522273991
13555,ynergeifpeh,13555,298,23.75829444277282,6.341316621386791
13556,gelerutec,13556,298,,
13557,cagatrinhanimvetol,13557,298,23.75829444277283,7.104323731796633
13558,ynergeifpeh,13558,298,23.75829444277282,8.252886581853675
13559,mogerbexenal,13559,298,22.48916631677109,9.131107602909106
13560,intaokbere,13560,1175,13.057010145584496,3.46619453191404
13561,gofotanryruloslah,13561,1175,,
13562,gosiequisalfeesequ,13562,1175,8.987110202554916,1.5422289714412345
13563,ynergeifpeh,13563,1175,,
13564,essatetig,13564,1175,8.676238450536381,1.3572004394893988
13565,fircemtefwaapud,13565,1175,10.71436411165634,3.465516746542748
13566,dedreolriurbyganu,13566,1175,9.529920706707935,1.934154051616814
13567,fircemtefwaapud,13567,1175,9.51658507817389,3.892900265146311
13568,ovaftequaat,13568,1175,15.439790185585707,3.958504169373776
13569,essatetig,13569,1175,7.7633279155643375,1.202567507258408
13570,ovaftequaat,13570,1175,11.280835895804117,2.383322885674672
13571,fircemtefwaapud,13571,1175,10.966345736916606,3.7305871781262336
13572,pagwiusquech,13572,1175,,
13573,esiltohrabetsaticmo,13573,1175,11.427751775900564,4.683550249282541
13574,fircemtefwaapud,13574,1175,11.293180298354793,3.165850462355106
13575,ynergeifpeh,13575,1175,11.535086903509615,3.2370484403345463
13576,gelerutec,13576,1175,,
13577,cagatrinhanimvetol,13577,1175,17.586283609627234,2.040345490000162
13578,ynergeifpeh,13578,1175,23.75829444277282,5.861371910450551
13579,mogerbexenal,13579,1175,9.65101381207966,1.2349725953331463
13580,intaokbere,13580,136,18.24241041632491,2.059872176170969
13581,gofotanryruloslah,13581,136,,
13582,gosiequisalfeesequ,13582,136,,
13583,ynergeifpeh,13583,136,,
13584,essatetig,13584,136,7.880091201710352,1.10270403334204
13585,fircemtefwaapud,13585,136,,
13586,dedreolriurbyganu,13586,136,8.796940986208126,1.523311076852298
13587,fircemtefwaapud,13587,136,10.924642664970577,2.3894873620242407
13588,ovaftequaat,13588,136,,
13589,essatetig,13589,136,7.28226406811668,0.921202842173634
13590,ovaftequaat,13590,136,,
13591,fircemtefwaapud,13591,136,10.38417914695692,3.685209791314824
13592,pagwiusquech,13592,136,23.146390738547023,1.5730956318049136
13593,esiltohrabetsaticmo,13593,136,4.841818839200766,2.000401479670881
13594,fircemtefwaapud,13594,136,9.269496068400915,3.0898082642730738
13595,ynergeifpeh,13595,136,23.75829444277284,6.788922373553398
13596,gelerutec,13596,136,,
13597,cagatrinhanimvetol,13597,136,7.166404861828748,1.9797227871911616
13598,ynergeifpeh,13598,136,23.75829444277283,3.66851882889377
13599,mogerbexenal,13599,136,8.140966652547382,2.1783468201638345
13600,pequysurfeeldait,13600,760,8.512349537885099,2.0563052952779035
13601,furuqzibumehew,13601,760,6.143218044469984,2.774768990259852
13602,esiltohrabetsaticmo,13602,760,8.421070287437704,2.1253483605633137
13603,esiltohrabetsaticmo,13603,760,8.882100222588548,1.6120102079911496
13604,ducira,13604,760,9.95971942182383,0.22868592453777
13605,tinyredcuud,13605,760,44.35399525760285,23.75829444277281
13606,furuqzibumehew,13606,760,5.35341925533629,2.4979619287163106
13607,qelaebwaxvaces,13607,760,6.975470383923716,2.3087375715855742
13608,esiltohrabetsaticmo,13608,760,7.078421514909268,1.4505767276059758
13609,dequetuttosilta,13609,760,,
13610,gifafuinpyt,13610,760,,
13611,gifafuinpyt,13611,760,,
13612,gifafuinpyt,13612,760,23.75829444277282,23.75829444277282
13613,gifafuinpyt,13613,760,23.75829444277282,23.75829444277282
13614,pevismeow,13614,760,8.234972501543162,1.0081395191604416
13615,qelaebwaxvaces,13615,760,6.15643214360675,2.095066885263253
13616,gifafuinpyt,13616,760,,
13617,delonfeitratobquitof,13617,760,9.783257984406864,2.3526754740321283
13618,esiltohrabetsaticmo,13618,760,7.75089288269751,1.3914788659519524
13619,gifafuinpyt,13619,760,,
13620,pequysurfeeldait,13620,2156,22.17266451489963,7.731936953203254
13621,furuqzibumehew,13621,2156,14.320842482610932,8.845208972877693
13622,esiltohrabetsaticmo,13622,2156,,
13623,esiltohrabetsaticmo,13623,2156,23.23670479720618,11.528561277186624
13624,ducira,13624,2156,17.984274705489025,4.601072814260174
13625,tinyredcuud,13625,2156,58.10832896698364,23.75829444277282
13626,furuqzibumehew,13626,2156,14.445504044703672,7.459796786319939
13627,qelaebwaxvaces,13627,2156,20.16139849005359,9.006529818149149
13628,esiltohrabetsaticmo,13628,2156,15.790688348855287,6.86194464675946
13629,dequetuttosilta,13629,2156,,
13630,gifafuinpyt,13630,2156,,
13631,gifafuinpyt,13631,2156,,
13632,gifafuinpyt,13632,2156,,
13633,gifafuinpyt,13633,2156,23.75829444277282,23.75829444277282
13634,pevismeow,13634,2156,20.041701770088142,9.388701296237391
13635,qelaebwaxvaces,13635,2156,17.568908398834804,9.7952599116036
13636,gifafuinpyt,13636,2156,,
13637,delonfeitratobquitof,13637,2156,20.93199543718544,7.434680417069654
13638,esiltohrabetsaticmo,13638,2156,,
13639,gifafuinpyt,13639,2156,,
13640,pequysurfeeldait,13640,1703,13.68496179473271,5.460718425453703
13641,furuqzibumehew,13641,1703,11.551824871856509,6.2521300377972056
13642,esiltohrabetsaticmo,13642,1703,17.7361133189096,7.528345878738051
13643,esiltohrabetsaticmo,13643,1703,18.725363941642087,5.315872287742374
13644,ducira,13644,1703,16.600962392843833,2.1154989566570603
13645,tinyredcuud,13645,1703,48.98469735716469,23.7582944427728
13646,furuqzibumehew,13646,1703,9.521212267286144,5.386501653381679
13647,qelaebwaxvaces,13647,1703,13.840061705965896,5.683650506194138
13648,esiltohrabetsaticmo,13648,1703,14.794198048301872,5.899072633805833
13649,dequetuttosilta,13649,1703,23.75829444277282,23.75829444277282
13650,gifafuinpyt,13650,1703,23.75829444277282,23.7582944427728
13651,gifafuinpyt,13651,1703,23.75829444277282,23.75829444277281
13652,gifafuinpyt,13652,1703,23.75829444277282,23.75829444277281
13653,gifafuinpyt,13653,1703,23.75829444277282,23.75829444277282
13654,pevismeow,13654,1703,12.437034068185868,5.454000232935929
13655,qelaebwaxvaces,13655,1703,19.41796283831792,5.888224341494227
13656,gifafuinpyt,13656,1703,23.75829444277282,23.7582944427728
13657,delonfeitratobquitof,13657,1703,15.465829542464046,5.53889241653039
13658,esiltohrabetsaticmo,13658,1703,14.1374353147898,5.067067473250568
13659,gifafuinpyt,13659,1703,,
13660,pequysurfeeldait,13660,1011,35.10165044179172,17.391091074624686
13661,furuqzibumehew,13661,1011,31.416564623430823,21.532953435431555
13662,esiltohrabetsaticmo,13662,1011,49.42056685882476,19.61854108270668
13663,esiltohrabetsaticmo,13663,1011,38.80333718461457,16.096112731645515
13664,ducira,13664,1011,45.04545204809882,14.918146127776614
13665,tinyredcuud,13665,1011,71.48773549070981,23.75829444277282
13666,furuqzibumehew,13666,1011,30.49928657608321,18.403006968186613
13667,qelaebwaxvaces,13667,1011,37.3999485983524,18.500958650028373
13668,esiltohrabetsaticmo,13668,1011,40.46184932871608,20.31110747810306
13669,dequetuttosilta,13669,1011,,
13670,gifafuinpyt,13670,1011,,
13671,gifafuinpyt,13671,1011,,
13672,gifafuinpyt,13672,1011,,
13673,gifafuinpyt,13673,1011,,
13674,pevismeow,13674,1011,45.47043322636751,17.812607787726858
13675,qelaebwaxvaces,13675,1011,34.68449967508127,21.6590983708892
13676,gifafuinpyt,13676,1011,,
13677,delonfeitratobquitof,13677,1011,,
13678,esiltohrabetsaticmo,13678,1011,38.75031446093955,18.732736517127407
13679,gifafuinpyt,13679,1011,,
13680,pequysurfeeldait,13680,1720,7.084955826116338,1.580546134297431
13681,furuqzibumehew,13681,1720,8.906453703157936,4.226695393519232
13682,esiltohrabetsaticmo,13682,1720,13.600213707625846,3.592629612354369
13683,esiltohrabetsaticmo,13683,1720,11.584775385164368,2.731202168021164
13684,ducira,13684,1720,16.514194327424793,1.315455014382097
13685,tinyredcuud,13685,1720,57.6083071814703,23.75829444277282
13686,furuqzibumehew,13686,1720,11.441101950433351,4.35104528372134
13687,qelaebwaxvaces,13687,1720,10.680615232594134,3.2006956873105703
13688,esiltohrabetsaticmo,13688,1720,14.036224959826486,3.137397161686194
13689,dequetuttosilta,13689,1720,23.75829444277282,23.75829444277282
13690,gifafuinpyt,13690,1720,23.75829444277282,23.75829444277282
13691,gifafuinpyt,13691,1720,23.75829444277282,23.75829444277282
13692,gifafuinpyt,13692,1720,23.75829444277282,23.75829444277282
13693,gifafuinpyt,13693,1720,23.75829444277283,23.75829444277282
13694,pevismeow,13694,1720,9.672306380175204,6.330031378590579
13695,qelaebwaxvaces,13695,1720,14.399817417338252,4.065731799574024
13696,gifafuinpyt,13696,1720,23.75829444277282,23.75829444277282
13697,delonfeitratobquitof,13697,1720,15.843880116966226,3.2768977492353484
13698,esiltohrabetsaticmo,13698,1720,9.820093297864164,3.554889576778921
13699,gifafuinpyt,13699,1720,23.75829444277282,23.75829444277282
13700,pequysurfeeldait,13700,432,6.634860395908843,2.5252318829280576
13701,furuqzibumehew,13701,432,7.065303275750368,2.18860108495658
13702,esiltohrabetsaticmo,13702,432,6.680417570886048,1.3891953949878162
13703,esiltohrabetsaticmo,13703,432,8.895703610508043,1.6551169723228636
13704,ducira,13704,432,10.865938289005255,0.2382787679800956
13705,tinyredcuud,13705,432,53.132032595327246,23.75829444277282
13706,furuqzibumehew,13706,432,4.697231268244037,2.200476200001882
13707,qelaebwaxvaces,13707,432,9.249120614998322,1.7750320897926586
13708,esiltohrabetsaticmo,13708,432,6.399654032843119,1.2918321239187271
13709,dequetuttosilta,13709,432,,
13710,gifafuinpyt,13710,432,,
13711,gifafuinpyt,13711,432,,
13712,gifafuinpyt,13712,432,,
13713,gifafuinpyt,13713,432,,
13714,pevismeow,13714,432,8.070162661649537,0.988569708373768
13715,qelaebwaxvaces,13715,432,6.2658525687187145,2.0231949612019555
13716,gifafuinpyt,13716,432,,
13717,delonfeitratobquitof,13717,432,7.962413694399399,1.5196924691431786
13718,esiltohrabetsaticmo,13718,432,6.198195588285077,1.305421655061172
13719,gifafuinpyt,13719,432,,
13720,gifafuinpyt,13720,1926,23.75829444277282,23.75829444277282
13721,qelaebwaxvaces,13721,1926,35.04227027455848,18.80958642503458
13722,ilchetariwurav,13722,1926,30.51364624046468,16.30032274148705
13723,gifafuinpyt,13723,1926,23.75829444277282,23.7582944427728
13724,olepneet,13724,1926,26.912783862076648,13.006176146310144
13725,ingifokraelgaimche,13725,1926,31.15851990744416,15.596661968712407
13726,gifafuinpyt,13726,1926,23.7582944427728,23.7582944427728
13727,gifafuinpyt,13727,1926,23.75829444277282,23.7582944427728
13728,ducira,13728,1926,32.08129190107372,11.575066850786516
13729,qelaebwaxvaces,13729,1926,26.87531949326817,15.14975357488567
13730,esiltohrabetsaticmo,13730,1926,25.37143016606609,13.949783084093731
13731,enezeserasit,13731,1926,27.461146399557403,15.645864713005391
13732,evteenan,13732,1926,,
13733,enzeobrunelic,13733,1926,23.956453110389024,11.135749671113054
13734,esiltohrabetsaticmo,13734,1926,31.18755659094859,13.028219846195851
13735,olepneet,13735,1926,27.35835490810794,11.302926610977922
13736,intaqulodilapaghas,13736,1926,25.664054570295782,16.119844685663146
13737,esiltohrabetsaticmo,13737,1926,30.84672498766434,13.997731695006744
13738,qelaebwaxvaces,13738,1926,31.13790193819948,14.91205861906245
13739,neecygiw,13739,1926,30.521618640235616,13.945635683110408
13740,gifafuinpyt,13740,1692,,
13741,qelaebwaxvaces,13741,1692,,
13742,ilchetariwurav,13742,1692,7.907369100280751,1.9691750800571972
13743,gifafuinpyt,13743,1692,,
13744,olepneet,13744,1692,6.415893123566368,1.47139225189075
13745,ingifokraelgaimche,13745,1692,,
13746,gifafuinpyt,13746,1692,23.75829444277282,23.75829444277282
13747,gifafuinpyt,13747,1692,,
13748,ducira,13748,1692,,
13749,qelaebwaxvaces,13749,1692,,
13750,esiltohrabetsaticmo,13750,1692,,
13751,esiltohrabetsaticmo,13751,1692,,
13752,evteenan,13752,1692,,
13753,enzeobrunelic,13753,1692,5.1138465632481065,1.2780309164476655
13754,esiltohrabetsaticmo,13754,1692,,
13755,olepneet,13755,1692,6.699426838035612,1.6408441544432892
13756,intaqulodilapaghas,13756,1692,,
13757,esiltohrabetsaticmo,13757,1692,,
13758,qelaebwaxvaces,13758,1692,,
13759,neecygiw,13759,1692,,
13760,gifafuinpyt,13760,2092,,
13761,qelaebwaxvaces,13761,2092,23.75829444277282,8.373204155296934
13762,ilchetariwurav,13762,2092,33.69251383858209,7.966026681667041
13763,gifafuinpyt,13763,2092,,
13764,olepneet,13764,2092,14.888701174898015,5.6233360323977655
13765,ingifokraelgaimche,13765,2092,27.934765320193083,5.848834202136078
13766,gifafuinpyt,13766,2092,,
13767,gifafuinpyt,13767,2092,,
13768,ducira,13768,2092,29.68070033598909,4.812342139975341
13769,qelaebwaxvaces,13769,2092,23.7582944427728,6.669621637695658
13770,esiltohrabetsaticmo,13770,2092,23.75829444277283,7.788110206520868
13771,enezeserasit,13771,2092,23.7582944427728,8.235155111410927
13772,evteenan,13772,2092,,
13773,enzeobrunelic,13773,2092,14.652457858233776,6.951339298764148
13774,esiltohrabetsaticmo,13774,2092,16.412335776096082,6.011025171760793
13775,olepneet,13775,2092,15.41756710525094,6.794812979781077
13776,intaqulodilapaghas,13776,2092,20.517540289347934,8.649419646793268
13777,esiltohrabetsaticmo,13777,2092,23.75829444277283,6.471824128352171
13778,qelaebwaxvaces,13778,2092,23.75829444277283,8.196262334570376
13779,neecygiw,13779,2092,23.75829444277283,8.627229349635924
13780,gifafuinpyt,13780,1380,23.75829444277282,23.75829444277282
13781,qelaebwaxvaces,13781,1380,16.394159143309604,6.912558594741506
13782,ilchetariwurav,13782,1380,18.75347954172359,7.601687164085721
13783,gifafuinpyt,13783,1380,23.75829444277282,23.75829444277282
13784,olepneet,13784,1380,16.60525766558308,8.282932628617743
13785,ingifokraelgaimche,13785,1380,17.46266986878528,7.271590974434416
13786,gifafuinpyt,13786,1380,23.75829444277282,23.75829444277282
13787,gifafuinpyt,13787,1380,23.75829444277282,23.75829444277282
13788,ducira,13788,1380,17.296954550204806,4.312235906796034
13789,qelaebwaxvaces,13789,1380,19.3229439100611,6.9942934004073765
13790,esiltohrabetsaticmo,13790,1380,17.17770886558082,7.123178354814674
13791,enezeserasit,13791,1380,17.919797679175577,10.676247677416258
13792,evteenan,13792,1380,,
13793,enzeobrunelic,13793,1380,17.03447576087601,6.659719391654656
13794,esiltohrabetsaticmo,13794,1380,18.273944425004764,8.27478375144595
13795,olepneet,13795,1380,14.539718816494489,5.34442992104258
13796,intaqulodilapaghas,13796,1380,14.418872101744112,8.228276421699865
13797,esiltohrabetsaticmo,13797,1380,18.72050895290169,6.9723089943642576
13798,qelaebwaxvaces,13798,1380,16.484126285436606,7.873259738581956
13799,neecygiw,13799,1380,17.589959433136983,7.923819475324055
13800,esiltohrabetsaticmo,13800,2153,23.75829444277283,7.8208992558596835
13801,enezeserasit,13801,2153,23.75829444277282,10.11564521026553
13802,tegeagchef,13802,2153,23.75829444277282,5.267429288912647
13803,tegeagchef,13803,2153,27.022740705713723,7.653910672461508
13804,icdaif,13804,2153,26.008499611731555,8.325272565815515
13805,irtaxyncykir,13805,2153,23.75829444277282,5.581463665139438
13806,halahtohitynutqaxtiw,13806,2153,20.67587227042826,9.314544226582628
13807,delonfeitratobquitof,13807,2153,23.75829444277283,9.037676862111452
13808,ottowyc,13808,2153,,
13809,neecygiw,13809,2153,23.7582944427728,9.25844973354734
13810,tinyredcuud,13810,2153,45.10455914742868,23.7582944427728
13811,qelaebwaxvaces,13811,2153,23.75829444277282,8.951687914569508
13812,xivyxgic,13812,2153,,
13813,tinyredcuud,13813,2153,44.72917339963328,23.7582944427728
13814,tatchefugyb,13814,2153,23.75829444277282,8.763539708186991
13815,xivyxgic,13815,2153,,
13816,qelaebwaxvaces,13816,2153,23.75829444277283,8.805615403194246
13817,tayteg,13817,2153,,
13818,tayteg,13818,2153,,
13819,tiradcharedqiraslesyr,13819,2153,23.75829444277282,6.026514772984438
13820,esiltohrabetsaticmo,13820,1059,19.677251992235792,6.373671135710698
13821,enezeserasit,13821,1059,17.596281422526662,6.995290719745828
13822,tegeagchef,13822,1059,19.01768325967386,4.5292779114631925
13823,tegeagchef,13823,1059,18.043068246154384,4.289151579896967
13824,icdaif,13824,1059,18.181004785114105,6.438700502991995
13825,irtaxyncykir,13825,1059,18.58564540563176,5.744939551896736
13826,halahtohitynutqaxtiw,13826,1059,13.602951274545193,4.74734942056799
13827,delonfeitratobquitof,13827,1059,19.58571574373295,4.444308004843905
13828,ottowyc,13828,1059,15.768555108698903,7.603329985556302
13829,neecygiw,13829,1059,14.552895521437938,5.185195898798708
13830,tinyredcuud,13830,1059,46.93586593161954,23.75829444277282
13831,qelaebwaxvaces,13831,1059,14.943428375189129,5.328266010799231
13832,xivyxgic,13832,1059,,
13833,tinyredcuud,13833,1059,40.80970287854876,23.7582944427728
13834,tatchefugyb,13834,1059,,
13835,xivyxgic,13835,1059,,
13836,qelaebwaxvaces,13836,1059,14.597962385081535,5.34003268282449
13837,tayteg,13837,1059,,
13838,tayteg,13838,1059,,
13839,tiradcharedqiraslesyr,13839,1059,23.75829444277282,5.360106852237013
13840,esiltohrabetsaticmo,13840,1825,,
13841,enezeserasit,13841,1825,20.803252134007177,10.595409593073054
13842,tegeagchef,13842,1825,19.47039706793214,7.277580826830877
13843,tegeagchef,13843,1825,22.683876281471782,8.372976204950763
13844,icdaif,13844,1825,20.4664080569763,8.803661348052929
13845,irtaxyncykir,13845,1825,19.710874241466783,8.427537585430565
13846,halahtohitynutqaxtiw,13846,1825,,
13847,delonfeitratobquitof,13847,1825,19.449166211417285,9.787721603243188
13848,ottowyc,13848,1825,,
13849,neecygiw,13849,1825,,
13850,tinyredcuud,13850,1825,37.41209259113392,23.758294442772787
13851,qelaebwaxvaces,13851,1825,15.25137450669344,7.927450295243908
13852,xivyxgic,13852,1825,,
13853,tinyredcuud,13853,1825,44.30402330140538,23.75829444277281
13854,tatchefugyb,13854,1825,84.70805622697854,41.43391742643852
13855,xivyxgic,13855,1825,,
13856,qelaebwaxvaces,13856,1825,17.5495564529157,8.713943307517669
13857,tayteg,13857,1825,,
13858,tayteg,13858,1825,,
13859,tiradcharedqiraslesyr,13859,1825,22.63670995936732,8.04591947411846
13860,esiltohrabetsaticmo,13860,1258,9.95357216701366,2.097833164820395
13861,enezeserasit,13861,1258,9.05273072903282,2.693376857251245
13862,tegeagchef,13862,1258,12.519020157252358,2.2640305807787744
13863,tegeagchef,13863,1258,12.708419730584168,2.535492034923068
13864,icdaif,13864,1258,9.537127813740042,2.9448620162085244
13865,irtaxyncykir,13865,1258,11.703647252245268,2.278225347004405
13866,halahtohitynutqaxtiw,13866,1258,,
13867,delonfeitratobquitof,13867,1258,11.88829826722028,3.2473505073326607
13868,ottowyc,13868,1258,10.573336293480132,3.5723270229936714
13869,neecygiw,13869,1258,9.636291785111036,2.110566974907905
13870,tinyredcuud,13870,1258,56.16954005294152,23.7582944427728
13871,qelaebwaxvaces,13871,1258,9.142893948089927,3.218626895898025
13872,xivyxgic,13872,1258,,
13873,tinyredcuud,13873,1258,38.75642471800071,23.75829444277283
13874,tatchefugyb,13874,1258,8.2375818549773,1.4668951685821665
13875,xivyxgic,13875,1258,,
13876,qelaebwaxvaces,13876,1258,7.369821956798356,3.02699345872008
13877,tayteg,13877,1258,23.75829444277282,23.7582944427728
13878,tayteg,13878,1258,23.75829444277283,23.75829444277283
13879,tiradcharedqiraslesyr,13879,1258,,
13880,esiltohrabetsaticmo,13880,219,,
13881,enezeserasit,13881,219,11.57015297525309,4.024962745772552
13882,tegeagchef,13882,219,13.612547686326756,3.921984086472261
13883,tegeagchef,13883,219,13.395527185615268,3.6155894325548137
13884,icdaif,13884,219,17.12424923045924,4.7669215323265535
13885,irtaxyncykir,13885,219,13.024040137185056,2.984175612596808
13886,halahtohitynutqaxtiw,13886,219,,
13887,delonfeitratobquitof,13887,219,15.412219098506307,4.952387172092718
13888,ottowyc,13888,219,,
13889,neecygiw,13889,219,12.213854356622296,4.126865782639511
13890,tinyredcuud,13890,219,41.74888489884084,23.75829444277283
13891,qelaebwaxvaces,13891,219,13.644829123045431,5.881688685088048
13892,xivyxgic,13892,219,,
13893,tinyredcuud,13893,219,50.4063071423297,23.75829444277282
13894,tinyredcuud,13894,219,,
13895,xivyxgic,13895,219,,
13896,qelaebwaxvaces,13896,219,11.801880760609338,5.353007859958887
13897,tayteg,13897,219,,
13898,tayteg,13898,219,,
13899,tiradcharedqiraslesyr,13899,219,15.780158421973416,3.607702521761884
13900,tayteg,13900,1094,,
13901,tayteg,13901,1094,,
13902,tayteg,13902,1094,,
13903,tayteg,13903,1094,,
13904,tayteg,13904,1094,,
13905,tayteg,13905,1094,,
13906,tayteg,13906,1094,,
13907,tayteg,13907,1094,,
13908,tayteg,13908,1094,,
13909,xivyxgic,13909,1094,,
13910,tayteg,13910,1094,,
13911,irtaxyncykir,13911,1094,,
13912,tayteg,13912,1094,,
13913,tayteg,13913,1094,,
13914,tayteg,13914,1094,,
13915,tayteg,13915,1094,,
13916,tayteg,13916,1094,,
13917,xivyxgic,13917,1094,,
13918,tinyredcuud,13918,1094,31.916180145650337,23.75829444277282
13919,tiradcharedqiraslesyr,13919,1094,,
13920,tayteg,13920,853,23.75829444277282,23.75829444277282
13921,tayteg,13921,853,23.75829444277282,23.7582944427728
13922,tayteg,13922,853,23.75829444277282,23.7582944427728
13923,tayteg,13923,853,23.75829444277282,23.75829444277282
13924,tayteg,13924,853,23.75829444277282,23.7582944427728
13925,tayteg,13925,853,23.75829444277282,23.7582944427728
13926,tayteg,13926,853,23.75829444277282,23.75829444277282
13927,tayteg,13927,853,23.75829444277283,23.75829444277282
13928,tayteg,13928,853,23.75829444277283,23.75829444277282
13929,xivyxgic,13929,853,6.474461323849819,4.793484073060824
13930,tayteg,13930,853,23.75829444277282,23.75829444277282
13931,irtaxyncykir,13931,853,19.52441303870536,4.844167382878397
13932,tayteg,13932,853,23.75829444277283,23.75829444277282
13933,tayteg,13933,853,23.75829444277283,23.75829444277282
13934,tayteg,13934,853,23.75829444277283,23.75829444277282
13935,tayteg,13935,853,23.75829444277283,23.75829444277282
13936,tayteg,13936,853,23.75829444277283,23.75829444277282
13937,xivyxgic,13937,853,6.118854848017717,6.109662981695918
13938,tinyredcuud,13938,853,42.36951825421265,23.75829444277282
13939,tiradcharedqiraslesyr,13939,853,17.184977763888025,5.357623664429396
13940,tayteg,13940,2163,,
13941,tayteg,13941,2163,,
13942,tayteg,13942,2163,,
13943,tayteg,13943,2163,,
13944,tayteg,13944,2163,,
13945,tayteg,13945,2163,,
13946,tayteg,13946,2163,,
13947,tayteg,13947,2163,,
13948,tayteg,13948,2163,,
13949,xivyxgic,13949,2163,,
13950,tayteg,13950,2163,,
13951,irtaxyncykir,13951,2163,,
13952,tayteg,13952,2163,,
13953,tayteg,13953,2163,,
13954,tayteg,13954,2163,,
13955,tayteg,13955,2163,,
13956,tayteg,13956,2163,,
13957,xivyxgic,13957,2163,,
13958,tinyredcuud,13958,2163,36.234581747889024,23.75829444277282
13959,tiradcharedqiraslesyr,13959,2163,11.196003837398566,3.8421337251678502
13960,tayteg,13960,1183,,
13961,tayteg,13961,1183,,
13962,tayteg,13962,1183,,
13963,tayteg,13963,1183,,
13964,tayteg,13964,1183,,
13965,tayteg,13965,1183,,
13966,tayteg,13966,1183,,
13967,tayteg,13967,1183,,
13968,tayteg,13968,1183,,
13969,xivyxgic,13969,1183,,
13970,tayteg,13970,1183,,
13971,irtaxyncykir,13971,1183,,
13972,tayteg,13972,1183,,
13973,tayteg,13973,1183,,
13974,tayteg,13974,1183,,
13975,tayteg,13975,1183,,
13976,tayteg,13976,1183,,
13977,xivyxgic,13977,1183,,
13978,tinyredcuud,13978,1183,,
13979,tiradcharedqiraslesyr,13979,1183,,
13980,tayteg,13980,169,,
13981,tayteg,13981,169,,
13982,tayteg,13982,169,,
13983,tayteg,13983,169,,
13984,tayteg,13984,169,,
13985,tayteg,13985,169,,
13986,tayteg,13986,169,,
13987,tayteg,13987,169,,
13988,tayteg,13988,169,,
13989,xivyxgic,13989,169,,
13990,tayteg,13990,169,,
13991,irtaxyncykir,13991,169,21.44724670498191,10.54136757925679
13992,tayteg,13992,169,,
13993,tayteg,13993,169,,
13994,tayteg,13994,169,,
13995,tayteg,13995,169,,
13996,tayteg,13996,169,,
13997,xivyxgic,13997,169,,
13998,tinyredcuud,13998,169,36.61728923177596,23.75829444277282
13999,tiradcharedqiraslesyr,13999,169,16.684112234579032,4.658959064600435
14000,neecygiw,14000,489,,
14001,tayteg,14001,489,,
14002,xivyxgic,14002,489,,
14003,qelaebwaxvaces,14003,489,,
14004,pagwiusquech,14004,489,,
14005,tatchefugyb,14005,489,,
14006,owengiregi,14006,489,10.566738483795678,2.3905930943187275
14007,xivyxgic,14007,489,,
14008,tayteg,14008,489,,
14009,tayteg,14009,489,,
14010,tayteg,14010,489,,
14011,tinyredcuud,14011,489,,
14012,tayteg,14012,489,,
14013,tayteg,14013,489,,
14014,irtaxyncykir,14014,489,,
14015,tayteg,14015,489,,
14016,pintamliraibepjuiqu,14016,489,14.620110978210644,4.542272236877987
14017,tinyredcuud,14017,489,,
14018,tatchefugyb,14018,489,,
14019,neecygiw,14019,489,12.899344053336756,4.396763630299094
14020,neecygiw,14020,1522,17.2119973197729,6.376849208726493
14021,tayteg,14021,1522,,
14022,xivyxgic,14022,1522,,
14023,qelaebwaxvaces,14023,1522,18.87070628204904,7.446874604245344
14024,pagwiusquech,14024,1522,11.429435870285984,6.7574988866267125
14025,tatchefugyb,14025,1522,23.75829444277282,11.299600814608793
14026,owengiregi,14026,1522,21.367862034936515,7.140563522271601
14027,xivyxgic,14027,1522,,
14028,tayteg,14028,1522,,
14029,tayteg,14029,1522,,
14030,tayteg,14030,1522,,
14031,tinyredcuud,14031,1522,23.75829444277282,23.75829444277282
14032,tayteg,14032,1522,,
14033,tayteg,14033,1522,,
14034,irtaxyncykir,14034,1522,22.720887639392387,7.326464397800953
14035,tayteg,14035,1522,,
14036,pintamliraibepjuiqu,14036,1522,6.112276516520992,1.3248850708724642
14037,tinyredcuud,14037,1522,23.758294442772826,23.75829444277282
14038,tatchefugyb,14038,1522,23.75829444277281,9.420595717709457
14039,neecygiw,14039,1522,21.27158129811708,6.288773643843719
14040,neecygiw,14040,889,17.144158620907227,3.622526116351248
14041,tayteg,14041,889,,
14042,xivyxgic,14042,889,,
14043,qelaebwaxvaces,14043,889,10.572607264283628,2.6055551062036675
14044,pagwiusquech,14044,889,4.439738965657622,2.199816959881397
14045,tatchefugyb,14045,889,16.607220412855515,3.8168219735005424
14046,owengiregi,14046,889,14.01318793587423,1.5306185505744068
14047,xivyxgic,14047,889,,
14048,tayteg,14048,889,,
14049,tayteg,14049,889,,
14050,tayteg,14050,889,,
14051,tinyredcuud,14051,889,39.37953082857032,23.75829444277283
14052,tayteg,14052,889,,
14053,tayteg,14053,889,,
14054,irtaxyncykir,14054,889,16.64221474414055,4.397615057858556
14055,tayteg,14055,889,,
14056,pintamliraibepjuiqu,14056,889,16.188367248622512,2.874693820422261
14057,tinyredcuud,14057,889,29.05261896162243,23.75829444277282
14058,tatchefugyb,14058,889,20.92511783047216,4.707409868694973
14059,neecygiw,14059,889,13.209405406687868,4.483316703235556
14060,neecygiw,14060,1156,10.203641653879483,2.52322522604492
14061,tayteg,14061,1156,,
14062,xivyxgic,14062,1156,,
14063,qelaebwaxvaces,14063,1156,8.34087845265536,2.965645672046952
14064,pagwiusquech,14064,1156,5.141279664952782,2.7873994808774
14065,tatchefugyb,14065,1156,,
14066,owengiregi,14066,1156,11.645149471332353,3.28767785655658
14067,xivyxgic,14067,1156,,
14068,tayteg,14068,1156,,
14069,tayteg,14069,1156,,
14070,tayteg,14070,1156,,
14071,tinyredcuud,14071,1156,23.75829444277283,23.7582944427728
14072,tayteg,14072,1156,,
14073,tayteg,14073,1156,,
14074,irtaxyncykir,14074,1156,11.252257983405944,3.7739800693900274
14075,tayteg,14075,1156,,
14076,pintamliraibepjuiqu,14076,1156,4.997336418499006,2.028495027057812
14077,tinyredcuud,14077,1156,32.84837311882123,23.75829444277283
14078,tatchefugyb,14078,1156,,
14079,neecygiw,14079,1156,14.288691593292482,4.8957354850175445
14080,neecygiw,14080,1312,,
14081,tayteg,14081,1312,,
14082,xivyxgic,14082,1312,,
14083,qelaebwaxvaces,14083,1312,23.75829444277282,7.417479867578555
14084,pagwiusquech,14084,1312,13.831693324411564,7.127792590927187
14085,tatchefugyb,14085,1312,,
14086,owengiregi,14086,1312,19.714247994533377,5.258900008824925
14087,xivyxgic,14087,1312,,
14088,tayteg,14088,1312,,
14089,tayteg,14089,1312,,
14090,tayteg,14090,1312,,
14091,tinyredcuud,14091,1312,23.75829444277282,23.75829444277282
14092,tayteg,14092,1312,,
14093,tayteg,14093,1312,,
14094,irtaxyncykir,14094,1312,20.87001538371852,8.060586343052243
14095,tayteg,14095,1312,,
14096,pintamliraibepjuiqu,14096,1312,29.99423058993889,7.190566282828643
14097,tinyredcuud,14097,1312,31.56445373354153,23.75829444277282
14098,tatchefugyb,14098,1312,,
14099,neecygiw,14099,1312,,
14100,neecygiw,14100,1476,36.006764298012044,18.07134476894107
14101,tayteg,14101,1476,,
14102,xivyxgic,14102,1476,,
14103,qelaebwaxvaces,14103,1476,35.38716358772673,20.458170945098512
14104,pagwiusquech,14104,1476,26.680566520034876,18.66437690675843
14105,tatchefugyb,14105,1476,56.45099033047861,19.059610320146422
14106,owengiregi,14106,1476,43.24237913249677,18.771569683415528
14107,xivyxgic,14107,1476,34.97822525371402,17.21251764477707
14108,tayteg,14108,1476,,
14109,tayteg,14109,1476,,
14110,tayteg,14110,1476,,
14111,tinyredcuud,14111,1476,47.45191493863439,23.75829444277283
14112,tayteg,14112,1476,,
14113,tayteg,14113,1476,,
14114,irtaxyncykir,14114,1476,48.77140610901348,17.575316966803786
14115,tayteg,14115,1476,23.75829444277282,23.75829444277282
14116,pintamliraibepjuiqu,14116,1476,53.84931186658972,19.81301580492068
14117,tinyredcuud,14117,1476,27.49480640257353,23.75829444277282
14118,tatchefugyb,14118,1476,47.84832870648295,20.00318839297885
14119,neecygiw,14119,1476,36.73257500289601,19.25404760391978
14120,fiahlamuawetulko,14120,1468,10.485140826477853,3.867586903243319
14121,irtaxyncykir,14121,1468,15.654919138172508,5.680387071541018
14122,pagwiusquech,14122,1468,8.223221752379779,2.835353466016102
14123,tehsidetegenichurgew,14123,1468,11.42154759802905,3.203630086933238
14124,irtaxyncykir,14124,1468,11.922561131988664,3.181511116867657
14125,tinyredcuud,14125,1468,23.75829444277283,23.75829444277283
14126,fiahlamuawetulko,14126,1468,12.541361107409934,5.796816860893335
14127,tatchefugyb,14127,1468,,
14128,mogerbexenal,14128,1468,10.004564534336088,1.6111370331849888
14129,pagwiusquech,14129,1468,7.789316622108548,3.996188026925672
14130,tehsidetegenichurgew,14130,1468,9.092718670153562,3.222274066348315
14131,pagwiusquech,14131,1468,5.924963495589073,2.3345078239761023
14132,neecygiw,14132,1468,8.462920490182295,2.289580242207581
14133,ixwimigtibgoat,14133,1468,,
14134,delonfeitratobquitof,14134,1468,15.55970300213181,4.980633503341092
14135,teamfinosakilechlun,14135,1468,,
14136,teamfinosakilechlun,14136,1468,,
14137,teamfinosakilechlun,14137,1468,,
14138,icdaif,14138,1468,14.029536076945154,4.021879910928392
14139,teamfinosakilechlun,14139,1468,,
14140,fiahlamuawetulko,14140,1759,8.58368926039929,2.824510377637831
14141,irtaxyncykir,14141,1759,6.421699145696141,2.463476456164696
14142,pagwiusquech,14142,1759,7.43870269313151,2.2235751891024567
14143,tehsidetegenichurgew,14143,1759,,
14144,irtaxyncykir,14144,1759,23.75829444277282,3.112643999218564
14145,tinyredcuud,14145,1759,23.75829444277283,23.75829444277282
14146,fiahlamuawetulko,14146,1759,8.99060556290326,3.787959259400184
14147,tatchefugyb,14147,1759,13.155321494781298,2.812842671564308
14148,mogerbexenal,14148,1759,9.54469912785764,1.4176767330144902
14149,pagwiusquech,14149,1759,8.032706379912153,3.591384966803445
14150,tehsidetegenichurgew,14150,1759,7.573059471228754,2.03693621091858
14151,pagwiusquech,14151,1759,14.56158934552978,5.9316131285364095
14152,neecygiw,14152,1759,10.404314391053632,2.4400430522171863
14153,ixwimigtibgoat,14153,1759,,
14154,delonfeitratobquitof,14154,1759,11.637897756431387,2.3345078239591763
14155,teamfinosakilechlun,14155,1759,,
14156,teamfinosakilechlun,14156,1759,,
14157,teamfinosakilechlun,14157,1759,,
14158,icdaif,14158,1759,9.51531330195154,1.8628702477304735
14159,teamfinosakilechlun,14159,1759,,
14160,teamfinosakilechlun,14160,1444,,
14161,teamfinosakilechlun,14161,1444,,
14162,teamfinosakilechlun,14162,1444,,
14163,teamfinosakilechlun,14163,1444,,
14164,teamfinosakilechlun,14164,1444,,
14165,teamfinosakilechlun,14165,1444,,
14166,tehsidetegenichurgew,14166,1444,5.8812019044673205,1.2851908095522375
14167,teamfinosakilechlun,14167,1444,,
14168,pevismeow,14168,1444,5.677363706787126,2.419077328936859
14169,teamfinosakilechlun,14169,1444,,
14170,teamfinosakilechlun,14170,1444,,
14171,dedreolriurbyganu,14171,1444,6.761922335921999,1.7328854657882096
14172,teamfinosakilechlun,14172,1444,,
14173,tatchefugyb,14173,1444,,
14174,teamfinosakilechlun,14174,1444,,
14175,ynergeifpeh,14175,1444,,
14176,upzinicaropgyik,14176,1444,4.145241149082711,3.0838007409851222
14177,ynergeifpeh,14177,1444,,
14178,ynergeifpeh,14178,1444,,
14179,ynergeifpeh,14179,1444,45.84267110552417,23.75829444277282
14180,teamfinosakilechlun,14180,858,23.75829444277282,23.75829444277281
14181,teamfinosakilechlun,14181,858,23.75829444277282,23.75829444277282
14182,teamfinosakilechlun,14182,858,23.758294442772826,23.758294442772826
14183,teamfinosakilechlun,14183,858,23.75829444277282,23.75829444277281
14184,teamfinosakilechlun,14184,858,23.758294442772826,23.75829444277282
14185,teamfinosakilechlun,14185,858,23.75829444277282,23.75829444277281
14186,tehsidetegenichurgew,14186,858,9.993845884591847,1.7348753665778127
14187,teamfinosakilechlun,14187,858,23.758294442772826,23.75829444277281
14188,pevismeow,14188,858,9.157840019289342,2.891168373315933
14189,teamfinosakilechlun,14189,858,23.758294442772826,23.75829444277282
14190,teamfinosakilechlun,14190,858,23.75829444277282,23.75829444277282
14191,dedreolriurbyganu,14191,858,11.276689882667323,2.914510016558
14192,teamfinosakilechlun,14192,858,23.758294442772826,23.75829444277282
14193,tatchefugyb,14193,858,11.639991758825293,1.9533397100119383
14194,teamfinosakilechlun,14194,858,23.758294442772826,23.75829444277282
14195,ynergeifpeh,14195,858,,
14196,upzinicaropgyik,14196,858,,
14197,ynergeifpeh,14197,858,,
14198,ynergeifpeh,14198,858,,
14199,ynergeifpeh,14199,858,39.47939564588916,18.50095865001889
14200,teamfinosakilechlun,14200,1906,,
14201,teamfinosakilechlun,14201,1906,,
14202,teamfinosakilechlun,14202,1906,,
14203,teamfinosakilechlun,14203,1906,,
14204,teamfinosakilechlun,14204,1906,,
14205,teamfinosakilechlun,14205,1906,,
14206,tehsidetegenichurgew,14206,1906,34.875196384151934,21.85963447146993
14207,teamfinosakilechlun,14207,1906,,
14208,pevismeow,14208,1906,39.83267671975624,27.29443996158656
14209,teamfinosakilechlun,14209,1906,,
14210,teamfinosakilechlun,14210,1906,,
14211,dedreolriurbyganu,14211,1906,39.43488649214288,14.08357517003145
14212,teamfinosakilechlun,14212,1906,,
14213,tatchefugyb,14213,1906,40.2039238544441,19.49323749056285
14214,teamfinosakilechlun,14214,1906,,
14215,ynergeifpeh,14215,1906,,
14216,upzinicaropgyik,14216,1906,38.57795760817744,13.483653602787763
14217,ynergeifpeh,14217,1906,,
14218,ynergeifpeh,14218,1906,,
14219,ynergeifpeh,14219,1906,60.163267776525785,23.75829444277282
14220,teamfinosakilechlun,14220,1243,,
14221,teamfinosakilechlun,14221,1243,,
14222,teamfinosakilechlun,14222,1243,,
14223,teamfinosakilechlun,14223,1243,,
14224,teamfinosakilechlun,14224,1243,,
14225,teamfinosakilechlun,14225,1243,,
14226,tehsidetegenichurgew,14226,1243,8.608165019192962,2.287784039892529
14227,teamfinosakilechlun,14227,1243,,
14228,pevismeow,14228,1243,7.777959571138777,3.2420249376831256
14229,teamfinosakilechlun,14229,1243,,
14230,teamfinosakilechlun,14230,1243,,
14231,dedreolriurbyganu,14231,1243,5.9620665163233495,1.953790636807433
14232,teamfinosakilechlun,14232,1243,,
14233,tatchefugyb,14233,1243,,
14234,teamfinosakilechlun,14234,1243,,
14235,ynergeifpeh,14235,1243,,
14236,upzinicaropgyik,14236,1243,2.8718153513544595,2.1337340671277154
14237,ynergeifpeh,14237,1243,,
14238,ynergeifpeh,14238,1243,,
14239,ynergeifpeh,14239,1243,37.6722045491471,17.53068102889655
14240,teamfinosakilechlun,14240,14,,
14241,teamfinosakilechlun,14241,14,,
14242,teamfinosakilechlun,14242,14,,
14243,teamfinosakilechlun,14243,14,,
14244,teamfinosakilechlun,14244,14,,
14245,teamfinosakilechlun,14245,14,,
14246,tehsidetegenichurgew,14246,14,10.701523538912898,3.1843237350190376
14247,teamfinosakilechlun,14247,14,,
14248,pevismeow,14248,14,15.457558813717355,3.984966633030377
14249,teamfinosakilechlun,14249,14,,
14250,teamfinosakilechlun,14250,14,,
14251,dedreolriurbyganu,14251,14,15.324543454107816,3.506056642539021
14252,teamfinosakilechlun,14252,14,,
14253,tatchefugyb,14253,14,,
14254,teamfinosakilechlun,14254,14,,
14255,ynergeifpeh,14255,14,,
14256,upzinicaropgyik,14256,14,,
14257,ynergeifpeh,14257,14,,
14258,ynergeifpeh,14258,14,,
14259,ynergeifpeh,14259,14,62.63745828023919,23.75829444277282
14260,teamfinosakilechlun,14260,2213,,
14261,teamfinosakilechlun,14261,2213,,
14262,teamfinosakilechlun,14262,2213,,
14263,teamfinosakilechlun,14263,2213,,
14264,teamfinosakilechlun,14264,2213,,
14265,teamfinosakilechlun,14265,2213,,
14266,tehsidetegenichurgew,14266,2213,,
14267,teamfinosakilechlun,14267,2213,,
14268,pevismeow,14268,2213,15.174839708710458,3.1549257441791734
14269,teamfinosakilechlun,14269,2213,,
14270,teamfinosakilechlun,14270,2213,,
14271,dedreolriurbyganu,14271,2213,,
14272,teamfinosakilechlun,14272,2213,,
14273,tatchefugyb,14273,2213,,
14274,teamfinosakilechlun,14274,2213,,
14275,ynergeifpeh,14275,2213,,
14276,upzinicaropgyik,14276,2213,,
14277,ynergeifpeh,14277,2213,,
14278,ynergeifpeh,14278,2213,,
14279,ynergeifpeh,14279,2213,34.66072752135906,17.05993432728847
14280,teamfinosakilechlun,14280,1309,,
14281,teamfinosakilechlun,14281,1309,,
14282,teamfinosakilechlun,14282,1309,,
14283,teamfinosakilechlun,14283,1309,,
14284,teamfinosakilechlun,14284,1309,,
14285,teamfinosakilechlun,14285,1309,,
14286,tehsidetegenichurgew,14286,1309,,
14287,teamfinosakilechlun,14287,1309,,
14288,pevismeow,14288,1309,,
14289,teamfinosakilechlun,14289,1309,,
14290,teamfinosakilechlun,14290,1309,,
14291,dedreolriurbyganu,14291,1309,,
14292,teamfinosakilechlun,14292,1309,,
14293,tatchefugyb,14293,1309,,
14294,teamfinosakilechlun,14294,1309,,
14295,ynergeifpeh,14295,1309,,
14296,upzinicaropgyik,14296,1309,,
14297,ynergeifpeh,14297,1309,,
14298,ynergeifpeh,14298,1309,,
14299,ynergeifpeh,14299,1309,57.02989547241007,23.75829444277283
14300,tatchefugyb,14300,239,26.668071857738084,11.950361155459536
14301,ardoro,14301,239,28.29778916470089,12.009680323661597
14302,ynergeifpeh,14302,239,23.7582944427728,10.331619706201735
14303,upzinicaropgyik,14303,239,,
14304,erqutasxearparirga,14304,239,23.7582944427728,7.28570339536426
14305,neecygiw,14305,239,22.73822037863904,7.511009098976006
14306,ovaftequaat,14306,239,23.75829444277284,9.700504156761635
14307,ardoro,14307,239,27.64336591699059,10.489732201265074
14308,erqutasxearparirga,14308,239,23.75829444277284,9.6021302522941
14309,ynergeifpeh,14309,239,23.75829444277283,12.081218960901946
14310,ditlietan,14310,239,25.07794964724433,10.439454259789128
14311,essatetig,14311,239,24.988091133868025,7.385165590659437
14312,ardoro,14312,239,25.592677836661423,9.828975593900756
14313,furuqzibumehew,14313,239,19.44755632622508,10.621479814766031
14314,erqutasxearparirga,14314,239,23.7582944427728,8.073118218585263
14315,mogerbexenal,14315,239,24.23738875862215,9.868576972463284
14316,tehsidetegenichurgew,14316,239,22.057010883892328,9.848054523036753
14317,delonfeitratobquitof,14317,239,23.7582944427728,10.85673805795856
14318,mogerbexenal,14318,239,25.28064660860685,8.879625855526365
14319,esiltohrabetsaticmo,14319,239,23.75829444277281,7.64442585515274
14320,tatchefugyb,14320,1945,24.883264551311903,10.499270360465722
14321,ardoro,14321,1945,23.77941916040316,10.895755006381451
14322,ynergeifpeh,14322,1945,23.75829444277282,13.297981915167972
14323,upzinicaropgyik,14323,1945,42.76273409088599,11.336334124906006
14324,erqutasxearparirga,14324,1945,21.45153528373628,9.556583621978126
14325,neecygiw,14325,1945,24.308949967424557,9.918772252610724
14326,ovaftequaat,14326,1945,23.8292155770599,11.09516629568103
14327,ardoro,14327,1945,25.904971967359074,12.14452515731208
14328,erqutasxearparirga,14328,1945,21.309143471464736,10.221964656373226
14329,ynergeifpeh,14329,1945,23.75829444277281,7.89924920314723
14330,ditlietan,14330,1945,21.93315329955132,11.26485532416874
14331,essatetig,14331,1945,24.263691504328666,9.163361403557325
14332,ardoro,14332,1945,25.66247870863109,11.37701977921765
14333,furuqzibumehew,14333,1945,22.05701088390008,13.278900921351273
14334,erqutasxearparirga,14334,1945,22.09980287515353,11.047360921710238
14335,mogerbexenal,14335,1945,24.3940184894827,10.403982768490827
14336,tehsidetegenichurgew,14336,1945,27.626999245397872,12.23134398193812
14337,delonfeitratobquitof,14337,1945,23.7582944427728,12.076338675519338
14338,mogerbexenal,14338,1945,20.940014211220205,11.61232305090848
14339,esiltohrabetsaticmo,14339,1945,23.75829444277283,8.671376067576547
14340,tatchefugyb,14340,1303,14.121828988209414,3.521831375093869
14341,ardoro,14341,1303,12.64610896115084,4.217395363018542
14342,ynergeifpeh,14342,1303,23.75829444277282,8.211152374631107
14343,upzinicaropgyik,14343,1303,,
14344,erqutasxearparirga,14344,1303,13.73913579772711,3.831405411395675
14345,neecygiw,14345,1303,21.90790938424308,5.91746287180566
14346,ovaftequaat,14346,1303,,
14347,ardoro,14347,1303,11.987757250475235,4.018623640405641
14348,erqutasxearparirga,14348,1303,13.070816631892766,3.1943333149968143
14349,ynergeifpeh,14349,1303,23.75829444277283,4.0738724218371605
14350,ditlietan,14350,1303,11.233180397703071,3.0391022880782432
14351,essatetig,14351,1303,12.886020339851582,3.0659575929416856
14352,ardoro,14352,1303,12.873609645296016,4.217466524531508
14353,furuqzibumehew,14353,1303,10.26902396406788,4.108771075705239
14354,erqutasxearparirga,14354,1303,13.774616945350092,2.516290743280518
14355,mogerbexenal,14355,1303,17.018682848801674,3.832618182959599
14356,tehsidetegenichurgew,14356,1303,14.05998484584936,3.715285861758232
14357,delonfeitratobquitof,14357,1303,12.756788984991644,4.124481473117784
14358,mogerbexenal,14358,1303,16.652696499529206,3.2958845754980604
14359,esiltohrabetsaticmo,14359,1303,17.550719739707198,2.8024666560132045
14360,tatchefugyb,14360,695,,
14361,ardoro,14361,695,27.372690449595854,10.612937773755094
14362,ynergeifpeh,14362,695,23.75829444277283,10.259168406302392
14363,upzinicaropgyik,14363,695,27.187376893423476,10.385293985521844
14364,erqutasxearparirga,14364,695,23.75829444277282,8.737617355403312
14365,neecygiw,14365,695,18.6716597142334,7.474071815069903
14366,ovaftequaat,14366,695,20.69169138162034,12.12215653830036
14367,ardoro,14367,695,21.05896587478244,8.970316472045768
14368,erqutasxearparirga,14368,695,20.52766543831782,9.581316138019789
14369,ynergeifpeh,14369,695,23.75829444277282,6.430362168231697
14370,ditlietan,14370,695,19.145397038712986,8.540222956506073
14371,essatetig,14371,695,21.196969596299045,8.071162000835285
14372,ardoro,14372,695,22.538058314291654,10.261962383075083
14373,furuqzibumehew,14373,695,22.68723197330265,10.76154933446722
14374,erqutasxearparirga,14374,695,17.935713589149625,6.760608161689424
14375,mogerbexenal,14375,695,22.17896626340396,9.904551995653543
14376,tehsidetegenichurgew,14376,695,24.0759078320784,10.98656997999915
14377,delonfeitratobquitof,14377,695,21.728273999348747,8.922593966793151
14378,mogerbexenal,14378,695,18.175924332599436,9.713866292002818
14379,esiltohrabetsaticmo,14379,695,23.7582944427728,8.977922857425385
14380,tatchefugyb,14380,690,23.758294442772826,10.164627344067998
14381,ardoro,14381,690,23.62564675966097,8.10853324231375
14382,ynergeifpeh,14382,690,23.7582944427728,5.441147050838796
14383,upzinicaropgyik,14383,690,,
14384,erqutasxearparirga,14384,690,21.468365034202,6.215211338315384
14385,neecygiw,14385,690,23.75829444277282,7.312674219679368
14386,ovaftequaat,14386,690,19.95964558027574,9.18090232900656
14387,ardoro,14387,690,23.75829444277283,7.678581987730171
14388,erqutasxearparirga,14388,690,19.930201530669923,7.486608641351882
14389,ynergeifpeh,14389,690,,
14390,ditlietan,14390,690,19.28228037577704,8.9594602575012
14391,essatetig,14391,690,21.521935585486887,5.123025563789923
14392,ardoro,14392,690,23.37414754972031,10.844114384285952
14393,furuqzibumehew,14393,690,15.07616407731862,7.694638668920062
14394,erqutasxearparirga,14394,690,23.75829444277281,8.01101730919196
14395,mogerbexenal,14395,690,20.95261471200991,7.088383665072441
14396,tehsidetegenichurgew,14396,690,19.347498432781467,9.200945007318474
14397,delonfeitratobquitof,14397,690,20.32552730150296,7.645415185981602
14398,mogerbexenal,14398,690,19.55672132999577,6.472339102098393
14399,esiltohrabetsaticmo,14399,690,23.758294442772787,7.2627554102827
14400,tatchefugyb,14400,201,11.412247617589886,3.820330882749892
14401,ardoro,14401,201,13.651937658216545,4.3135126124268295
14402,ynergeifpeh,14402,201,23.7582944427728,6.211241481860338
14403,upzinicaropgyik,14403,201,,
14404,erqutasxearparirga,14404,201,13.551626264164176,2.821426924398203
14405,neecygiw,14405,201,9.131477412575586,3.327185563234105
14406,ovaftequaat,14406,201,14.22571999115481,2.676317349657001
14407,ardoro,14407,201,13.073730305900664,3.606627655312661
14408,erqutasxearparirga,14408,201,13.019272174787917,3.7637189355280407
14409,ynergeifpeh,14409,201,23.7582944427728,4.057984186639181
14410,ditlietan,14410,201,10.356128142738756,3.627943894496484
14411,essatetig,14411,201,10.868963018494595,3.821146985622046
14412,ardoro,14412,201,14.316804172080596,4.162848980885505
14413,furuqzibumehew,14413,201,8.868789221214442,4.042850686145906
14414,erqutasxearparirga,14414,201,13.729955796289865,3.647302578263977
14415,mogerbexenal,14415,201,12.420875499552402,2.721315460187135
14416,tehsidetegenichurgew,14416,201,14.819141107559004,2.7430788074564374
14417,delonfeitratobquitof,14417,201,12.920451605317114,6.507178837922054
14418,mogerbexenal,14418,201,13.948572675737823,3.170021545131641
14419,esiltohrabetsaticmo,14419,201,14.971291206305189,4.610245853804154
14420,ottowyc,14420,583,19.960496980694227,9.948037335327877
14421,ditlietan,14421,583,20.95740989743305,6.827508819224322
14422,tatchefugyb,14422,583,23.75829444277283,6.565803254909396
14423,mogerbexenal,14423,583,19.32967234296759,7.461981100510622
14424,ducira,14424,583,28.18689550428809,4.262627528350935
14425,tatchefugyb,14425,583,23.75829444277281,6.507178837905966
14426,tatchefugyb,14426,583,22.018969100382293,8.433359027146457
14427,ditlietan,14427,583,21.03811121279217,6.996766552506489
14428,enezeserasit,14428,583,13.40364460068012,7.430999889061609
14429,lilaowib,14429,583,29.919776924176706,12.662961270741173
14430,tayteg,14430,583,23.75829444277284,23.75829444277282
14431,evteenan,14431,583,,
14432,ardoro,14432,583,25.600432510978976,7.449393682675532
14433,evteenan,14433,583,,
14434,enezeserasit,14434,583,16.220954386205815,6.880561602578001
14435,neecygiw,14435,583,23.154685991837063,6.654371126468631
14436,evteenan,14436,583,,
14437,evteenan,14437,583,,
14438,dudtegiebriel,14438,583,,
14439,ardoro,14439,583,24.853415982774468,8.307664273311655
14440,ottowyc,14440,2357,9.17249763478151,3.717340208523424
14441,ditlietan,14441,2357,14.122704088481962,5.193942727061327
14442,tatchefugyb,14442,2357,11.24970029016443,2.863409738349476
14443,mogerbexenal,14443,2357,12.643920582676872,3.5559526341511654
14444,ducira,14444,2357,12.033997753868894,2.020007733225451
14445,tatchefugyb,14445,2357,11.142537613168082,4.313018999811881
14446,tatchefugyb,14446,2357,11.331985693494383,0.7938184830038096
14447,ditlietan,14447,2357,11.868222434149397,4.005558690332682
14448,enezeserasit,14448,2357,10.918016169436104,4.571527657874021
14449,lilaowib,14449,2357,25.092343485433204,11.114280985764909
14450,tayteg,14450,2357,,
14451,evteenan,14451,2357,,
14452,ardoro,14452,2357,20.27024746616452,6.970275887004767
14453,evteenan,14453,2357,,
14454,enezeserasit,14454,2357,15.29793869579898,7.196352617882287
14455,neecygiw,14455,2357,15.799288311389676,5.47845821056461
14456,evteenan,14456,2357,,
14457,evteenan,14457,2357,,
14458,dudtegiebriel,14458,2357,,
14459,ardoro,14459,2357,16.656771647448107,5.293334082056642
14460,ottowyc,14460,99,,
14461,ditlietan,14461,99,13.430910712049055,2.2297661517455407
14462,tatchefugyb,14462,99,,
14463,mogerbexenal,14463,99,13.388659238957471,2.016653268250242
14464,ducira,14464,99,17.07886331531265,0.6838974021518359
14465,tatchefugyb,14465,99,,
14466,tatchefugyb,14466,99,,
14467,ditlietan,14467,99,12.131401248391244,3.135208185100107
14468,enezeserasit,14468,99,7.47094535277581,2.9608321933074464
14469,lilaowib,14469,99,30.605781631705128,11.3757385440508
14470,tayteg,14470,99,,
14471,evteenan,14471,99,,
14472,ardoro,14472,99,19.630991216721014,3.658739255436122
14473,evteenan,14473,99,,
14474,enezeserasit,14474,99,9.889828826879382,4.392270036066261
14475,neecygiw,14475,99,15.413166921561194,3.8986474981305657
14476,evteenan,14476,99,,
14477,evteenan,14477,99,,
14478,dudtegiebriel,14478,99,,
14479,ardoro,14479,99,18.429907495477085,4.520261173104663
14480,ottowyc,14480,1837,40.14001113088193,21.27748869826753
14481,ditlietan,14481,1837,38.04805812271047,18.902795027030837
14482,tatchefugyb,14482,1837,36.618953160556096,23.75829444277282
14483,mogerbexenal,14483,1837,46.57606675422204,24.227276601447908
14484,ducira,14484,1837,46.83529425656055,12.411624073436306
14485,tatchefugyb,14485,1837,45.96781773139835,23.75829444277282
14486,tatchefugyb,14486,1837,43.01566043317925,23.75829444277282
14487,ditlietan,14487,1837,40.97884574762444,20.228027514169792
14488,enezeserasit,14488,1837,40.562383932710574,23.75829444277282
14489,lilaowib,14489,1837,130.50789938929768,48.38021540755079
14490,tayteg,14490,1837,,
14491,evteenan,14491,1837,,
14492,ardoro,14492,1837,42.23752458845929,18.70383641902944
14493,evteenan,14493,1837,,
14494,enezeserasit,14494,1837,37.066540841129125,24.8446024959481
14495,neecygiw,14495,1837,44.28479684668412,23.758294442772826
14496,evteenan,14496,1837,,
14497,evteenan,14497,1837,,
14498,dudtegiebriel,14498,1837,,
14499,ardoro,14499,1837,46.81394518321644,21.12231274520431
14500,ducira,14500,1315,,
14501,tayteg,14501,1315,,
14502,tayteg,14502,1315,,
14503,tayteg,14503,1315,,
14504,tayteg,14504,1315,,
14505,tayteg,14505,1315,,
14506,tayteg,14506,1315,,
14507,tayteg,14507,1315,,
14508,tayteg,14508,1315,,
14509,tayteg,14509,1315,,
14510,neecygiw,14510,1315,12.273942306699588,3.011237385368277
14511,tayteg,14511,1315,,
14512,tayteg,14512,1315,,
14513,tayteg,14513,1315,,
14514,pintamliraibepjuiqu,14514,1315,3.34854539011882,1.028279571629983
14515,tehsidetegenichurgew,14515,1315,,
14516,enezeserasit,14516,1315,5.859092044618702,1.9076318844585585
14517,ducira,14517,1315,9.33189922105659,0.9314728397824228
14518,gelerutec,14518,1315,,
14519,gelerutec,14519,1315,,
14520,ducira,14520,2067,22.069745371056868,4.965521216046664
14521,tayteg,14521,2067,,
14522,tayteg,14522,2067,23.75829444277283,23.75829444277282
14523,tayteg,14523,2067,,
14524,tayteg,14524,2067,,
14525,tayteg,14525,2067,23.75829444277284,23.75829444277282
14526,tayteg,14526,2067,23.75829444277283,23.75829444277282
14527,tayteg,14527,2067,23.75829444277282,23.7582944427728
14528,tayteg,14528,2067,23.75829444277282,23.75829444277282
14529,tayteg,14529,2067,23.75829444277283,23.75829444277282
14530,neecygiw,14530,2067,22.2140496542149,7.577333105972429
14531,tayteg,14531,2067,,
14532,tayteg,14532,2067,,
14533,tayteg,14533,2067,23.75829444277282,23.75829444277282
14534,pintamliraibepjuiqu,14534,2067,22.49509190364168,8.878937960456486
14535,tehsidetegenichurgew,14535,2067,23.956177322547997,9.54162217769377
14536,enezeserasit,14536,2067,19.948222273881377,7.556222504212575
14537,ducira,14537,2067,19.468571578146644,4.741809562246882
14538,gelerutec,14538,2067,,
14539,gelerutec,14539,2067,,
14540,ducira,14540,1506,15.941848639805464,1.7712965517217714
14541,tayteg,14541,1506,,
14542,tayteg,14542,1506,,
14543,tayteg,14543,1506,,
14544,tayteg,14544,1506,,
14545,tayteg,14545,1506,,
14546,tayteg,14546,1506,,
14547,tayteg,14547,1506,,
14548,tayteg,14548,1506,,
14549,tayteg,14549,1506,,
14550,neecygiw,14550,1506,16.21929132315112,4.187347223523782
14551,tayteg,14551,1506,,
14552,tayteg,14552,1506,,
14553,tayteg,14553,1506,,
14554,pintamliraibepjuiqu,14554,1506,15.747734570770456,3.5547112687758298
14555,tehsidetegenichurgew,14555,1506,16.29001531261629,5.028876442384528
14556,enezeserasit,14556,1506,16.33364657774987,4.786096896017347
14557,ducira,14557,1506,16.595802454423648,2.0178970412209325
14558,gelerutec,14558,1506,,
14559,gelerutec,14559,1506,,
14560,ducira,14560,75,10.415241825378311,0.7936223374798436
14561,tayteg,14561,75,,
14562,tayteg,14562,75,,
14563,tayteg,14563,75,,
14564,tayteg,14564,75,,
14565,tayteg,14565,75,,
14566,tayteg,14566,75,,
14567,tayteg,14567,75,,
14568,tayteg,14568,75,,
14569,tayteg,14569,75,,
14570,neecygiw,14570,75,9.529920706735249,3.18904618575573
14571,tayteg,14571,75,,
14572,tayteg,14572,75,23.75829444277283,23.75829444277279
14573,tayteg,14573,75,,
14574,pintamliraibepjuiqu,14574,75,9.25296346885786,2.243283753116169
14575,tehsidetegenichurgew,14575,75,,
14576,enezeserasit,14576,75,8.919220102974139,2.698778298149715
14577,ducira,14577,75,9.158945846246269,0.7625181822721899
14578,gelerutec,14578,75,,
14579,gelerutec,14579,75,,
14580,ducira,14580,998,28.79642937239114,11.590446238538814
14581,tayteg,14581,998,23.75829444277282,23.75829444277282
14582,tayteg,14582,998,23.75829444277282,23.75829444277282
14583,tayteg,14583,998,23.75829444277283,23.75829444277282
14584,tayteg,14584,998,23.75829444277282,23.75829444277282
14585,tayteg,14585,998,23.75829444277282,23.7582944427728
14586,tayteg,14586,998,23.75829444277282,23.75829444277282
14587,tayteg,14587,998,23.75829444277283,23.75829444277282
14588,tayteg,14588,998,23.75829444277283,23.75829444277282
14589,tayteg,14589,998,23.75829444277282,23.7582944427728
14590,neecygiw,14590,998,30.75183190965786,13.579401750115236
14591,tayteg,14591,998,,
14592,tayteg,14592,998,23.75829444277282,23.75829444277281
14593,tayteg,14593,998,23.75829444277281,23.7582944427728
14594,pintamliraibepjuiqu,14594,998,36.165702542680535,14.488315332043522
14595,tehsidetegenichurgew,14595,998,25.98705958487404,13.56477618372725
14596,enezeserasit,14596,998,13.37718944235443,6.228838422702631
14597,ducira,14597,998,30.627761226293345,12.67436243930763
14598,gelerutec,14598,998,,
14599,gelerutec,14599,998,,
14600,halahtohitynutqaxtiw,14600,38,,
14601,gelerutec,14601,38,,
14602,gelerutec,14602,38,,
14603,gelerutec,14603,38,,
14604,gelerutec,14604,38,,
14605,gelerutec,14605,38,,
14606,gelerutec,14606,38,,
14607,gelerutec,14607,38,,
14608,gelerutec,14608,38,,
14609,gelerutec,14609,38,,
14610,gelerutec,14610,38,,
14611,irtaxyncykir,14611,38,9.416199747081434,2.5879430214365517
14612,gelerutec,14612,38,,
14613,gelerutec,14613,38,,
14614,gelerutec,14614,38,,
14615,halahtohitynutqaxtiw,14615,38,,
14616,gelerutec,14616,38,,
14617,gelerutec,14617,38,,
14618,teamfinosakilechlun,14618,38,,
14619,gelerutec,14619,38,,
14620,halahtohitynutqaxtiw,14620,2240,19.81104946718432,12.08887272278571
14621,gelerutec,14621,2240,,
14622,gelerutec,14622,2240,,
14623,gelerutec,14623,2240,,
14624,gelerutec,14624,2240,,
14625,gelerutec,14625,2240,,
14626,gelerutec,14626,2240,,
14627,gelerutec,14627,2240,,
14628,gelerutec,14628,2240,,
14629,gelerutec,14629,2240,,
14630,gelerutec,14630,2240,,
14631,irtaxyncykir,14631,2240,26.33445421274512,10.03284017392124
14632,gelerutec,14632,2240,,
14633,gelerutec,14633,2240,,
14634,gelerutec,14634,2240,,
14635,halahtohitynutqaxtiw,14635,2240,19.364256119051845,9.85544891488226
14636,gelerutec,14636,2240,,
14637,gelerutec,14637,2240,,
14638,teamfinosakilechlun,14638,2240,,
14639,gelerutec,14639,2240,,
14640,halahtohitynutqaxtiw,14640,932,,
14641,gelerutec,14641,932,,
14642,gelerutec,14642,932,,
14643,gelerutec,14643,932,,
14644,gelerutec,14644,932,,
14645,gelerutec,14645,932,,
14646,gelerutec,14646,932,,
14647,gelerutec,14647,932,,
14648,gelerutec,14648,932,,
14649,gelerutec,14649,932,,
14650,gelerutec,14650,932,,
14651,irtaxyncykir,14651,932,8.121358010541224,2.295691799476302
14652,gelerutec,14652,932,,
14653,gelerutec,14653,932,,
14654,gelerutec,14654,932,,
14655,halahtohitynutqaxtiw,14655,932,,
14656,gelerutec,14656,932,,
14657,gelerutec,14657,932,,
14658,teamfinosakilechlun,14658,932,,
14659,gelerutec,14659,932,,
14660,halahtohitynutqaxtiw,14660,1570,,
14661,gelerutec,14661,1570,,
14662,gelerutec,14662,1570,,
14663,gelerutec,14663,1570,,
14664,gelerutec,14664,1570,,
14665,gelerutec,14665,1570,,
14666,gelerutec,14666,1570,,
14667,gelerutec,14667,1570,,
14668,gelerutec,14668,1570,,
14669,gelerutec,14669,1570,,
14670,gelerutec,14670,1570,,
14671,irtaxyncykir,14671,1570,13.855032662729664,5.171069322580076
14672,gelerutec,14672,1570,,
14673,gelerutec,14673,1570,,
14674,gelerutec,14674,1570,,
14675,halahtohitynutqaxtiw,14675,1570,,
14676,gelerutec,14676,1570,,
14677,gelerutec,14677,1570,,
14678,teamfinosakilechlun,14678,1570,,
14679,gelerutec,14679,1570,,
14680,halahtohitynutqaxtiw,14680,412,,
14681,gelerutec,14681,412,,
14682,gelerutec,14682,412,,
14683,gelerutec,14683,412,,
14684,gelerutec,14684,412,,
14685,gelerutec,14685,412,,
14686,gelerutec,14686,412,,
14687,gelerutec,14687,412,,
14688,gelerutec,14688,412,,
14689,gelerutec,14689,412,,
14690,gelerutec,14690,412,,
14691,irtaxyncykir,14691,412,6.086244115742986,0.6144313224110729
14692,gelerutec,14692,412,,
14693,gelerutec,14693,412,,
14694,gelerutec,14694,412,,
14695,halahtohitynutqaxtiw,14695,412,,
14696,gelerutec,14696,412,,
14697,gelerutec,14697,412,,
14698,teamfinosakilechlun,14698,412,,
14699,gelerutec,14699,412,,
14700,gelerutec,14700,180,,
14701,gelerutec,14701,180,,
14702,gelerutec,14702,180,,
14703,gelerutec,14703,180,,
14704,gelerutec,14704,180,,
14705,gelerutec,14705,180,,
14706,gelerutec,14706,180,,
14707,halahtohitynutqaxtiw,14707,180,,
14708,tayteg,14708,180,23.75829444277282,23.758294442772797
14709,pagwiusquech,14709,180,7.747709902323914,1.2737156618747094
14710,fielomevvekaevik,14710,180,23.75829444277282,23.7582944427728
14711,teamfinosakilechlun,14711,180,,
14712,teamfinosakilechlun,14712,180,,
14713,ottowyc,14713,180,18.09842753156461,7.644454947936256
14714,tehsidetegenichurgew,14714,180,11.80434368655525,2.4400430522264664
14715,halahtohitynutqaxtiw,14715,180,,
14716,ziunisoron,14716,180,,
14717,enezeserasit,14717,180,8.844503499129722,2.472915518099751
14718,pagwiusquech,14718,180,8.462941529298735,2.014306646399438
14719,tehsidetegenichurgew,14719,180,12.132031818430116,3.41773776475476
14720,gelerutec,14720,477,,
14721,gelerutec,14721,477,,
14722,gelerutec,14722,477,,
14723,gelerutec,14723,477,,
14724,gelerutec,14724,477,,
14725,gelerutec,14725,477,,
14726,gelerutec,14726,477,,
14727,halahtohitynutqaxtiw,14727,477,,
14728,tayteg,14728,477,,
14729,pagwiusquech,14729,477,21.49347993567603,10.33280622825938
14730,fielomevvekaevik,14730,477,,
14731,teamfinosakilechlun,14731,477,,
14732,teamfinosakilechlun,14732,477,,
14733,ottowyc,14733,477,23.26948685422552,12.113077730671195
14734,tehsidetegenichurgew,14734,477,16.934656070358432,5.631893242462981
14735,halahtohitynutqaxtiw,14735,477,,
14736,ziunisoron,14736,477,,
14737,enezeserasit,14737,477,18.16726300497071,12.045193324492429
14738,pagwiusquech,14738,477,27.178094234176285,10.370049785351226
14739,tehsidetegenichurgew,14739,477,,
14740,gelerutec,14740,1186,,
14741,gelerutec,14741,1186,,
14742,gelerutec,14742,1186,,
14743,gelerutec,14743,1186,,
14744,gelerutec,14744,1186,,
14745,gelerutec,14745,1186,,
14746,gelerutec,14746,1186,,
14747,halahtohitynutqaxtiw,14747,1186,,
14748,tayteg,14748,1186,,
14749,pagwiusquech,14749,1186,21.468365034247253,6.727332489505318
14750,fielomevvekaevik,14750,1186,23.75829444277282,23.75829444277282
14751,teamfinosakilechlun,14751,1186,,
14752,teamfinosakilechlun,14752,1186,,
14753,ottowyc,14753,1186,32.44190877238188,14.893926647233023
14754,tehsidetegenichurgew,14754,1186,17.909820372598983,7.327366122616001
14755,halahtohitynutqaxtiw,14755,1186,,
14756,ziunisoron,14756,1186,,
14757,enezeserasit,14757,1186,32.939293080610206,16.529594621929387
14758,pagwiusquech,14758,1186,15.5007971131807,5.912887625950231
14759,tehsidetegenichurgew,14759,1186,18.082410899447456,7.887726481613154
14760,gelerutec,14760,1157,,
14761,gelerutec,14761,1157,,
14762,gelerutec,14762,1157,,
14763,gelerutec,14763,1157,,
14764,gelerutec,14764,1157,,
14765,gelerutec,14765,1157,,
14766,gelerutec,14766,1157,,
14767,halahtohitynutqaxtiw,14767,1157,19.47371733533053,9.162830525243647
14768,tayteg,14768,1157,,
14769,pagwiusquech,14769,1157,18.25029902654996,7.377239045900246
14770,fielomevvekaevik,14770,1157,,
14771,teamfinosakilechlun,14771,1157,,
14772,teamfinosakilechlun,14772,1157,,
14773,ottowyc,14773,1157,16.079234006958067,6.694329619465908
14774,tehsidetegenichurgew,14774,1157,17.35451165012136,7.360452817299888
14775,halahtohitynutqaxtiw,14775,1157,,
14776,ziunisoron,14776,1157,,
14777,enezeserasit,14777,1157,14.261333373137973,7.17562694704126
14778,pagwiusquech,14778,1157,18.90095234355215,7.397422310563282
14779,tehsidetegenichurgew,14779,1157,17.948095474861503,7.763781787504858
14780,gelerutec,14780,1259,,
14781,gelerutec,14781,1259,,
14782,gelerutec,14782,1259,,
14783,gelerutec,14783,1259,,
14784,gelerutec,14784,1259,,
14785,gelerutec,14785,1259,,
14786,gelerutec,14786,1259,,
14787,halahtohitynutqaxtiw,14787,1259,,
14788,tayteg,14788,1259,,
14789,pagwiusquech,14789,1259,9.768953184028572,1.9635352889542803
14790,fielomevvekaevik,14790,1259,,
14791,teamfinosakilechlun,14791,1259,,
14792,teamfinosakilechlun,14792,1259,,
14793,ottowyc,14793,1259,11.647204353467682,4.827818701101784
14794,tehsidetegenichurgew,14794,1259,9.517387285459112,1.223806410548111
14795,halahtohitynutqaxtiw,14795,1259,,
14796,ziunisoron,14796,1259,,
14797,enezeserasit,14797,1259,9.1916853088008,3.3969689091684785
14798,pagwiusquech,14798,1259,6.384129855115496,1.73012787745967
14799,tehsidetegenichurgew,14799,1259,12.058983405553793,2.4839635065538377
14800,icdaif,14800,1659,29.128081381605163,8.960973819744538
14801,tehsidetegenichurgew,14801,1659,23.25929475736652,12.06611589603331
14802,neecygiw,14802,1659,23.57011135572355,11.123309751325122
14803,esleolrador,14803,1659,,
14804,owengiregi,14804,1659,31.357396716207926,12.33421771031112
14805,teamfinosakilechlun,14805,1659,23.758294442772826,23.7582944427728
14806,teamfinosakilechlun,14806,1659,23.758294442772826,23.75829444277282
14807,teamfinosakilechlun,14807,1659,23.75829444277283,23.758294442772826
14808,teamfinosakilechlun,14808,1659,23.75829444277283,23.758294442772826
14809,teamfinosakilechlun,14809,1659,,
14810,teamfinosakilechlun,14810,1659,23.758294442772826,23.75829444277281
14811,teamfinosakilechlun,14811,1659,23.758294442772826,23.7582944427728
14812,teamfinosakilechlun,14812,1659,23.75829444277283,23.758294442772826
14813,teamfinosakilechlun,14813,1659,23.75829444277282,23.75829444277282
14814,teamfinosakilechlun,14814,1659,23.758294442772826,23.758294442772787
14815,teamfinosakilechlun,14815,1659,23.758294442772826,23.75829444277282
14816,teamfinosakilechlun,14816,1659,23.75829444277283,23.758294442772826
14817,teamfinosakilechlun,14817,1659,23.75829444277283,23.758294442772826
14818,teamfinosakilechlun,14818,1659,23.75829444277283,23.75829444277282
14819,teamfinosakilechlun,14819,1659,23.75829444277282,23.75829444277282
14820,icdaif,14820,823,13.951007511048555,1.4159322070800364
14821,tehsidetegenichurgew,14821,823,16.34810308709221,6.488526644377864
14822,neecygiw,14822,823,22.23250776967099,7.003733104884187
14823,esleolrador,14823,823,,
14824,owengiregi,14824,823,23.75829444277282,3.9612219153262975
14825,teamfinosakilechlun,14825,823,23.75829444277282,23.75829444277282
14826,teamfinosakilechlun,14826,823,23.758294442772826,23.75829444277282
14827,teamfinosakilechlun,14827,823,23.758294442772826,23.75829444277282
14828,teamfinosakilechlun,14828,823,23.758294442772826,23.75829444277282
14829,teamfinosakilechlun,14829,823,23.758294442772826,23.75829444277282
14830,teamfinosakilechlun,14830,823,23.75829444277282,23.75829444277281
14831,teamfinosakilechlun,14831,823,23.758294442772826,23.75829444277282
14832,teamfinosakilechlun,14832,823,23.758294442772826,23.75829444277282
14833,teamfinosakilechlun,14833,823,23.75829444277282,23.75829444277282
14834,teamfinosakilechlun,14834,823,23.75829444277282,23.75829444277281
14835,teamfinosakilechlun,14835,823,23.75829444277282,23.75829444277281
14836,teamfinosakilechlun,14836,823,23.75829444277282,23.75829444277282
14837,teamfinosakilechlun,14837,823,23.75829444277282,23.75829444277281
14838,teamfinosakilechlun,14838,823,23.758294442772826,23.75829444277282
14839,teamfinosakilechlun,14839,823,23.758294442772826,23.75829444277282
14840,icdaif,14840,2088,31.83624489395407,8.300610752629046
14841,tehsidetegenichurgew,14841,2088,19.315493381974303,9.278883815994275
14842,neecygiw,14842,2088,19.853261861871683,7.144345796651085
14843,esleolrador,14843,2088,,
14844,owengiregi,14844,2088,18.155210176154807,6.945305564656346
14845,teamfinosakilechlun,14845,2088,23.75829444277282,23.7582944427728
14846,teamfinosakilechlun,14846,2088,23.75829444277282,23.7582944427728
14847,teamfinosakilechlun,14847,2088,23.7582944427728,23.7582944427728
14848,teamfinosakilechlun,14848,2088,23.7582944427728,23.7582944427728
14849,teamfinosakilechlun,14849,2088,23.75829444277282,23.75829444277282
14850,teamfinosakilechlun,14850,2088,23.75829444277282,23.75829444277282
14851,teamfinosakilechlun,14851,2088,23.75829444277282,23.7582944427728
14852,teamfinosakilechlun,14852,2088,23.75829444277283,23.75829444277282
14853,teamfinosakilechlun,14853,2088,23.75829444277282,23.7582944427728
14854,teamfinosakilechlun,14854,2088,23.75829444277283,23.7582944427728
14855,teamfinosakilechlun,14855,2088,23.75829444277282,23.7582944427728
14856,teamfinosakilechlun,14856,2088,23.75829444277282,23.75829444277282
14857,teamfinosakilechlun,14857,2088,23.75829444277282,23.7582944427728
14858,teamfinosakilechlun,14858,2088,23.75829444277283,23.75829444277282
14859,teamfinosakilechlun,14859,2088,23.75829444277282,23.75829444277282
14860,teamfinosakilechlun,14860,269,,
14861,teamfinosakilechlun,14861,269,,
14862,teamfinosakilechlun,14862,269,,
14863,teamfinosakilechlun,14863,269,,
14864,teamfinosakilechlun,14864,269,,
14865,teamfinosakilechlun,14865,269,,
14866,tehsidetegenichurgew,14866,269,19.50904785700597,8.187874787398354
14867,qelaebwaxvaces,14867,269,18.962016684312708,7.421239711973509
14868,juchlibnaltyve,14868,269,16.3314174333154,6.431281345956405
14869,pagwiusquech,14869,269,19.847607414425664,9.822826943817196
14870,nautav,14870,269,36.85784240859361,5.658161907723827
14871,pagwiusquech,14871,269,14.5654958414905,6.341316621403193
14872,pagwiusquech,14872,269,,
14873,juchlibnaltyve,14873,269,18.32251243482657,8.775978661755678
14874,enmeifranadbaed,14874,269,,
14875,pagwiusquech,14875,269,,
14876,enmeifranadbaed,14876,269,,
14877,idlisnoepidbypuves,14877,269,23.75829444277282,23.75829444277282
14878,xosovuchubatac,14878,269,23.75829444277282,23.75829444277282
14879,tayteg,14879,269,,
14880,teamfinosakilechlun,14880,1950,,
14881,teamfinosakilechlun,14881,1950,,
14882,teamfinosakilechlun,14882,1950,,
14883,teamfinosakilechlun,14883,1950,,
14884,teamfinosakilechlun,14884,1950,,
14885,teamfinosakilechlun,14885,1950,,
14886,tehsidetegenichurgew,14886,1950,25.09063476047347,12.504641669505371
14887,qelaebwaxvaces,14887,1950,28.45693823582907,14.735584314641471
14888,juchlibnaltyve,14888,1950,26.855579499872075,12.674905239961902
14889,pagwiusquech,14889,1950,23.843651406883783,11.91776562869561
14890,nautav,14890,1950,26.284447562013614,9.705784289251328
14891,pagwiusquech,14891,1950,20.11791423091417,11.324533444587768
14892,pagwiusquech,14892,1950,25.091816746024023,12.825978202723242
14893,juchlibnaltyve,14893,1950,24.48353069136435,13.637938089397188
14894,enmeifranadbaed,14894,1950,,
14895,pagwiusquech,14895,1950,23.75829444277281,13.291521531161823
14896,enmeifranadbaed,14896,1950,,
14897,idlisnoepidbypuves,14897,1950,,
14898,xosovuchubatac,14898,1950,23.75829444277283,23.75829444277282
14899,tayteg,14899,1950,,
14900,teamfinosakilechlun,14900,1357,,
14901,teamfinosakilechlun,14901,1357,,
14902,teamfinosakilechlun,14902,1357,,
14903,teamfinosakilechlun,14903,1357,,
14904,teamfinosakilechlun,14904,1357,,
14905,teamfinosakilechlun,14905,1357,,
14906,tehsidetegenichurgew,14906,1357,,
14907,qelaebwaxvaces,14907,1357,8.847864369500542,2.7019589454498107
14908,juchlibnaltyve,14908,1357,6.552973923660247,1.9084777327500744
14909,pagwiusquech,14909,1357,,
14910,nautav,14910,1357,,
14911,pagwiusquech,14911,1357,,
14912,pagwiusquech,14912,1357,,
14913,juchlibnaltyve,14913,1357,7.253874569955437,2.5739380939961154
14914,enmeifranadbaed,14914,1357,,
14915,pagwiusquech,14915,1357,,
14916,enmeifranadbaed,14916,1357,,
14917,idlisnoepidbypuves,14917,1357,,
14918,xosovuchubatac,14918,1357,,
14919,tayteg,14919,1357,,
14920,teamfinosakilechlun,14920,2019,,
14921,teamfinosakilechlun,14921,2019,,
14922,teamfinosakilechlun,14922,2019,,
14923,teamfinosakilechlun,14923,2019,,
14924,teamfinosakilechlun,14924,2019,,
14925,teamfinosakilechlun,14925,2019,,
14926,tehsidetegenichurgew,14926,2019,,
14927,qelaebwaxvaces,14927,2019,,
14928,juchlibnaltyve,14928,2019,14.021709645099056,4.916788078755911
14929,pagwiusquech,14929,2019,,
14930,nautav,14930,2019,,
14931,pagwiusquech,14931,2019,,
14932,pagwiusquech,14932,2019,,
14933,juchlibnaltyve,14933,2019,9.586976882126988,2.6163166078235154
14934,enmeifranadbaed,14934,2019,,
14935,pagwiusquech,14935,2019,,
14936,enmeifranadbaed,14936,2019,,
14937,idlisnoepidbypuves,14937,2019,,
14938,xosovuchubatac,14938,2019,,
14939,tayteg,14939,2019,,
14940,irutorob,14940,1538,7.732535036681562,3.6672379214583226
14941,ditlietan,14941,1538,6.79454390174079,1.812835612331632
14942,mogerbexenal,14942,1538,13.746028783419408,1.610134316878011
14943,ovaftequaat,14943,1538,11.317322777235654,2.9927524292075818
14944,ditlietan,14944,1538,7.840782265747536,2.201693816127863
14945,ovaftequaat,14945,1538,16.096244484978584,3.4102118301850224
14946,esiltohrabetsaticmo,14946,1538,14.709780049748924,1.9711574650787964
14947,ducira,14947,1538,9.404393531145017,0.7248869297293979
14948,mogerbexenal,14948,1538,10.481289406366413,2.347615212115256
14949,ovaftequaat,14949,1538,16.641437612566094,3.911598004489766
14950,ditlietan,14950,1538,6.72773180840408,1.9477853683645343
14951,ovaftequaat,14951,1538,15.109145339816584,2.8481148039517654
14952,esiltohrabetsaticmo,14952,1538,11.732758981830182,2.7079566419405934
14953,ovaftequaat,14953,1538,13.153476135340997,3.2766065082770446
14954,juchlibnaltyve,14954,1538,9.869076694043152,3.059563453993486
14955,mogerbexenal,14955,1538,11.891175442867478,1.756239352939689
14956,ducira,14956,1538,10.306310212621025,0.5284486506557312
14957,ovaftequaat,14957,1538,13.700586799483194,3.393076822440262
14958,esiltohrabetsaticmo,14958,1538,17.032385540422627,2.1513071331220397
14959,ditlietan,14959,1538,7.764781812258023,1.7297219327558997
14960,irutorob,14960,543,18.44910195687865,7.982312197600934
14961,ditlietan,14961,543,21.485425699809284,7.141636066311477
14962,mogerbexenal,14962,543,23.43466728160864,7.31864479507939
14963,ovaftequaat,14963,543,25.104060479789588,9.440375582119268
14964,ditlietan,14964,543,20.220543118662683,8.164770089268057
14965,ovaftequaat,14965,543,24.470056530870608,7.621613738186049
14966,esiltohrabetsaticmo,14966,543,23.75829444277282,7.557391074601951
14967,ducira,14967,543,20.81723853203995,4.554173770130519
14968,mogerbexenal,14968,543,29.667625790148804,6.687165030895409
14969,ovaftequaat,14969,543,27.36361562445072,10.317164456608344
14970,ditlietan,14970,543,20.588622040324143,6.77232636922369
14971,ovaftequaat,14971,543,20.620467238074347,8.3020629430163
14972,esiltohrabetsaticmo,14972,543,25.376767295796157,7.769377361112585
14973,ovaftequaat,14973,543,25.5859481264911,10.671298037320376
14974,juchlibnaltyve,14974,543,22.906342507637262,9.00170192759835
14975,mogerbexenal,14975,543,24.47696798146569,7.563214152708432
14976,ducira,14976,543,23.748831135835147,4.523473867174008
14977,ovaftequaat,14977,543,22.856026452743237,7.634422850542808
14978,esiltohrabetsaticmo,14978,543,27.16388195865915,7.46506166877982
14979,ditlietan,14979,543,19.614629042440704,7.217879365634004
14980,irutorob,14980,1775,7.49388578614768,2.2223852376509887
14981,ditlietan,14981,1775,4.3493058050789895,1.12692333656663
14982,mogerbexenal,14982,1775,5.613471267982648,0.981393708977108
14983,ovaftequaat,14983,1775,,
14984,ditlietan,14984,1775,5.1081407619109855,1.249187997992267
14985,ovaftequaat,14985,1775,,
14986,esiltohrabetsaticmo,14986,1775,3.153159341506868,1.3829587371241876
14987,ducira,14987,1775,5.784899167021713,0.4117154849912437
14988,mogerbexenal,14988,1775,7.015849710365495,0.6502608297708025
14989,ovaftequaat,14989,1775,,
14990,ditlietan,14990,1775,3.9139785115662113,1.236546272283427
14991,ovaftequaat,14991,1775,,
14992,esiltohrabetsaticmo,14992,1775,,
14993,ovaftequaat,14993,1775,,
14994,juchlibnaltyve,14994,1775,8.065084355210193,2.058237444838933
14995,mogerbexenal,14995,1775,6.42549707474304,0.526074228893728
14996,ducira,14996,1775,5.8259641439659,0.2648746978310525
14997,ovaftequaat,14997,1775,,
14998,esiltohrabetsaticmo,14998,1775,,
14999,ditlietan,14999,1775,4.8006213514873615,1.202297922749035
15000,esiltohrabetsaticmo,15000,1120,12.946708092535976,3.202060010009187
15001,irutorob,15001,1120,8.488609357063,4.023466077558426
15002,agnontaofquoejenos,15002,1120,,
15003,filase,15003,1120,9.434115590475203,1.9581195739259305
15004,esiltohrabetsaticmo,15004,1120,16.710489517545962,2.110566974896804
15005,ditlietan,15005,1120,,
15006,esiltohrabetsaticmo,15006,1120,14.91518718265088,2.119812715278769
15007,esiltohrabetsaticmo,15007,1120,23.758294442772826,2.92039797240602
15008,irutorob,15008,1120,7.097547607146206,3.22714518562683
15009,usiquah,15009,1120,8.426016851251555,3.194136004838038
15010,ducira,15010,1120,9.989211932078534,1.9790105472581023
15011,esiltohrabetsaticmo,15011,1120,23.75829444277282,3.325000552861009
15012,ditlietan,15012,1120,,
15013,tayteg,15013,1120,,
15014,tayteg,15014,1120,,
15015,tayteg,15015,1120,,
15016,ducira,15016,1120,10.798095639627851,2.482454292133203
15017,tayteg,15017,1120,,
15018,tayteg,15018,1120,,
15019,tayteg,15019,1120,,
15020,tayteg,15020,2170,23.75829444277283,23.75829444277282
15021,tayteg,15021,2170,,
15022,tayteg,15022,2170,,
15023,tayteg,15023,2170,,
15024,tayteg,15024,2170,,
15025,tayteg,15025,2170,,
15026,tayteg,15026,2170,,
15027,tayteg,15027,2170,,
15028,tayteg,15028,2170,,
15029,icdaif,15029,2170,22.043387397679485,7.634337926243809
15030,ducira,15030,2170,22.607135514305984,5.224839963490609
15031,qelaebwaxvaces,15031,2170,23.75829444277283,8.395530754803282
15032,ladineznif,15032,2170,,
15033,icdaif,15033,2170,23.75829444277283,8.409658915840792
15034,ducira,15034,2170,23.7582944427728,5.462438159072761
15035,usiquah,15035,2170,22.54583039225738,9.562412095472922
15036,pagwiusquech,15036,2170,19.85203486477526,9.946908238005184
15037,teamfinosakilechlun,15037,2170,23.75829444277282,23.7582944427728
15038,teamfinosakilechlun,15038,2170,,
15039,teamfinosakilechlun,15039,2170,,
15040,tayteg,15040,943,,
15041,tayteg,15041,943,,
15042,tayteg,15042,943,,
15043,tayteg,15043,943,,
15044,tayteg,15044,943,,
15045,tayteg,15045,943,,
15046,tayteg,15046,943,,
15047,tayteg,15047,943,,
15048,tayteg,15048,943,,
15049,icdaif,15049,943,18.895735202956114,6.832138994474504
15050,ducira,15050,943,22.00525239786535,3.986885349460122
15051,qelaebwaxvaces,15051,943,18.740588320953385,7.444350587462918
15052,ladineznif,15052,943,23.75829444277281,23.75829444277281
15053,icdaif,15053,943,21.39029508489724,6.335744420996089
15054,ducira,15054,943,20.5052961196264,4.315743311950879
15055,usiquah,15055,943,17.597793235329615,7.074157080822267
15056,pagwiusquech,15056,943,,
15057,teamfinosakilechlun,15057,943,,
15058,teamfinosakilechlun,15058,943,,
15059,teamfinosakilechlun,15059,943,,
15060,tayteg,15060,1640,,
15061,tayteg,15061,1640,,
15062,tayteg,15062,1640,,
15063,tayteg,15063,1640,,
15064,tayteg,15064,1640,,
15065,tayteg,15065,1640,,
15066,tayteg,15066,1640,,
15067,tayteg,15067,1640,,
15068,tayteg,15068,1640,,
15069,icdaif,15069,1640,,
15070,ducira,15070,1640,,
15071,qelaebwaxvaces,15071,1640,,
15072,ladineznif,15072,1640,,
15073,icdaif,15073,1640,,
15074,ducira,15074,1640,,
15075,usiquah,15075,1640,,
15076,pagwiusquech,15076,1640,,
15077,teamfinosakilechlun,15077,1640,,
15078,teamfinosakilechlun,15078,1640,,
15079,teamfinosakilechlun,15079,1640,,
15080,tayteg,15080,128,,
15081,tayteg,15081,128,,
15082,tayteg,15082,128,,
15083,tayteg,15083,128,,
15084,tayteg,15084,128,,
15085,tayteg,15085,128,,
15086,tayteg,15086,128,,
15087,tayteg,15087,128,,
15088,tayteg,15088,128,,
15089,icdaif,15089,128,40.361658955683765,18.4845151217689
15090,ducira,15090,128,31.61121439165588,8.744234693180333
15091,qelaebwaxvaces,15091,128,13.647260679406754,5.0382102504071495
15092,ladineznif,15092,128,,
15093,icdaif,15093,128,36.08582465960351,18.019986404322808
15094,ducira,15094,128,33.52121913312957,10.35007691543865
15095,usiquah,15095,128,33.835950513999464,14.394162859271018
15096,pagwiusquech,15096,128,,
15097,teamfinosakilechlun,15097,128,,
15098,teamfinosakilechlun,15098,128,,
15099,teamfinosakilechlun,15099,128,,
15100,tayteg,15100,155,,
15101,tayteg,15101,155,,
15102,tayteg,15102,155,,
15103,tayteg,15103,155,,
15104,tayteg,15104,155,,
15105,tayteg,15105,155,,
15106,tayteg,15106,155,,
15107,tayteg,15107,155,,
15108,tayteg,15108,155,,
15109,icdaif,15109,155,14.938390326180754,3.0032291662722748
15110,ducira,15110,155,12.689197270622437,1.2639780913645495
15111,qelaebwaxvaces,15111,155,8.538010056027426,3.469750733121622
15112,ladineznif,15112,155,,
15113,icdaif,15113,155,11.00878440384639,2.9595252866866235
15114,ducira,15114,155,10.645164652350047,1.4628000497502889
15115,usiquah,15115,155,8.722641621418564,3.485754483042392
15116,pagwiusquech,15116,155,,
15117,teamfinosakilechlun,15117,155,,
15118,teamfinosakilechlun,15118,155,,
15119,teamfinosakilechlun,15119,155,,
15120,tayteg,15120,834,,
15121,tayteg,15121,834,23.758294442772826,23.75829444277282
15122,tayteg,15122,834,,
15123,tayteg,15123,834,23.75829444277282,23.75829444277281
15124,tayteg,15124,834,23.758294442772826,23.75829444277279
15125,tayteg,15125,834,,
15126,tayteg,15126,834,,
15127,tayteg,15127,834,,
15128,tayteg,15128,834,,
15129,icdaif,15129,834,11.2499811634488,2.830876092447043
15130,ducira,15130,834,13.630197821822485,0.5115710645146846
15131,qelaebwaxvaces,15131,834,8.50892516441404,2.039817310240556
15132,ladineznif,15132,834,,
15133,icdaif,15133,834,12.526718890645771,1.6057804987273767
15134,ducira,15134,834,12.446577097980729,0.6451636824992126
15135,usiquah,15135,834,8.95371471813449,2.983193693934726
15136,pagwiusquech,15136,834,17.64887127689116,8.733356728163228
15137,teamfinosakilechlun,15137,834,23.75829444277282,23.75829444277282
15138,teamfinosakilechlun,15138,834,,
15139,teamfinosakilechlun,15139,834,,
15140,icdaif,15140,688,27.37551913865401,10.144802621537377
15141,teamfinosakilechlun,15141,688,,
15142,pagwiusquech,15142,688,27.368875329561988,12.39202396744466
15143,teamfinosakilechlun,15143,688,,
15144,teamfinosakilechlun,15144,688,,
15145,teamfinosakilechlun,15145,688,,
15146,teamfinosakilechlun,15146,688,,
15147,icdaif,15147,688,26.47512364111739,11.032194986331636
15148,teamfinosakilechlun,15148,688,,
15149,teamfinosakilechlun,15149,688,,
15150,teamfinosakilechlun,15150,688,,
15151,teamfinosakilechlun,15151,688,,
15152,teamfinosakilechlun,15152,688,,
15153,teamfinosakilechlun,15153,688,,
15154,teamfinosakilechlun,15154,688,,
15155,teamfinosakilechlun,15155,688,,
15156,avyboviqsenilnale,15156,688,25.48995593643361,13.050295470957394
15157,soatnateldyrivniar,15157,688,27.77251842940429,9.918735247161155
15158,mogerbexenal,15158,688,23.606404940759067,10.402620888605682
15159,tiradcharedqiraslesyr,15159,688,27.58887748427657,11.070851095525692
15160,icdaif,15160,526,42.678051426383085,16.694750250189017
15161,teamfinosakilechlun,15161,526,,
15162,pagwiusquech,15162,526,34.054996752417054,16.431050433589345
15163,teamfinosakilechlun,15163,526,,
15164,teamfinosakilechlun,15164,526,,
15165,teamfinosakilechlun,15165,526,,
15166,teamfinosakilechlun,15166,526,,
15167,icdaif,15167,526,39.90474594726757,17.841428442116996
15168,teamfinosakilechlun,15168,526,,
15169,teamfinosakilechlun,15169,526,,
15170,teamfinosakilechlun,15170,526,,
15171,teamfinosakilechlun,15171,526,,
15172,teamfinosakilechlun,15172,526,,
15173,teamfinosakilechlun,15173,526,,
15174,teamfinosakilechlun,15174,526,,
15175,teamfinosakilechlun,15175,526,,
15176,avyboviqsenilnale,15176,526,43.257357272544056,16.735226394581904
15177,soatnateldyrivniar,15177,526,39.50145917615118,21.18271715548697
15178,mogerbexenal,15178,526,38.06977282419779,16.571412410952576
15179,tiradcharedqiraslesyr,15179,526,39.81990971242207,15.851311866667508
15180,icdaif,15180,238,17.79549344064774,5.319863278724728
15181,teamfinosakilechlun,15181,238,,
15182,pagwiusquech,15182,238,13.639819396524896,4.333209071781718
15183,teamfinosakilechlun,15183,238,,
15184,teamfinosakilechlun,15184,238,,
15185,teamfinosakilechlun,15185,238,,
15186,teamfinosakilechlun,15186,238,,
15187,icdaif,15187,238,20.904605659999927,3.9620447031236288
15188,teamfinosakilechlun,15188,238,,
15189,teamfinosakilechlun,15189,238,,
15190,teamfinosakilechlun,15190,238,,
15191,teamfinosakilechlun,15191,238,,
15192,teamfinosakilechlun,15192,238,,
15193,teamfinosakilechlun,15193,238,,
15194,teamfinosakilechlun,15194,238,,
15195,teamfinosakilechlun,15195,238,,
15196,avyboviqsenilnale,15196,238,23.75829444277283,8.047388276170292
15197,soatnateldyrivniar,15197,238,25.95441436351639,4.47272662831947
15198,mogerbexenal,15198,238,18.480759829994955,4.311435806274537
15199,tiradcharedqiraslesyr,15199,238,23.75829444277281,4.900081988310561
15200,esleolrador,15200,1089,,
15201,avyboviqsenilnale,15201,1089,12.842862881104168,6.155955163335951
15202,esleolrador,15202,1089,12.947796891395818,3.908332659317633
15203,mogerbexenal,15203,1089,12.043413595500928,2.763077216615103
15204,avyboviqsenilnale,15204,1089,11.061769685054845,4.278653945528665
15205,icdaif,15205,1089,11.788563407060682,2.128891952659329
15206,teamfinosakilechlun,15206,1089,,
15207,icdaif,15207,1089,12.894200736236836,3.574205202775945
15208,teamfinosakilechlun,15208,1089,,
15209,avyboviqsenilnale,15209,1089,12.654587361673888,4.613116977816769
15210,teamfinosakilechlun,15210,1089,,
15211,avyboviqsenilnale,15211,1089,10.081256768114477,3.870148451800489
15212,tehsidetegenichurgew,15212,1089,,
15213,daciwyspelehpe,15213,1089,14.001438054605998,3.635068546185626
15214,catafewechu,15214,1089,11.242519982411832,4.6423524145587445
15215,avyboviqsenilnale,15215,1089,8.80581007545939,4.423179458244165
15216,icdaif,15216,1089,10.552155108063507,3.437414530432823
15217,avyboviqsenilnale,15217,1089,9.196795260877888,4.396412994536057
15218,ditlietan,15218,1089,9.619690059357035,3.123725946652393
15219,avyboviqsenilnale,15219,1089,10.322698664714697,3.7405112435617207
15220,esleolrador,15220,501,,
15221,avyboviqsenilnale,15221,501,41.86602077658144,20.85210283881253
15222,esleolrador,15222,501,35.863078557323576,18.96960604494524
15223,mogerbexenal,15223,501,32.42774543534599,19.60587024881941
15224,avyboviqsenilnale,15224,501,32.943821814659934,20.926639169604137
15225,icdaif,15225,501,34.0287861459748,18.83484703227012
15226,teamfinosakilechlun,15226,501,,
15227,icdaif,15227,501,35.78445084793426,19.40361143287983
15228,teamfinosakilechlun,15228,501,,
15229,avyboviqsenilnale,15229,501,36.2834553024104,18.8401711386256
15230,teamfinosakilechlun,15230,501,,
15231,avyboviqsenilnale,15231,501,34.719918068826594,18.71753243161298
15232,tehsidetegenichurgew,15232,501,40.93614797102799,21.56477841604337
15233,daciwyspelehpe,15233,501,37.49262634689209,19.65691302280913
15234,catafewechu,15234,501,,
15235,avyboviqsenilnale,15235,501,37.16694431249175,20.37840291522864
15236,icdaif,15236,501,35.91658758566621,19.69540762254761
15237,avyboviqsenilnale,15237,501,32.02213342510948,17.277968718100382
15238,ditlietan,15238,501,36.60740284326733,17.708684914133926
15239,avyboviqsenilnale,15239,501,33.158281542235805,18.962016684312697
15240,esleolrador,15240,2032,,
15241,avyboviqsenilnale,15241,2032,14.54649286113301,7.92181810835357
15242,esleolrador,15242,2032,20.24688890246816,4.648625941370806
15243,mogerbexenal,15243,2032,16.11547055479474,3.521704235555348
15244,avyboviqsenilnale,15244,2032,12.525738968859164,5.760911452071969
15245,icdaif,15245,2032,15.23778702518652,4.760082468996705
15246,teamfinosakilechlun,15246,2032,,
15247,icdaif,15247,2032,15.030906445013828,4.966126098217861
15248,teamfinosakilechlun,15248,2032,,
15249,avyboviqsenilnale,15249,2032,15.507370255291022,8.088749507148847
15250,teamfinosakilechlun,15250,2032,,
15251,avyboviqsenilnale,15251,2032,13.46666298018263,5.532235171216953
15252,tehsidetegenichurgew,15252,2032,,
15253,daciwyspelehpe,15253,2032,14.2811270445452,4.702104758685276
15254,catafewechu,15254,2032,12.372910452908336,4.438589214687083
15255,avyboviqsenilnale,15255,2032,12.967389452897782,6.2052133304184975
15256,icdaif,15256,2032,13.808360122224242,5.144427433651516
15257,avyboviqsenilnale,15257,2032,12.386667570406122,6.51888959284409
15258,ditlietan,15258,2032,15.053320913022876,5.548267532740872
15259,avyboviqsenilnale,15259,2032,15.697109142183344,6.069790489379681
15260,tayteg,15260,1247,,
15261,tayteg,15261,1247,,
15262,tayteg,15262,1247,,
15263,tayteg,15263,1247,,
15264,tayteg,15264,1247,,
15265,tayteg,15265,1247,,
15266,tayteg,15266,1247,,
15267,tayteg,15267,1247,,
15268,tayteg,15268,1247,,
15269,tayteg,15269,1247,,
15270,tayteg,15270,1247,,
15271,tayteg,15271,1247,,
15272,tayteg,15272,1247,,
15273,asgerledazeg,15273,1247,16.60473632880951,5.384876760916478
15274,ditlietan,15274,1247,11.026275451215254,3.2556163427619715
15275,gelerutec,15275,1247,,
15276,gelerutec,15276,1247,,
15277,gelerutec,15277,1247,,
15278,gelerutec,15278,1247,,
15279,gelerutec,15279,1247,,
15280,tayteg,15280,2232,,
15281,tayteg,15281,2232,,
15282,tayteg,15282,2232,,
15283,tayteg,15283,2232,,
15284,tayteg,15284,2232,,
15285,tayteg,15285,2232,,
15286,tayteg,15286,2232,,
15287,tayteg,15287,2232,,
15288,tayteg,15288,2232,,
15289,tayteg,15289,2232,,
15290,tayteg,15290,2232,,
15291,tayteg,15291,2232,,
15292,tayteg,15292,2232,,
15293,asgerledazeg,15293,2232,,
15294,ditlietan,15294,2232,,
15295,gelerutec,15295,2232,,
15296,gelerutec,15296,2232,,
15297,gelerutec,15297,2232,,
15298,gelerutec,15298,2232,,
15299,gelerutec,15299,2232,,
15300,tayteg,15300,310,,
15301,tayteg,15301,310,,
15302,tayteg,15302,310,,
15303,tayteg,15303,310,,
15304,tayteg,15304,310,,
15305,tayteg,15305,310,,
15306,tayteg,15306,310,,
15307,tayteg,15307,310,,
15308,tayteg,15308,310,,
15309,tayteg,15309,310,,
15310,tayteg,15310,310,,
15311,tayteg,15311,310,23.75829444277282,23.75829444277282
15312,tayteg,15312,310,,
15313,asgerledazeg,15313,310,,
15314,ditlietan,15314,310,11.445292486494315,3.763048558969434
15315,gelerutec,15315,310,,
15316,gelerutec,15316,310,,
15317,gelerutec,15317,310,,
15318,gelerutec,15318,310,,
15319,gelerutec,15319,310,,
15320,tayteg,15320,1808,,
15321,tayteg,15321,1808,,
15322,tayteg,15322,1808,,
15323,tayteg,15323,1808,,
15324,tayteg,15324,1808,,
15325,tayteg,15325,1808,,
15326,tayteg,15326,1808,,
15327,tayteg,15327,1808,,
15328,tayteg,15328,1808,,
15329,tayteg,15329,1808,,
15330,tayteg,15330,1808,,
15331,tayteg,15331,1808,,
15332,tayteg,15332,1808,,
15333,asgerledazeg,15333,1808,,
15334,ditlietan,15334,1808,7.089970999777943,2.135372177264342
15335,gelerutec,15335,1808,,
15336,gelerutec,15336,1808,,
15337,gelerutec,15337,1808,,
15338,gelerutec,15338,1808,,
15339,gelerutec,15339,1808,,
15340,tayteg,15340,574,,
15341,tayteg,15341,574,,
15342,tayteg,15342,574,,
15343,tayteg,15343,574,,
15344,tayteg,15344,574,,
15345,tayteg,15345,574,,
15346,tayteg,15346,574,,
15347,tayteg,15347,574,,
15348,tayteg,15348,574,,
15349,tayteg,15349,574,,
15350,tayteg,15350,574,,
15351,tayteg,15351,574,,
15352,tayteg,15352,574,,
15353,asgerledazeg,15353,574,66.76703370319827,25.18790399983789
15354,ditlietan,15354,574,53.30203518503576,23.80839750045495
15355,gelerutec,15355,574,,
15356,gelerutec,15356,574,,
15357,gelerutec,15357,574,,
15358,gelerutec,15358,574,,
15359,gelerutec,15359,574,,
15360,gelerutec,15360,1062,,
15361,gelerutec,15361,1062,,
15362,gelerutec,15362,1062,,
15363,gelerutec,15363,1062,,
15364,gelerutec,15364,1062,,
15365,gelerutec,15365,1062,,
15366,gelerutec,15366,1062,,
15367,gelerutec,15367,1062,,
15368,gelerutec,15368,1062,,
15369,gelerutec,15369,1062,,
15370,gelerutec,15370,1062,,
15371,gelerutec,15371,1062,,
15372,gelerutec,15372,1062,,
15373,gelerutec,15373,1062,,
15374,gelerutec,15374,1062,,
15375,gelerutec,15375,1062,,
15376,gelerutec,15376,1062,,
15377,gelerutec,15377,1062,,
15378,gelerutec,15378,1062,,
15379,ingifokraelgaimche,15379,1062,24.914988339557052,9.559301115780556
15380,gelerutec,15380,808,,
15381,gelerutec,15381,808,,
15382,gelerutec,15382,808,,
15383,gelerutec,15383,808,,
15384,gelerutec,15384,808,,
15385,gelerutec,15385,808,,
15386,gelerutec,15386,808,,
15387,gelerutec,15387,808,,
15388,gelerutec,15388,808,,
15389,gelerutec,15389,808,,
15390,gelerutec,15390,808,,
15391,gelerutec,15391,808,,
15392,gelerutec,15392,808,,
15393,gelerutec,15393,808,,
15394,gelerutec,15394,808,,
15395,gelerutec,15395,808,,
15396,gelerutec,15396,808,,
15397,gelerutec,15397,808,,
15398,gelerutec,15398,808,,
15399,ingifokraelgaimche,15399,808,13.4963937543103,1.5284587942522856
15400,gelerutec,15400,2080,,
15401,gelerutec,15401,2080,,
15402,gelerutec,15402,2080,,
15403,gelerutec,15403,2080,,
15404,gelerutec,15404,2080,,
15405,gelerutec,15405,2080,,
15406,gelerutec,15406,2080,,
15407,gelerutec,15407,2080,,
15408,gelerutec,15408,2080,,
15409,gelerutec,15409,2080,,
15410,gelerutec,15410,2080,,
15411,gelerutec,15411,2080,,
15412,gelerutec,15412,2080,,
15413,gelerutec,15413,2080,,
15414,gelerutec,15414,2080,,
15415,gelerutec,15415,2080,,
15416,gelerutec,15416,2080,,
15417,gelerutec,15417,2080,,
15418,gelerutec,15418,2080,,
15419,ingifokraelgaimche,15419,2080,6.4964301427330415,1.0213471729902126
15420,gelerutec,15420,592,,
15421,gelerutec,15421,592,,
15422,gelerutec,15422,592,,
15423,gelerutec,15423,592,,
15424,gelerutec,15424,592,,
15425,gelerutec,15425,592,,
15426,gelerutec,15426,592,,
15427,gelerutec,15427,592,,
15428,gelerutec,15428,592,,
15429,gelerutec,15429,592,,
15430,gelerutec,15430,592,,
15431,gelerutec,15431,592,,
15432,gelerutec,15432,592,,
15433,gelerutec,15433,592,,
15434,gelerutec,15434,592,,
15435,gelerutec,15435,592,,
15436,gelerutec,15436,592,,
15437,gelerutec,15437,592,,
15438,gelerutec,15438,592,,
15439,ingifokraelgaimche,15439,592,62.46965623619763,17.23948477307843
15440,gelerutec,15440,164,,
15441,gelerutec,15441,164,,
15442,gelerutec,15442,164,,
15443,gelerutec,15443,164,,
15444,gelerutec,15444,164,,
15445,gelerutec,15445,164,,
15446,gelerutec,15446,164,,
15447,gelerutec,15447,164,,
15448,gelerutec,15448,164,,
15449,gelerutec,15449,164,,
15450,gelerutec,15450,164,,
15451,gelerutec,15451,164,,
15452,gelerutec,15452,164,,
15453,gelerutec,15453,164,,
15454,gelerutec,15454,164,,
15455,gelerutec,15455,164,,
15456,gelerutec,15456,164,,
15457,gelerutec,15457,164,,
15458,gelerutec,15458,164,,
15459,ingifokraelgaimche,15459,164,5.002164864062332,1.13161681251427
15460,gelerutec,15460,150,,
15461,gelerutec,15461,150,,
15462,gelerutec,15462,150,,
15463,gelerutec,15463,150,,
15464,gelerutec,15464,150,,
15465,gelerutec,15465,150,,
15466,gelerutec,15466,150,,
15467,gelerutec,15467,150,,
15468,gelerutec,15468,150,,
15469,gelerutec,15469,150,,
15470,gelerutec,15470,150,,
15471,gelerutec,15471,150,,
15472,gelerutec,15472,150,,
15473,gelerutec,15473,150,,
15474,gelerutec,15474,150,,
15475,gelerutec,15475,150,,
15476,gelerutec,15476,150,,
15477,gelerutec,15477,150,,
15478,gelerutec,15478,150,,
15479,ingifokraelgaimche,15479,150,12.177093812020097,1.381538608298989
15480,gelerutec,15480,588,,
15481,gelerutec,15481,588,,
15482,gelerutec,15482,588,,
15483,gelerutec,15483,588,,
15484,gelerutec,15484,588,,
15485,gelerutec,15485,588,,
15486,gelerutec,15486,588,,
15487,gelerutec,15487,588,,
15488,gelerutec,15488,588,,
15489,gelerutec,15489,588,,
15490,gelerutec,15490,588,,
15491,gelerutec,15491,588,,
15492,gelerutec,15492,588,,
15493,gelerutec,15493,588,,
15494,gelerutec,15494,588,,
15495,gelerutec,15495,588,,
15496,gelerutec,15496,588,,
15497,gelerutec,15497,588,,
15498,gelerutec,15498,588,,
15499,ingifokraelgaimche,15499,588,5.411248553833089,2.041292297614943
15500,keertorbilailsizoc,15500,1695,,
15501,ditlietan,15501,1695,14.566759403591236,6.363767266282928
15502,ingifokraelgaimche,15502,1695,17.03447576087602,4.861352094389483
15503,irutorob,15503,1695,17.74721264591881,7.132994879324992
15504,lowmeginqodonvar,15504,1695,17.490426520725176,6.446370428286296
15505,irutorob,15505,1695,17.286389842390417,7.948974746168234
15506,lowmeginqodonvar,15506,1695,17.863726932684312,6.426525218266704
15507,irutorob,15507,1695,19.009359477122047,5.290283636663056
15508,pagwiusquech,15508,1695,16.27815171465064,8.029446099368386
15509,lowmeginqodonvar,15509,1695,19.38067740793169,6.656985145473671
15510,ladineznif,15510,1695,,
15511,wefirtipe,15511,1695,15.805964441651492,6.064617402575293
15512,usiquah,15512,1695,15.63655624214895,7.48394921811864
15513,usiquah,15513,1695,12.207216689397171,5.591237709425638
15514,irutorob,15514,1695,16.079859905121015,6.5337631811982
15515,pagwiusquech,15515,1695,15.271907963305576,7.665236365904995
15516,tiradcharedqiraslesyr,15516,1695,23.75829444277282,6.487349907602288
15517,ottowyc,15517,1695,19.03317015634568,8.636482240138546
15518,lowmeginqodonvar,15518,1695,20.465297024677163,6.694329619466929
15519,chiteba,15519,1695,17.229309126548014,6.104122971026676
15520,keertorbilailsizoc,15520,722,,
15521,ditlietan,15521,722,,
15522,ingifokraelgaimche,15522,722,5.394250657597208,0.7815162547197005
15523,irutorob,15523,722,4.072057223984893,1.6032345669487091
15524,lowmeginqodonvar,15524,722,5.358490534485072,1.026580657121626
15525,irutorob,15525,722,,
15526,lowmeginqodonvar,15526,722,5.656215457490397,1.05577032204804
15527,irutorob,15527,722,5.404523371798786,2.4145604329369155
15528,pagwiusquech,15528,722,,
15529,lowmeginqodonvar,15529,722,5.793979481302061,0.9273977409891596
15530,ladineznif,15530,722,,
15531,wefirtipe,15531,722,9.107852504540515,1.3690419553283266
15532,usiquah,15532,722,4.406083065128183,1.3265572706962767
15533,usiquah,15533,722,4.46959993197128,1.4444728361681234
15534,irutorob,15534,722,4.038209059769728,1.2628005592973368
15535,pagwiusquech,15535,722,,
15536,tiradcharedqiraslesyr,15536,722,,
15537,ottowyc,15537,722,6.482822006220201,1.7139304293433737
15538,lowmeginqodonvar,15538,722,5.019262024760746,1.1722743820867148
15539,chiteba,15539,722,4.715632522896084,1.002613865993967
15540,keertorbilailsizoc,15540,395,,
15541,ditlietan,15541,395,8.574748923305787,1.890872711623964
15542,ingifokraelgaimche,15542,395,12.073195530011564,1.9724876239228155
15543,irutorob,15543,395,7.501365942584112,2.6380977331695448
15544,lowmeginqodonvar,15544,395,14.00143805460607,2.964556325931813
15545,irutorob,15545,395,16.79290176124623,9.56867439651862
15546,lowmeginqodonvar,15546,395,13.741189510585158,1.7074076859691891
15547,irutorob,15547,395,8.878145904814136,2.1174079266181898
15548,pagwiusquech,15548,395,6.070604280614389,2.147550952191499
15549,lowmeginqodonvar,15549,395,10.648607078315756,1.3592542663533762
15550,ladineznif,15550,395,17.31957236299459,10.868963018549287
15551,wefirtipe,15551,395,4.982534471976599,1.625652074435057
15552,usiquah,15552,395,,
15553,usiquah,15553,395,5.223787294536919,2.193459250945816
15554,irutorob,15554,395,9.06502494380488,2.151388771502901
15555,pagwiusquech,15555,395,8.162957209108527,3.2531099274702973
15556,tiradcharedqiraslesyr,15556,395,,
15557,ottowyc,15557,395,10.322798224837788,3.63284643621848
15558,lowmeginqodonvar,15558,395,23.7582944427728,2.13016257439431
15559,chiteba,15559,395,11.640469441044573,3.208494528044442
15560,keertorbilailsizoc,15560,1472,,
15561,ditlietan,15561,1472,7.995828868322184,2.597295870231124
15562,ingifokraelgaimche,15562,1472,6.368578309388166,1.7330972659669035
15563,irutorob,15563,1472,7.597708435130677,3.829886213656177
15564,lowmeginqodonvar,15564,1472,8.166823288870603,2.6515797871746893
15565,irutorob,15565,1472,7.091898852351479,3.2490009864924776
15566,lowmeginqodonvar,15566,1472,8.615189143345908,2.2805850836974013
15567,irutorob,15567,1472,9.498739477342546,4.731773532753189
15568,pagwiusquech,15568,1472,,
15569,lowmeginqodonvar,15569,1472,7.172239883414531,2.224234254030383
15570,ladineznif,15570,1472,,
15571,wefirtipe,15571,1472,,
15572,usiquah,15572,1472,9.697380516902562,1.8871042486007936
15573,usiquah,15573,1472,3.6255874412742815,1.2605769798481627
15574,irutorob,15574,1472,6.118961857075219,2.786418426273979
15575,pagwiusquech,15575,1472,,
15576,tiradcharedqiraslesyr,15576,1472,,
15577,ottowyc,15577,1472,,
15578,lowmeginqodonvar,15578,1472,6.92731490266219,1.6756838033493882
15579,chiteba,15579,1472,8.979946658530368,2.3099591072050583
15580,keertorbilailsizoc,15580,327,,
15581,ditlietan,15581,327,31.522911618833646,12.419607884672176
15582,ingifokraelgaimche,15582,327,29.353281776645105,9.044692079266772
15583,irutorob,15583,327,26.34093503180805,13.055327766359207
15584,lowmeginqodonvar,15584,327,34.95441162909903,12.080738920634303
15585,irutorob,15585,327,23.7582944427728,12.988138490101257
15586,lowmeginqodonvar,15586,327,36.23620247438959,10.409957409402493
15587,irutorob,15587,327,26.290532658814183,11.901511479052653
15588,pagwiusquech,15588,327,23.7582944427728,14.141928990232916
15589,lowmeginqodonvar,15589,327,32.18984957348673,11.854615632322904
15590,ladineznif,15590,327,,
15591,wefirtipe,15591,327,23.75829444277282,9.551587899293953
15592,usiquah,15592,327,23.75829444277282,9.466416938794334
15593,usiquah,15593,327,23.75829444277283,13.445583015775393
15594,irutorob,15594,327,26.848527223129683,11.173065170684907
15595,pagwiusquech,15595,327,23.75829444277282,13.174163561036188
15596,tiradcharedqiraslesyr,15596,327,31.819217067147736,9.30605946363474
15597,ottowyc,15597,327,27.15239196696462,14.0392937869954
15598,lowmeginqodonvar,15598,327,38.96787641593968,10.470371692881006
15599,chiteba,15599,327,34.05816833032169,10.843762674465545
15600,keertorbilailsizoc,15600,591,,
15601,ditlietan,15601,591,47.91608439842397,23.888260271451013
15602,ingifokraelgaimche,15602,591,70.57885800994427,22.422215445188
15603,irutorob,15603,591,55.34901564437185,25.375817235846093
15604,lowmeginqodonvar,15604,591,58.40054361017743,23.75829444277283
15605,irutorob,15605,591,60.76409511368357,23.7582944427728
15606,lowmeginqodonvar,15606,591,83.26671105171658,23.950047883301604
15607,irutorob,15607,591,47.7426542915828,23.75829444277282
15608,pagwiusquech,15608,591,37.72448277104687,28.76508474607136
15609,lowmeginqodonvar,15609,591,62.597949069417055,23.75829444277283
15610,ladineznif,15610,591,62.67804822420716,48.91665159378713
15611,wefirtipe,15611,591,,
15612,usiquah,15612,591,45.86485706769592,23.7582944427728
15613,usiquah,15613,591,42.14258921643141,23.75829444277282
15614,irutorob,15614,591,42.22316369514292,25.1063120214032
15615,pagwiusquech,15615,591,42.124061426300415,23.75829444277283
15616,tiradcharedqiraslesyr,15616,591,56.26511284282602,23.75829444277284
15617,ottowyc,15617,591,41.961019604675606,28.350518897122782
15618,lowmeginqodonvar,15618,591,59.022016937553225,23.992676302414992
15619,chiteba,15619,591,56.97486281814218,23.7582944427728
15620,keertorbilailsizoc,15620,1432,,
15621,ditlietan,15621,1432,,
15622,ingifokraelgaimche,15622,1432,,
15623,irutorob,15623,1432,7.784030467404027,2.9424799163208224
15624,lowmeginqodonvar,15624,1432,14.301960988870777,3.661307895367748
15625,irutorob,15625,1432,8.137164541660272,3.241804962179919
15626,lowmeginqodonvar,15626,1432,11.130936293027895,2.453484272428981
15627,irutorob,15627,1432,12.63644241458623,5.182049849839197
15628,pagwiusquech,15628,1432,,
15629,lowmeginqodonvar,15629,1432,15.089081526275802,3.0811241651036307
15630,ladineznif,15630,1432,,
15631,wefirtipe,15631,1432,11.46658608488451,2.586268305639619
15632,usiquah,15632,1432,8.873478966501033,2.438227721024816
15633,usiquah,15633,1432,9.017532346184,2.0352406633905376
15634,irutorob,15634,1432,8.305157181646877,3.501761735938812
15635,pagwiusquech,15635,1432,,
15636,tiradcharedqiraslesyr,15636,1432,,
15637,ottowyc,15637,1432,,
15638,lowmeginqodonvar,15638,1432,12.305958328501466,2.072307912448543
15639,chiteba,15639,1432,11.375037555278936,2.792255164144846
15640,selcholemusowitirqua,15640,1531,,
15641,pagwiusquech,15641,1531,,
15642,irutorob,15642,1531,13.634284168497675,7.3365048790146625
15643,pagwiusquech,15643,1531,,
15644,ladineznif,15644,1531,,
15645,pagwiusquech,15645,1531,,
15646,selcholemusowitirqua,15646,1531,,
15647,wefirtipe,15647,1531,,
15648,chiteba,15648,1531,8.231889391969435,2.1745083332021244
15649,pagwiusquech,15649,1531,,
15650,ohoddicongogfuqek,15650,1531,,
15651,pagwiusquech,15651,1531,,
15652,pagwiusquech,15652,1531,,
15653,selcholemusowitirqua,15653,1531,,
15654,pagwiusquech,15654,1531,,
15655,usiquah,15655,1531,,
15656,pagwiusquech,15656,1531,,
15657,ladineznif,15657,1531,,
15658,tiradcharedqiraslesyr,15658,1531,,
15659,daciwyspelehpe,15659,1531,10.256112548739257,2.0769079356819686
15660,selcholemusowitirqua,15660,1668,17.257230971051623,7.78167016727796
15661,pagwiusquech,15661,1668,,
15662,irutorob,15662,1668,21.180529761225227,8.791475367141445
15663,pagwiusquech,15663,1668,19.81579603592509,7.865326061808268
15664,ladineznif,15664,1668,23.75829444277283,23.75829444277282
15665,pagwiusquech,15665,1668,13.033409164009,6.987089682799331
15666,selcholemusowitirqua,15666,1668,17.17145266061739,8.762292030399914
15667,wefirtipe,15667,1668,21.82818316572098,8.677604806170908
15668,chiteba,15668,1668,21.131625254495184,6.1355660385619
15669,pagwiusquech,15669,1668,17.475234710830765,8.181731015980889
15670,ohoddicongogfuqek,15670,1668,23.75829444277282,6.199002639024807
15671,pagwiusquech,15671,1668,23.75829444277283,8.277267392954151
15672,pagwiusquech,15672,1668,,
15673,selcholemusowitirqua,15673,1668,17.129732068861586,7.291023882480607
15674,pagwiusquech,15674,1668,17.44969211921064,8.579454868484428
15675,usiquah,15675,1668,18.99563502706351,6.497057502353692
15676,pagwiusquech,15676,1668,16.18016154679564,6.675353591092515
15677,ladineznif,15677,1668,,
15678,tiradcharedqiraslesyr,15678,1668,23.758294442772787,8.49882695888561
15679,daciwyspelehpe,15679,1668,23.75829444277283,6.719591330423215
15680,selcholemusowitirqua,15680,1313,12.332948179323044,3.3820435222710072
15681,pagwiusquech,15681,1313,,
15682,irutorob,15682,1313,11.876798917719755,2.810780725886353
15683,pagwiusquech,15683,1313,,
15684,ladineznif,15684,1313,23.75829444277282,23.75829444277282
15685,pagwiusquech,15685,1313,4.078338835618264,1.5798498406229382
15686,selcholemusowitirqua,15686,1313,10.723806206646469,3.3272573777945693
15687,wefirtipe,15687,1313,14.08585804418162,3.1805407259056766
15688,chiteba,15688,1313,14.740170971004003,2.235910151265471
15689,pagwiusquech,15689,1313,,
15690,ohoddicongogfuqek,15690,1313,15.052238955481174,1.071433309823672
15691,pagwiusquech,15691,1313,7.624213870585144,2.2104617732969887
15692,pagwiusquech,15692,1313,,
15693,selcholemusowitirqua,15693,1313,8.550506739217216,2.4891784508789714
15694,pagwiusquech,15694,1313,,
15695,usiquah,15695,1313,9.205531589966348,2.856848720324068
15696,pagwiusquech,15696,1313,9.621303078188236,3.5636857769540136
15697,ladineznif,15697,1313,,
15698,tiradcharedqiraslesyr,15698,1313,,
15699,daciwyspelehpe,15699,1313,16.096244484978598,1.9163090914741856
15700,selcholemusowitirqua,15700,1499,14.015729209096,4.688830362091249
15701,pagwiusquech,15701,1499,10.40999972047636,4.855292957904525
15702,irutorob,15702,1499,16.201055989584756,5.275486264467798
15703,pagwiusquech,15703,1499,16.122743143520392,4.278278480326905
15704,ladineznif,15704,1499,,
15705,pagwiusquech,15705,1499,14.661568310300275,4.848817496234116
15706,selcholemusowitirqua,15706,1499,13.112349537340258,5.104760992508071
15707,wefirtipe,15707,1499,18.19546568050424,6.132168812564202
15708,chiteba,15708,1499,18.196590628128043,4.374344615556253
15709,pagwiusquech,15709,1499,15.032739563994946,5.711082300498732
15710,ohoddicongogfuqek,15710,1499,17.209858397979204,3.857275157654295
15711,pagwiusquech,15711,1499,16.10518436039809,5.428585397792447
15712,pagwiusquech,15712,1499,15.568746443026791,5.535856947561691
15713,selcholemusowitirqua,15713,1499,14.18589923009126,5.061258759902821
15714,pagwiusquech,15714,1499,20.64116297461441,4.047695935068166
15715,usiquah,15715,1499,12.120799708631948,4.186674634054932
15716,pagwiusquech,15716,1499,15.267408100839756,6.096833464652651
15717,ladineznif,15717,1499,,
15718,tiradcharedqiraslesyr,15718,1499,17.86388554374747,4.124762602144605
15719,daciwyspelehpe,15719,1499,17.713996484493197,3.877406449267539
15720,selcholemusowitirqua,15720,1205,6.649323190570359,1.9758109223486449
15721,pagwiusquech,15721,1205,,
15722,irutorob,15722,1205,8.557571372309113,2.028436829523045
15723,pagwiusquech,15723,1205,,
15724,ladineznif,15724,1205,,
15725,pagwiusquech,15725,1205,4.610793061444366,1.625652074431135
15726,selcholemusowitirqua,15726,1205,5.45378462302342,1.989819913377139
15727,wefirtipe,15727,1205,9.658201380016232,1.0782706079784103
15728,chiteba,15728,1205,8.400338436135387,1.3849769982770046
15729,pagwiusquech,15729,1205,,
15730,ohoddicongogfuqek,15730,1205,9.75917635319174,0.813791888714808
15731,pagwiusquech,15731,1205,5.937587721881052,1.8941152828584649
15732,pagwiusquech,15732,1205,,
15733,selcholemusowitirqua,15733,1205,6.127391897177129,2.2250396845576037
15734,pagwiusquech,15734,1205,,
15735,usiquah,15735,1205,6.040929600055491,1.8789077884937653
15736,pagwiusquech,15736,1205,8.507751762311761,1.6301615201915003
15737,ladineznif,15737,1205,,
15738,tiradcharedqiraslesyr,15738,1205,10.283647850392516,1.5171327998612625
15739,daciwyspelehpe,15739,1205,12.138685971147488,1.6635927816193925
15740,tiradcharedqiraslesyr,15740,1769,,
15741,ohoddicongogfuqek,15741,1769,25.10674930717504,2.898100727533072
15742,tiradcharedqiraslesyr,15742,1769,,
15743,tehsidetegenichurgew,15743,1769,,
15744,daciwyspelehpe,15744,1769,11.385368940954818,3.737035907507
15745,ledycof,15745,1769,,
15746,tiradcharedqiraslesyr,15746,1769,,
15747,tiradcharedqiraslesyr,15747,1769,,
15748,tehsidetegenichurgew,15748,1769,17.547674007630366,3.9502750744307176
15749,teamfinosakilechlun,15749,1769,,
15750,teamfinosakilechlun,15750,1769,,
15751,teamfinosakilechlun,15751,1769,,
15752,tiradcharedqiraslesyr,15752,1769,,
15753,teamfinosakilechlun,15753,1769,,
15754,teamfinosakilechlun,15754,1769,,
15755,teamfinosakilechlun,15755,1769,,
15756,teamfinosakilechlun,15756,1769,,
15757,ottowyc,15757,1769,12.575399158321238,4.957354299424279
15758,daciwyspelehpe,15758,1769,17.177708865533358,3.8645487951655073
15759,tiradcharedqiraslesyr,15759,1769,,
15760,tiradcharedqiraslesyr,15760,2242,36.06021821299953,12.96354329470885
15761,ohoddicongogfuqek,15761,2242,92.26751752065458,11.345470194389051
15762,tiradcharedqiraslesyr,15762,2242,40.75596792320093,10.717501643893408
15763,tehsidetegenichurgew,15763,2242,25.328731123654222,13.862066986097402
15764,daciwyspelehpe,15764,2242,23.7582944427728,10.215757106833976
15765,ledycof,15765,2242,38.60750425056341,23.75829444277282
15766,tiradcharedqiraslesyr,15766,2242,41.079203889921885,15.067187333471235
15767,tiradcharedqiraslesyr,15767,2242,44.840999642574175,13.59740244656652
15768,tehsidetegenichurgew,15768,2242,23.28737376063676,14.037960363053514
15769,teamfinosakilechlun,15769,2242,,
15770,teamfinosakilechlun,15770,2242,,
15771,teamfinosakilechlun,15771,2242,,
15772,tiradcharedqiraslesyr,15772,2242,28.578075093717757,10.741243127847715
15773,teamfinosakilechlun,15773,2242,,
15774,teamfinosakilechlun,15774,2242,,
15775,teamfinosakilechlun,15775,2242,,
15776,teamfinosakilechlun,15776,2242,,
15777,ottowyc,15777,2242,29.96659804982087,15.830118874991332
15778,daciwyspelehpe,15778,2242,30.47442266551493,13.184607367487615
15779,tiradcharedqiraslesyr,15779,2242,34.93705016557575,11.37491885248816
15780,tiradcharedqiraslesyr,15780,709,,
15781,ohoddicongogfuqek,15781,709,,
15782,tiradcharedqiraslesyr,15782,709,,
15783,tehsidetegenichurgew,15783,709,,
15784,daciwyspelehpe,15784,709,,
15785,ledycof,15785,709,,
15786,tiradcharedqiraslesyr,15786,709,,
15787,tiradcharedqiraslesyr,15787,709,,
15788,tehsidetegenichurgew,15788,709,11.03452717872896,2.5203141920189625
15789,teamfinosakilechlun,15789,709,,
15790,teamfinosakilechlun,15790,709,23.75829444277282,23.7582944427728
15791,teamfinosakilechlun,15791,709,,
15792,tiradcharedqiraslesyr,15792,709,,
15793,teamfinosakilechlun,15793,709,,
15794,teamfinosakilechlun,15794,709,,
15795,teamfinosakilechlun,15795,709,,
15796,teamfinosakilechlun,15796,709,,
15797,ottowyc,15797,709,7.906986677856757,3.32718556323878
15798,daciwyspelehpe,15798,709,13.918367918456491,3.571217176965966
15799,tiradcharedqiraslesyr,15799,709,,
15800,tiradcharedqiraslesyr,15800,2243,,
15801,ohoddicongogfuqek,15801,2243,51.595230704152456,13.55149452718009
15802,tiradcharedqiraslesyr,15802,2243,38.82796166146381,14.20568937863155
15803,tehsidetegenichurgew,15803,2243,27.150325646632744,16.710489517579234
15804,daciwyspelehpe,15804,2243,32.19695983847331,13.00142850024665
15805,ledycof,15805,2243,,
15806,tiradcharedqiraslesyr,15806,2243,,
15807,tiradcharedqiraslesyr,15807,2243,,
15808,tehsidetegenichurgew,15808,2243,30.046323038658368,17.738356793714715
15809,teamfinosakilechlun,15809,2243,,
15810,teamfinosakilechlun,15810,2243,,
15811,teamfinosakilechlun,15811,2243,,
15812,tiradcharedqiraslesyr,15812,2243,,
15813,teamfinosakilechlun,15813,2243,,
15814,teamfinosakilechlun,15814,2243,,
15815,teamfinosakilechlun,15815,2243,,
15816,teamfinosakilechlun,15816,2243,,
15817,ottowyc,15817,2243,29.11663565898122,16.69101832765273
15818,daciwyspelehpe,15818,2243,26.312423197646176,12.30366741376767
15819,tiradcharedqiraslesyr,15819,2243,,
15820,tiradcharedqiraslesyr,15820,2320,,
15821,ohoddicongogfuqek,15821,2320,12.656199406166728,0.6871695088926992
15822,tiradcharedqiraslesyr,15822,2320,,
15823,tehsidetegenichurgew,15823,2320,7.250572273299763,1.2601570960025084
15824,daciwyspelehpe,15824,2320,9.904040079448444,0.8840576928393331
15825,ledycof,15825,2320,,
15826,tiradcharedqiraslesyr,15826,2320,,
15827,tiradcharedqiraslesyr,15827,2320,,
15828,tehsidetegenichurgew,15828,2320,10.52148457782807,1.302777553110117
15829,teamfinosakilechlun,15829,2320,23.75829444277282,23.75829444277282
15830,teamfinosakilechlun,15830,2320,,
15831,teamfinosakilechlun,15831,2320,23.75829444277282,23.75829444277282
15832,tiradcharedqiraslesyr,15832,2320,,
15833,teamfinosakilechlun,15833,2320,23.75829444277282,23.75829444277282
15834,teamfinosakilechlun,15834,2320,23.75829444277283,23.75829444277282
15835,teamfinosakilechlun,15835,2320,23.75829444277282,23.75829444277282
15836,teamfinosakilechlun,15836,2320,23.75829444277283,23.75829444277282
15837,ottowyc,15837,2320,6.381101942232516,1.6380976199861346
15838,daciwyspelehpe,15838,2320,10.250778719064185,1.0580623822933863
15839,tiradcharedqiraslesyr,15839,2320,,
15840,tiradcharedqiraslesyr,15840,1330,,
15841,lowmeginqodonvar,15841,1330,29.8123296465044,14.66184869619872
15842,teamfinosakilechlun,15842,1330,23.75829444277282,23.7582944427728
15843,teamfinosakilechlun,15843,1330,23.75829444277282,23.75829444277282
15844,teamfinosakilechlun,15844,1330,23.75829444277282,23.7582944427728
15845,teamfinosakilechlun,15845,1330,23.75829444277282,23.7582944427728
15846,teamfinosakilechlun,15846,1330,23.75829444277282,23.7582944427728
15847,teamfinosakilechlun,15847,1330,23.75829444277282,23.7582944427728
15848,teamfinosakilechlun,15848,1330,23.75829444277282,23.7582944427728
15849,teamfinosakilechlun,15849,1330,23.75829444277282,23.75829444277281
15850,teamfinosakilechlun,15850,1330,23.75829444277283,23.7582944427728
15851,teamfinosakilechlun,15851,1330,23.75829444277282,23.75829444277282
15852,daciwyspelehpe,15852,1330,31.76488711791636,12.105530234983709
15853,tehsidetegenichurgew,15853,1330,16.64854339182861,7.015849710414956
15854,teamfinosakilechlun,15854,1330,23.75829444277283,23.75829444277282
15855,daciwyspelehpe,15855,1330,32.861075506034354,14.637289590130464
15856,ditlietan,15856,1330,23.181649624850227,12.636484603045744
15857,tehsidetegenichurgew,15857,1330,15.863880416914244,6.766013929619246
15858,mogerbexenal,15858,1330,14.939124406407512,4.550406367039564
15859,ditlietan,15859,1330,24.569992285545656,11.663564440530982
15860,tiradcharedqiraslesyr,15860,2333,23.7582944427728,7.613971919437633
15861,lowmeginqodonvar,15861,2333,27.98983372488044,9.372306787632352
15862,teamfinosakilechlun,15862,2333,,
15863,teamfinosakilechlun,15863,2333,,
15864,teamfinosakilechlun,15864,2333,,
15865,teamfinosakilechlun,15865,2333,,
15866,teamfinosakilechlun,15866,2333,,
15867,teamfinosakilechlun,15867,2333,,
15868,teamfinosakilechlun,15868,2333,,
15869,teamfinosakilechlun,15869,2333,,
15870,teamfinosakilechlun,15870,2333,,
15871,teamfinosakilechlun,15871,2333,,
15872,daciwyspelehpe,15872,2333,23.75829444277281,6.88853748551393
15873,tehsidetegenichurgew,15873,2333,22.06942025381069,9.694129521566408
15874,teamfinosakilechlun,15874,2333,,
15875,daciwyspelehpe,15875,2333,23.75829444277283,9.101199906588697
15876,ditlietan,15876,2333,21.1040487236894,9.114382618350255
15877,tehsidetegenichurgew,15877,2333,17.821658568554156,7.937685441059312
15878,mogerbexenal,15878,2333,24.95389172428568,8.112820075176518
15879,ditlietan,15879,2333,22.09104971129109,8.857721462159075
15880,tiradcharedqiraslesyr,15880,2244,,
15881,lowmeginqodonvar,15881,2244,23.75829444277283,7.350122982463457
15882,teamfinosakilechlun,15882,2244,,
15883,teamfinosakilechlun,15883,2244,,
15884,teamfinosakilechlun,15884,2244,,
15885,teamfinosakilechlun,15885,2244,,
15886,teamfinosakilechlun,15886,2244,,
15887,teamfinosakilechlun,15887,2244,,
15888,teamfinosakilechlun,15888,2244,,
15889,teamfinosakilechlun,15889,2244,,
15890,teamfinosakilechlun,15890,2244,,
15891,teamfinosakilechlun,15891,2244,,
15892,daciwyspelehpe,15892,2244,23.75829444277281,5.118811004302335
15893,tehsidetegenichurgew,15893,2244,,
15894,teamfinosakilechlun,15894,2244,,
15895,daciwyspelehpe,15895,2244,20.93199543718653,5.494714699608779
15896,ditlietan,15896,2244,19.62313421481035,7.85615329901904
15897,tehsidetegenichurgew,15897,2244,,
15898,mogerbexenal,15898,2244,19.32294391006108,5.135048102176775
15899,ditlietan,15899,2244,17.315133751604964,7.246104683480676
15900,tiradcharedqiraslesyr,15900,898,,
15901,lowmeginqodonvar,15901,898,17.452037561310295,2.3345078239657617
15902,teamfinosakilechlun,15902,898,23.75829444277282,23.75829444277282
15903,teamfinosakilechlun,15903,898,,
15904,teamfinosakilechlun,15904,898,23.75829444277282,23.75829444277282
15905,teamfinosakilechlun,15905,898,23.75829444277282,23.75829444277282
15906,teamfinosakilechlun,15906,898,,
15907,teamfinosakilechlun,15907,898,,
15908,teamfinosakilechlun,15908,898,23.758294442772826,23.75829444277282
15909,teamfinosakilechlun,15909,898,,
15910,teamfinosakilechlun,15910,898,,
15911,teamfinosakilechlun,15911,898,,
15912,daciwyspelehpe,15912,898,14.644732441596313,3.2751499149723915
15913,tehsidetegenichurgew,15913,898,16.82069899075772,4.048131179010189
15914,teamfinosakilechlun,15914,898,,
15915,daciwyspelehpe,15915,898,13.950940767774972,3.291917575896244
15916,ditlietan,15916,898,12.999372924968435,2.861288099165864
15917,tehsidetegenichurgew,15917,898,11.583910198302236,3.4975035337180165
15918,mogerbexenal,15918,898,12.795441282580509,2.306797174954877
15919,ditlietan,15919,898,11.30057486601082,2.8611395109846525
15920,tiradcharedqiraslesyr,15920,1529,,
15921,lowmeginqodonvar,15921,1529,15.027763974042973,2.895025228473762
15922,teamfinosakilechlun,15922,1529,,
15923,teamfinosakilechlun,15923,1529,,
15924,teamfinosakilechlun,15924,1529,,
15925,teamfinosakilechlun,15925,1529,,
15926,teamfinosakilechlun,15926,1529,,
15927,teamfinosakilechlun,15927,1529,,
15928,teamfinosakilechlun,15928,1529,,
15929,teamfinosakilechlun,15929,1529,,
15930,teamfinosakilechlun,15930,1529,,
15931,teamfinosakilechlun,15931,1529,,
15932,daciwyspelehpe,15932,1529,11.683225669983504,2.988724974765288
15933,tehsidetegenichurgew,15933,1529,14.671453681725344,3.0675135217924283
15934,teamfinosakilechlun,15934,1529,,
15935,daciwyspelehpe,15935,1529,13.370388492974882,2.9225589410740938
15936,ditlietan,15936,1529,11.84963353714848,2.756906294893048
15937,tehsidetegenichurgew,15937,1529,,
15938,mogerbexenal,15938,1529,10.848106748452372,1.3764814227550806
15939,ditlietan,15939,1529,8.677353942465336,2.410462263888373
15940,tenaileqnequwuzemat,15940,1973,,
15941,tehsidetegenichurgew,15941,1973,,
15942,iplorow,15942,1973,,
15943,ditlietan,15943,1973,,
15944,tenaileqnequwuzemat,15944,1973,,
15945,ditlietan,15945,1973,,
15946,catafewechu,15946,1973,,
15947,tehsidetegenichurgew,15947,1973,,
15948,ditlietan,15948,1973,,
15949,quozagchofuquuri,15949,1973,3.42188069988738,0.3103439401701005
15950,tayteg,15950,1973,,
15951,tayteg,15951,1973,,
15952,tayteg,15952,1973,,
15953,tayteg,15953,1973,,
15954,tayteg,15954,1973,,
15955,tayteg,15955,1973,,
15956,tayteg,15956,1973,,
15957,tayteg,15957,1973,,
15958,tayteg,15958,1973,,
15959,tayteg,15959,1973,,
15960,tenaileqnequwuzemat,15960,1549,,
15961,tehsidetegenichurgew,15961,1549,26.628095767951468,16.2988519146293
15962,iplorow,15962,1549,67.62111776010637,32.16199694372034
15963,ditlietan,15963,1549,70.78727607782906,29.016564066848343
15964,tenaileqnequwuzemat,15964,1549,24.32645883763265,10.895514548010938
15965,ditlietan,15965,1549,60.75602604949242,29.457003295339383
15966,catafewechu,15966,1549,,
15967,tehsidetegenichurgew,15967,1549,33.43016019042133,15.42918060577443
15968,ditlietan,15968,1549,59.69266456175545,27.978149595795056
15969,quozagchofuquuri,15969,1549,,
15970,tayteg,15970,1549,,
15971,tayteg,15971,1549,,
15972,tayteg,15972,1549,23.75829444277282,23.75829444277282
15973,tayteg,15973,1549,23.758294442772826,23.75829444277282
15974,tayteg,15974,1549,23.75829444277283,23.758294442772826
15975,tayteg,15975,1549,23.75829444277282,23.75829444277281
15976,tayteg,15976,1549,23.758294442772826,23.75829444277282
15977,tayteg,15977,1549,23.75829444277283,23.75829444277282
15978,tayteg,15978,1549,23.75829444277282,23.7582944427728
15979,tayteg,15979,1549,23.75829444277283,23.75829444277282
15980,tenaileqnequwuzemat,15980,27,5.575088669080319,1.5727711239729645
15981,tehsidetegenichurgew,15981,27,7.450407963837251,1.0100541555119666
15982,iplorow,15982,27,8.445693223950235,0.9833366208292108
15983,ditlietan,15983,27,,
15984,tenaileqnequwuzemat,15984,27,3.869726537106768,1.5788038101288178
15985,ditlietan,15985,27,,
15986,catafewechu,15986,27,,
15987,tehsidetegenichurgew,15987,27,,
15988,ditlietan,15988,27,,
15989,quozagchofuquuri,15989,27,4.318938058844009,0.8346597259235581
15990,tayteg,15990,27,,
15991,tayteg,15991,27,23.75829444277282,23.75829444277282
15992,tayteg,15992,27,,
15993,tayteg,15993,27,,
15994,tayteg,15994,27,,
15995,tayteg,15995,27,,
15996,tayteg,15996,27,,
15997,tayteg,15997,27,,
15998,tayteg,15998,27,,
15999,tayteg,15999,27,,
16000,tenaileqnequwuzemat,16000,569,,
16001,tehsidetegenichurgew,16001,569,14.990324506508443,7.035675675711897
16002,iplorow,16002,569,15.549597907433968,3.2491810765744518
16003,ditlietan,16003,569,14.33379816380734,4.519861473404328
16004,tenaileqnequwuzemat,16004,569,,
16005,ditlietan,16005,569,13.795816205280635,4.657982891053532
16006,catafewechu,16006,569,15.245464424521742,4.748328935043698
16007,tehsidetegenichurgew,16007,569,,
16008,ditlietan,16008,569,16.852205711319733,5.599471562891026
16009,quozagchofuquuri,16009,569,16.220954386197235,4.677121529434922
16010,tayteg,16010,569,,
16011,tayteg,16011,569,,
16012,tayteg,16012,569,,
16013,tayteg,16013,569,,
16014,tayteg,16014,569,,
16015,tayteg,16015,569,,
16016,tayteg,16016,569,,
16017,tayteg,16017,569,,
16018,tayteg,16018,569,,
16019,tayteg,16019,569,,
16020,tenaileqnequwuzemat,16020,2010,5.993651307361004,2.411749197804663
16021,tehsidetegenichurgew,16021,2010,10.69042904122865,1.3091505732800244
16022,iplorow,16022,2010,10.573336293513544,2.7422758375716936
16023,ditlietan,16023,2010,8.584431627339159,1.6417361616187722
16024,tenaileqnequwuzemat,16024,2010,7.573059471222316,2.068975370597815
16025,ditlietan,16025,2010,8.007586941813924,1.513889278216812
16026,catafewechu,16026,2010,9.27564699909532,1.8209010243550057
16027,tehsidetegenichurgew,16027,2010,10.566182690701808,1.7642465647519692
16028,ditlietan,16028,2010,7.801612437172339,1.6487355367775636
16029,quozagchofuquuri,16029,2010,8.185444737159273,0.8356266323569491
16030,tayteg,16030,2010,,
16031,tayteg,16031,2010,,
16032,tayteg,16032,2010,,
16033,tayteg,16033,2010,,
16034,tayteg,16034,2010,,
16035,tayteg,16035,2010,,
16036,tayteg,16036,2010,,
16037,tayteg,16037,2010,,
16038,tayteg,16038,2010,,
16039,tayteg,16039,2010,,
16040,tayteg,16040,882,23.75829444277283,23.75829444277282
16041,tayteg,16041,882,23.75829444277281,23.7582944427728
16042,tayteg,16042,882,23.75829444277284,23.758294442772826
16043,tayteg,16043,882,23.758294442772826,23.7582944427728
16044,tayteg,16044,882,23.75829444277282,23.758294442772787
16045,tayteg,16045,882,,
16046,ditlietan,16046,882,15.444438267108309,6.113287738067396
16047,lowmeginqodonvar,16047,882,18.036782944856437,4.856517482522691
16048,tenaileqnequwuzemat,16048,882,13.970864184404274,5.367114389623504
16049,pagwiusquech,16049,882,14.197304572767257,7.737232940240237
16050,pagwiusquech,16050,882,,
16051,yxxeor,16051,882,13.595156362730709,6.208581676838492
16052,lesdohanusre,16052,882,23.75829444277281,5.676991638495045
16053,ditlietan,16053,882,15.099892376145393,5.583478765681237
16054,ditlietan,16054,882,14.316851309181946,5.175144583433511
16055,ottowyc,16055,882,14.424989381670722,6.409883346857291
16056,ingifokraelgaimche,16056,882,15.793521095212236,4.315656364957174
16057,delonfeitratobquitof,16057,882,16.151825785222336,5.189879926059503
16058,ecenivri,16058,882,21.53679973801213,3.5360107430215493
16059,hahagitve,16059,882,,
16060,tayteg,16060,2068,,
16061,tayteg,16061,2068,23.75829444277283,23.758294442772826
16062,tayteg,16062,2068,,
16063,tayteg,16063,2068,,
16064,tayteg,16064,2068,23.75829444277282,23.75829444277281
16065,tayteg,16065,2068,,
16066,ditlietan,16066,2068,21.6300506985998,9.381613551447524
16067,lowmeginqodonvar,16067,2068,21.904326120940198,9.822074341334629
16068,tenaileqnequwuzemat,16068,2068,,
16069,pagwiusquech,16069,2068,25.818303059519224,13.679177454030672
16070,pagwiusquech,16070,2068,,
16071,yxxeor,16071,2068,24.16654754172995,11.555008967052435
16072,lesdohanusre,16072,2068,27.46848377154485,6.665578335671737
16073,ditlietan,16073,2068,21.478402399525606,9.007706488389822
16074,ditlietan,16074,2068,21.93750073040689,8.612838833920987
16075,ottowyc,16075,2068,24.524607764871103,9.811842428406225
16076,ingifokraelgaimche,16076,2068,21.54632347222198,8.036461631039861
16077,delonfeitratobquitof,16077,2068,18.34993259575791,8.928474605847537
16078,ecenivri,16078,2068,29.989974050702124,6.865591986240905
16079,hahagitve,16079,2068,,
16080,lowmeginqodonvar,16080,319,28.7067888936745,8.661266500728262
16081,vagannigona,16081,319,34.7689022811544,6.038056879026755
16082,ingifokraelgaimche,16082,319,,
16083,okalnehfetarotizlon,16083,319,25.72007056714024,7.859902242736442
16084,ingifokraelgaimche,16084,319,,
16085,usiquah,16085,319,26.335743423984404,10.05204101745469
16086,wefirtipe,16086,319,,
16087,usiquah,16087,319,21.346899702272648,8.20128886423223
16088,ohoddicongogfuqek,16088,319,37.51767300927987,3.814481369827016
16089,wefirtipe,16089,319,,
16090,wefirtipe,16090,319,,
16091,catafewechu,16091,319,23.49518774176324,8.07088004186139
16092,emnuselnenfymengo,16092,319,38.10955612874365,8.60141430464013
16093,usiquah,16093,319,21.4099091652042,8.402902254680042
16094,wefirtipe,16094,319,,
16095,detycwogotirer,16095,319,,
16096,ohoddicongogfuqek,16096,319,49.58765388492685,2.9636970487388474
16097,onmudaerril,16097,319,27.05183492234602,7.501480508420061
16098,usiquah,16098,319,21.536248275596027,10.80555992959975
16099,wefirtipe,16099,319,5.200582726460041,2.2121441015242627
16100,lowmeginqodonvar,16100,125,8.88825261372942,1.5361241321591848
16101,vagannigona,16101,125,21.06357260804292,2.570381619107693
16102,ingifokraelgaimche,16102,125,7.122529064031864,1.719062481242915
16103,okalnehfetarotizlon,16103,125,8.235522874397532,1.1893597060988683
16104,ingifokraelgaimche,16104,125,7.466052844160735,1.4565495841468774
16105,usiquah,16105,125,4.290468432022269,2.014407050249352
16106,wefirtipe,16106,125,5.952368209550336,1.7119973132564597
16107,usiquah,16107,125,4.937480631834648,1.3713411232977877
16108,ohoddicongogfuqek,16108,125,23.7582944427728,1.317551009862318
16109,wefirtipe,16109,125,5.910301220332537,1.6768412658853984
16110,wefirtipe,16110,125,,
16111,catafewechu,16111,125,,
16112,emnuselnenfymengo,16112,125,7.299692726674557,1.4943624873938384
16113,usiquah,16113,125,4.465665266016824,1.2182855596381632
16114,wefirtipe,16114,125,5.219098809288387,1.0107796353333165
16115,detycwogotirer,16115,125,,
16116,ohoddicongogfuqek,16116,125,23.75829444277282,1.7549804410536898
16117,onmudaerril,16117,125,10.115637129772104,2.575004149456932
16118,usiquah,16118,125,5.584938396502856,1.517279027321105
16119,wefirtipe,16119,125,3.264970547606839,0.9678517224655282
16120,lowmeginqodonvar,16120,346,21.728273999408348,5.307421385958786
16121,vagannigona,16121,346,23.467173822935905,4.004519277009657
16122,ingifokraelgaimche,16122,346,18.005722506837895,5.128668216183722
16123,okalnehfetarotizlon,16123,346,21.10712123713059,5.277295996908672
16124,ingifokraelgaimche,16124,346,17.14544517711836,4.711228965293419
16125,usiquah,16125,346,17.935741781930826,5.603689317287862
16126,wefirtipe,16126,346,20.936572684156538,5.325781871089134
16127,usiquah,16127,346,18.82417022251633,5.8131831094418365
16128,ohoddicongogfuqek,16128,346,23.75829444277281,4.815837438276848
16129,wefirtipe,16129,346,21.082197180613232,5.05584589621809
16130,wefirtipe,16130,346,22.31413377573312,4.548928502338366
16131,catafewechu,16131,346,,
16132,emnuselnenfymengo,16132,346,23.75829444277281,5.7555251981514814
16133,usiquah,16133,346,20.977186203326365,5.735056123703727
16134,wefirtipe,16134,346,19.3507422590883,4.662375943672831
16135,detycwogotirer,16135,346,23.75829444277282,23.75829444277282
16136,ohoddicongogfuqek,16136,346,23.75829444277282,5.001675662549183
16137,onmudaerril,16137,346,17.151732362641674,4.373945009472499
16138,usiquah,16138,346,21.27267657533475,6.066410693212006
16139,wefirtipe,16139,346,19.3163183351356,4.482982776075767
16140,lowmeginqodonvar,16140,728,13.486534324106238,4.524082597737119
16141,vagannigona,16141,728,17.48069486866857,3.69583179150422
16142,ingifokraelgaimche,16142,728,12.020570707829036,3.291694568927742
16143,okalnehfetarotizlon,16143,728,16.084631438810487,2.948455607728398
16144,ingifokraelgaimche,16144,728,13.470423788261783,3.527036493225343
16145,usiquah,16145,728,11.85866252490032,5.534124909169889
16146,wefirtipe,16146,728,13.47914576480732,2.79621807802425
16147,usiquah,16147,728,10.129819843573756,3.445075045381989
16148,ohoddicongogfuqek,16148,728,17.285553304485944,2.9404800224813403
16149,wefirtipe,16149,728,15.245464424548784,2.647236742813864
16150,wefirtipe,16150,728,,
16151,catafewechu,16151,728,11.672539119797714,3.9259488248228314
16152,emnuselnenfymengo,16152,728,14.878750975587373,3.969554770707461
16153,usiquah,16153,728,12.24180453362447,3.976842336972576
16154,wefirtipe,16154,728,15.194642600813378,2.9326891584410646
16155,detycwogotirer,16155,728,,
16156,ohoddicongogfuqek,16156,728,19.0460820903714,3.350622741435665
16157,onmudaerril,16157,728,15.26541451691956,3.968368066357239
16158,usiquah,16158,728,13.1283286771449,4.276304138921119
16159,wefirtipe,16159,728,6.399902677886797,2.2055575601519224
16160,tayteg,16160,2012,23.75829444277283,23.75829444277282
16161,ohoddicongogfuqek,16161,2012,39.78891804816767,10.98379526196793
16162,upzinicaropgyik,16162,2012,,
16163,catafewechu,16163,2012,,
16164,ohoddicongogfuqek,16164,2012,35.75473188519926,12.211664672151096
16165,usiquah,16165,2012,23.619394002364363,10.931762455858768
16166,halahtohitynutqaxtiw,16166,2012,19.820313476161687,11.404153042285172
16167,cuxnoqiquunugonqe,16167,2012,31.506088595885306,8.922011117180437
16168,ordirreyfbutdolted,16168,2012,30.307509707666263,9.528982992369311
16169,mogerbexenal,16169,2012,26.5086245964203,10.29870512213227
16170,detycwogotirer,16170,2012,23.75829444277282,23.75829444277282
16171,mogerbexenal,16171,2012,26.170698375432224,9.200067332455706
16172,ivyltev,16172,2012,30.030655805839128,12.892968609274249
16173,mogerbexenal,16173,2012,28.38523317323073,11.037746623547564
16174,aturrooqel,16174,2012,27.98124561297952,8.647508123056474
16175,upzinicaropgyik,16175,2012,,
16176,aturrooqel,16176,2012,27.45924763558097,8.209668887130919
16177,tenaileqnequwuzemat,16177,2012,18.079162829559955,9.043718068975492
16178,ifnaikuselreca,16178,2012,31.155290290374083,11.33353440293863
16179,aturrooqel,16179,2012,33.37620744780487,9.386355089787353
16180,tayteg,16180,1878,,
16181,ohoddicongogfuqek,16181,1878,,
16182,upzinicaropgyik,16182,1878,23.75829444277282,4.570297088329443
16183,catafewechu,16183,1878,,
16184,ohoddicongogfuqek,16184,1878,14.36227300504001,2.7192413423237007
16185,usiquah,16185,1878,6.159487487683011,3.156428748166774
16186,halahtohitynutqaxtiw,16186,1878,,
16187,cuxnoqiquunugonqe,16187,1878,12.064850326067845,2.121341629012032
16188,ordirreyfbutdolted,16188,1878,9.300373678965968,3.151177050054155
16189,mogerbexenal,16189,1878,,
16190,detycwogotirer,16190,1878,,
16191,mogerbexenal,16191,1878,,
16192,ivyltev,16192,1878,,
16193,mogerbexenal,16193,1878,,
16194,aturrooqel,16194,1878,,
16195,upzinicaropgyik,16195,1878,,
16196,aturrooqel,16196,1878,,
16197,tenaileqnequwuzemat,16197,1878,,
16198,ifnaikuselreca,16198,1878,,
16199,aturrooqel,16199,1878,,
16200,tayteg,16200,528,,
16201,ohoddicongogfuqek,16201,528,18.367593349111303,7.986892937092596
16202,upzinicaropgyik,16202,528,23.75829444277282,5.4732164289433625
16203,catafewechu,16203,528,20.519116748295577,7.793641217589394
16204,ohoddicongogfuqek,16204,528,23.75829444277282,6.952443451045301
16205,usiquah,16205,528,14.965472124773484,7.404596183323582
16206,halahtohitynutqaxtiw,16206,528,18.44422553672856,7.260816200165165
16207,cuxnoqiquunugonqe,16207,528,19.626961521744317,6.380396353198338
16208,ordirreyfbutdolted,16208,528,19.1232008376236,9.008515156399747
16209,mogerbexenal,16209,528,22.5663566755289,7.104118165401492
16210,detycwogotirer,16210,528,,
16211,mogerbexenal,16211,528,20.73260600871781,7.10932428282982
16212,ivyltev,16212,528,18.22662295306657,9.168094803653926
16213,mogerbexenal,16213,528,20.611098659167144,7.380621549075749
16214,aturrooqel,16214,528,23.26727841960936,8.384506218481144
16215,upzinicaropgyik,16215,528,30.75183190965786,8.838691574093275
16216,aturrooqel,16216,528,24.77488012079139,6.832688753735924
16217,tenaileqnequwuzemat,16217,528,14.856410461779792,8.34200492762137
16218,ifnaikuselreca,16218,528,15.820099210281164,8.36783238048049
16219,aturrooqel,16219,528,22.570299032412137,6.869691847059335
16220,tayteg,16220,920,,
16221,ohoddicongogfuqek,16221,920,23.7582944427728,2.451047540934601
16222,upzinicaropgyik,16222,920,,
16223,catafewechu,16223,920,,
16224,ohoddicongogfuqek,16224,920,18.916409123848016,2.043050044056895
16225,usiquah,16225,920,15.894322679299565,2.7623655302922296
16226,halahtohitynutqaxtiw,16226,920,9.225444541601956,3.4793789306181933
16227,cuxnoqiquunugonqe,16227,920,13.624032526374204,2.864181662785678
16228,ordirreyfbutdolted,16228,920,13.694849760579563,2.1923951605721084
16229,mogerbexenal,16229,920,11.47627978842958,2.0398173102443606
16230,detycwogotirer,16230,920,,
16231,mogerbexenal,16231,920,12.8075639094877,2.016398440382383
16232,ivyltev,16232,920,14.06763178073381,4.323134312715193
16233,mogerbexenal,16233,920,13.1369497461785,2.413909350560246
16234,aturrooqel,16234,920,14.498739740636438,2.103075566576144
16235,upzinicaropgyik,16235,920,,
16236,aturrooqel,16236,920,14.55358857543215,2.0910913952967807
16237,tenaileqnequwuzemat,16237,920,7.7624579202268595,2.588935640827471
16238,ifnaikuselreca,16238,920,14.129772957398677,3.762232147731017
16239,aturrooqel,16239,920,13.427516035466232,2.9987377800417483
16240,tayteg,16240,899,,
16241,ohoddicongogfuqek,16241,899,10.395799763564382,0.8784707724103834
16242,upzinicaropgyik,16242,899,,
16243,catafewechu,16243,899,,
16244,ohoddicongogfuqek,16244,899,10.350674379428677,0.5242429556419381
16245,usiquah,16245,899,6.348970383145754,1.55464591244747
16246,halahtohitynutqaxtiw,16246,899,,
16247,cuxnoqiquunugonqe,16247,899,9.410268164611333,0.769896800645565
16248,ordirreyfbutdolted,16248,899,7.613967961783906,0.964281436799108
16249,mogerbexenal,16249,899,7.198904286186866,1.9023911276145653
16250,detycwogotirer,16250,899,23.75829444277282,23.75829444277282
16251,mogerbexenal,16251,899,8.031957028454858,0.9470576414350556
16252,ivyltev,16252,899,6.4361703334656015,1.0597954913683536
16253,mogerbexenal,16253,899,8.537038429821225,0.9891424586123144
16254,aturrooqel,16254,899,8.481826607756089,1.3832379184292285
16255,upzinicaropgyik,16255,899,,
16256,aturrooqel,16256,899,8.091573359739591,0.8298880386541446
16257,tenaileqnequwuzemat,16257,899,5.740416644624398,1.388429117907647
16258,ifnaikuselreca,16258,899,,
16259,aturrooqel,16259,899,8.450221557065564,1.148830614332692
16260,cuxnoqiquunugonqe,16260,1667,17.30294290899716,5.52721705304056
16261,adlaca,16261,1667,19.543568554558355,5.350265063135514
16262,itseidlaelextu,16262,1667,,
16263,itseidlaelextu,16263,1667,,
16264,itseidlaelextu,16264,1667,,
16265,itseidlaelextu,16265,1667,,
16266,itseidlaelextu,16266,1667,,
16267,itseidlaelextu,16267,1667,,
16268,itseidlaelextu,16268,1667,,
16269,itseidlaelextu,16269,1667,,
16270,itseidlaelextu,16270,1667,,
16271,itseidlaelextu,16271,1667,,
16272,itseidlaelextu,16272,1667,,
16273,itseidlaelextu,16273,1667,,
16274,itseidlaelextu,16274,1667,,
16275,itseidlaelextu,16275,1667,,
16276,itseidlaelextu,16276,1667,,
16277,itseidlaelextu,16277,1667,,
16278,itseidlaelextu,16278,1667,,
16279,itseidlaelextu,16279,1667,,
16280,cuxnoqiquunugonqe,16280,1977,15.925433370141077,3.628863438739304
16281,adlaca,16281,1977,14.652693260747302,3.39633504748836
16282,itseidlaelextu,16282,1977,,
16283,itseidlaelextu,16283,1977,,
16284,itseidlaelextu,16284,1977,,
16285,itseidlaelextu,16285,1977,,
16286,itseidlaelextu,16286,1977,,
16287,itseidlaelextu,16287,1977,,
16288,itseidlaelextu,16288,1977,,
16289,itseidlaelextu,16289,1977,,
16290,itseidlaelextu,16290,1977,,
16291,itseidlaelextu,16291,1977,,
16292,itseidlaelextu,16292,1977,,
16293,itseidlaelextu,16293,1977,,
16294,itseidlaelextu,16294,1977,,
16295,itseidlaelextu,16295,1977,,
16296,itseidlaelextu,16296,1977,,
16297,itseidlaelextu,16297,1977,,
16298,itseidlaelextu,16298,1977,,
16299,itseidlaelextu,16299,1977,,
16300,cuxnoqiquunugonqe,16300,2255,30.882611857763216,6.169510852890564
16301,adlaca,16301,2255,24.06839930073491,5.911719460012097
16302,itseidlaelextu,16302,2255,,
16303,itseidlaelextu,16303,2255,,
16304,itseidlaelextu,16304,2255,,
16305,itseidlaelextu,16305,2255,,
16306,itseidlaelextu,16306,2255,,
16307,itseidlaelextu,16307,2255,,
16308,itseidlaelextu,16308,2255,,
16309,itseidlaelextu,16309,2255,,
16310,itseidlaelextu,16310,2255,,
16311,itseidlaelextu,16311,2255,,
16312,itseidlaelextu,16312,2255,,
16313,itseidlaelextu,16313,2255,,
16314,itseidlaelextu,16314,2255,,
16315,itseidlaelextu,16315,2255,,
16316,itseidlaelextu,16316,2255,,
16317,itseidlaelextu,16317,2255,,
16318,itseidlaelextu,16318,2255,,
16319,itseidlaelextu,16319,2255,,
16320,cuxnoqiquunugonqe,16320,736,16.31394932745036,3.179386474096492
16321,adlaca,16321,736,16.2834049567904,4.251331671222031
16322,itseidlaelextu,16322,736,,
16323,itseidlaelextu,16323,736,,
16324,itseidlaelextu,16324,736,,
16325,itseidlaelextu,16325,736,,
16326,itseidlaelextu,16326,736,,
16327,itseidlaelextu,16327,736,,
16328,itseidlaelextu,16328,736,,
16329,itseidlaelextu,16329,736,,
16330,itseidlaelextu,16330,736,,
16331,itseidlaelextu,16331,736,,
16332,itseidlaelextu,16332,736,,
16333,itseidlaelextu,16333,736,,
16334,itseidlaelextu,16334,736,,
16335,itseidlaelextu,16335,736,,
16336,itseidlaelextu,16336,736,,
16337,itseidlaelextu,16337,736,,
16338,itseidlaelextu,16338,736,,
16339,itseidlaelextu,16339,736,,
16340,cuxnoqiquunugonqe,16340,776,9.025338309306424,1.3266755248775592
16341,adlaca,16341,776,8.368985519819114,0.984429157291075
16342,itseidlaelextu,16342,776,,
16343,itseidlaelextu,16343,776,,
16344,itseidlaelextu,16344,776,,
16345,itseidlaelextu,16345,776,,
16346,itseidlaelextu,16346,776,,
16347,itseidlaelextu,16347,776,,
16348,itseidlaelextu,16348,776,,
16349,itseidlaelextu,16349,776,,
16350,itseidlaelextu,16350,776,,
16351,itseidlaelextu,16351,776,,
16352,itseidlaelextu,16352,776,,
16353,itseidlaelextu,16353,776,,
16354,itseidlaelextu,16354,776,,
16355,itseidlaelextu,16355,776,,
16356,itseidlaelextu,16356,776,,
16357,itseidlaelextu,16357,776,,
16358,itseidlaelextu,16358,776,,
16359,itseidlaelextu,16359,776,,
16360,itseidlaelextu,16360,1928,,
16361,itseidlaelextu,16361,1928,,
16362,itseidlaelextu,16362,1928,,
16363,itseidlaelextu,16363,1928,,
16364,itseidlaelextu,16364,1928,,
16365,tenaileqnequwuzemat,16365,1928,15.279409593660484,6.644766544430135
16366,itseidlaelextu,16366,1928,,
16367,itseidlaelextu,16367,1928,,
16368,itseidlaelextu,16368,1928,,
16369,quozagchofuquuri,16369,1928,19.91718301217277,6.116956232465947
16370,ixkecyn,16370,1928,23.7582944427728,6.763649133451801
16371,tayteg,16371,1928,,
16372,tayteg,16372,1928,,
16373,tarnegevnoq,16373,1928,23.75829444277282,8.76446946988453
16374,tayteg,16374,1928,,
16375,tayteg,16375,1928,,
16376,tayteg,16376,1928,,
16377,tayteg,16377,1928,,
16378,quozagchofuquuri,16378,1928,16.991775721148986,6.192907062545159
16379,tayteg,16379,1928,,
16380,itseidlaelextu,16380,1730,,
16381,itseidlaelextu,16381,1730,,
16382,itseidlaelextu,16382,1730,,
16383,itseidlaelextu,16383,1730,,
16384,itseidlaelextu,16384,1730,,
16385,tenaileqnequwuzemat,16385,1730,,
16386,itseidlaelextu,16386,1730,,
16387,itseidlaelextu,16387,1730,,
16388,itseidlaelextu,16388,1730,,
16389,quozagchofuquuri,16389,1730,15.061437152101092,2.556061832910237
16390,ixkecyn,16390,1730,13.550468434426708,3.251823386149462
16391,tayteg,16391,1730,,
16392,tayteg,16392,1730,,
16393,tarnegevnoq,16393,1730,15.420397317887629,3.210017289332132
16394,tayteg,16394,1730,,
16395,tayteg,16395,1730,,
16396,tayteg,16396,1730,,
16397,tayteg,16397,1730,23.75829444277279,23.758294442772787
16398,quozagchofuquuri,16398,1730,13.390402708847445,2.7968775830664065
16399,tayteg,16399,1730,,
16400,tayteg,16400,1847,,
16401,tayteg,16401,1847,,
16402,tayteg,16402,1847,,
16403,tayteg,16403,1847,,
16404,tayteg,16404,1847,,
16405,tayteg,16405,1847,,
16406,tayteg,16406,1847,,
16407,tayteg,16407,1847,,
16408,tayteg,16408,1847,,
16409,tayteg,16409,1847,,
16410,tayteg,16410,1847,,
16411,tarnegevnoq,16411,1847,18.155210176154828,2.726521882270528
16412,tenaileqnequwuzemat,16412,1847,8.897795089804633,2.7526961759624005
16413,ecenivri,16413,1847,17.51759537967394,1.5269320619065283
16414,tayteg,16414,1847,,
16415,tarnegevnoq,16415,1847,18.250299026596014,3.951297029655599
16416,ecenivri,16416,1847,16.013996067000015,1.914104798815652
16417,ixkecyn,16417,1847,12.125641011629885,2.577205780513617
16418,tenaileqnequwuzemat,16418,1847,9.374037633442155,2.6684693527138488
16419,hahagitve,16419,1847,,
16420,tayteg,16420,939,,
16421,tayteg,16421,939,,
16422,tayteg,16422,939,,
16423,tayteg,16423,939,,
16424,tayteg,16424,939,,
16425,tayteg,16425,939,,
16426,tayteg,16426,939,,
16427,tayteg,16427,939,,
16428,tayteg,16428,939,,
16429,tayteg,16429,939,,
16430,tayteg,16430,939,,
16431,tarnegevnoq,16431,939,23.75829444277281,8.655612503667967
16432,tenaileqnequwuzemat,16432,939,8.764435969673507,3.139281526382045
16433,ecenivri,16433,939,15.341997798628402,1.8515018626574464
16434,tayteg,16434,939,,
16435,tarnegevnoq,16435,939,23.75829444277281,5.869094315689986
16436,ecenivri,16436,939,13.70271970650654,1.1165264199905025
16437,ixkecyn,16437,939,12.17240572329592,2.851279592307132
16438,tenaileqnequwuzemat,16438,939,12.286340491031847,4.362688058116316
16439,hahagitve,16439,939,,
16440,tayteg,16440,1195,,
16441,tayteg,16441,1195,,
16442,tayteg,16442,1195,,
16443,tayteg,16443,1195,,
16444,tayteg,16444,1195,,
16445,tayteg,16445,1195,,
16446,tayteg,16446,1195,,
16447,tayteg,16447,1195,,
16448,tayteg,16448,1195,,
16449,tayteg,16449,1195,,
16450,tayteg,16450,1195,,
16451,tarnegevnoq,16451,1195,27.16974426871162,8.74651560442359
16452,tenaileqnequwuzemat,16452,1195,14.15499197715206,6.557692315120644
16453,ecenivri,16453,1195,25.19327120918102,3.5967136842140506
16454,tayteg,16454,1195,,
16455,tarnegevnoq,16455,1195,30.40346308116781,10.573336293490536
16456,ecenivri,16456,1195,25.422924907163765,3.78594095461294
16457,ixkecyn,16457,1195,21.72693000292758,4.787096700875768
16458,tenaileqnequwuzemat,16458,1195,12.062544092239952,4.629224866757517
16459,hahagitve,16459,1195,,
16460,ecenivri,16460,1187,20.268534513048703,3.3978875793453565
16461,catafewechu,16461,1187,,
16462,teamfinosakilechlun,16462,1187,,
16463,ecenivri,16463,1187,23.83006154461754,3.0186835764409063
16464,catafewechu,16464,1187,,
16465,elnahamiz,16465,1187,24.20106908507601,4.9982848250966825
16466,catafewechu,16466,1187,,
16467,elroaswypazamtirys,16467,1187,16.667492895020658,5.102292041553068
16468,catafewechu,16468,1187,,
16469,delonfeitratobquitof,16469,1187,17.995388389055535,4.616966372502508
16470,pagwiusquech,16470,1187,,
16471,catafewechu,16471,1187,,
16472,cuxnoqiquunugonqe,16472,1187,16.7964051970805,3.0951493369837264
16473,upzinicaropgyik,16473,1187,23.7582944427728,7.215405043509937
16474,catafewechu,16474,1187,,
16475,delonfeitratobquitof,16475,1187,16.12885735249093,4.39602893282493
16476,upzinicaropgyik,16476,1187,23.75829444277283,4.496704544937477
16477,catafewechu,16477,1187,,
16478,yxxeor,16478,1187,18.618020978045365,5.590221883547044
16479,delonfeitratobquitof,16479,1187,11.999580958819136,4.90008198831369
16480,ecenivri,16480,1171,18.1672016137044,3.304868102390041
16481,catafewechu,16481,1171,,
16482,teamfinosakilechlun,16482,1171,,
16483,ecenivri,16483,1171,25.68354461609849,5.834208215087911
16484,catafewechu,16484,1171,,
16485,elnahamiz,16485,1171,34.21478967241873,6.951447626384714
16486,catafewechu,16486,1171,,
16487,elroaswypazamtirys,16487,1171,25.65557626812693,7.759393246859505
16488,catafewechu,16488,1171,,
16489,delonfeitratobquitof,16489,1171,21.65146428119305,8.011824485171289
16490,pagwiusquech,16490,1171,,
16491,catafewechu,16491,1171,,
16492,cuxnoqiquunugonqe,16492,1171,18.89306453679629,5.527217053091185
16493,upzinicaropgyik,16493,1171,19.91718301208569,5.43043770285824
16494,catafewechu,16494,1171,,
16495,delonfeitratobquitof,16495,1171,17.96345542246648,5.631893242459779
16496,upzinicaropgyik,16496,1171,,
16497,catafewechu,16497,1171,,
16498,yxxeor,16498,1171,15.1942669694146,4.665722895052043
16499,delonfeitratobquitof,16499,1171,11.806140800656612,3.592000381596838
16500,ecenivri,16500,883,29.30772582346866,4.940147347860061
16501,catafewechu,16501,883,,
16502,teamfinosakilechlun,16502,883,23.758294442772844,23.75829444277282
16503,ecenivri,16503,883,29.243539396265493,5.151016907673457
16504,catafewechu,16504,883,,
16505,elnahamiz,16505,883,23.866195385229965,3.323244178558069
16506,catafewechu,16506,883,,
16507,elroaswypazamtirys,16507,883,22.36494611998874,6.431092756287115
16508,catafewechu,16508,883,,
16509,delonfeitratobquitof,16509,883,19.936803627733777,7.228761325587044
16510,pagwiusquech,16510,883,18.532568326809848,8.088787621855685
16511,catafewechu,16511,883,,
16512,cuxnoqiquunugonqe,16512,883,23.691703138475816,6.4756501328774565
16513,upzinicaropgyik,16513,883,,
16514,catafewechu,16514,883,,
16515,delonfeitratobquitof,16515,883,21.745003134719678,7.101989169450113
16516,upzinicaropgyik,16516,883,,
16517,catafewechu,16517,883,,
16518,yxxeor,16518,883,23.357769305241888,8.311872133532951
16519,delonfeitratobquitof,16519,883,21.28968477486802,6.251214131341196
16520,ecenivri,16520,582,27.82335900512265,4.923341090720015
16521,catafewechu,16521,582,,
16522,teamfinosakilechlun,16522,582,,
16523,ecenivri,16523,582,27.46476118992481,4.959577682430296
16524,catafewechu,16524,582,,
16525,elnahamiz,16525,582,24.805722512504754,4.711768419894874
16526,catafewechu,16526,582,,
16527,elroaswypazamtirys,16527,582,22.59215572817465,5.6068632947966
16528,catafewechu,16528,582,,
16529,delonfeitratobquitof,16529,582,22.541128772585257,6.606819722643372
16530,pagwiusquech,16530,582,20.388576347623683,7.432162136360106
16531,catafewechu,16531,582,,
16532,cuxnoqiquunugonqe,16532,582,23.75829444277283,5.101227250424787
16533,upzinicaropgyik,16533,582,,
16534,catafewechu,16534,582,,
16535,delonfeitratobquitof,16535,582,22.64306769291754,7.592760151711673
16536,upzinicaropgyik,16536,582,,
16537,catafewechu,16537,582,,
16538,yxxeor,16538,582,21.895232895956298,6.02174337012384
16539,delonfeitratobquitof,16539,582,19.406144800522675,6.895886737877336
16540,ecenivri,16540,1983,6.299272667780524,1.423565583211711
16541,catafewechu,16541,1983,,
16542,teamfinosakilechlun,16542,1983,,
16543,ecenivri,16543,1983,6.286237965681097,1.4194340056074342
16544,catafewechu,16544,1983,,
16545,elnahamiz,16545,1983,,
16546,catafewechu,16546,1983,,
16547,elroaswypazamtirys,16547,1983,,
16548,catafewechu,16548,1983,,
16549,delonfeitratobquitof,16549,1983,,
16550,pagwiusquech,16550,1983,,
16551,catafewechu,16551,1983,,
16552,cuxnoqiquunugonqe,16552,1983,7.851748059772547,1.7584115731364147
16553,upzinicaropgyik,16553,1983,9.813937089733852,2.248981915137655
16554,catafewechu,16554,1983,,
16555,delonfeitratobquitof,16555,1983,,
16556,upzinicaropgyik,16556,1983,10.299858747881796,2.6934512670109947
16557,catafewechu,16557,1983,,
16558,yxxeor,16558,1983,,
16559,delonfeitratobquitof,16559,1983,,
16560,ecenivri,16560,2197,13.708059137684362,1.422730133290284
16561,catafewechu,16561,2197,,
16562,teamfinosakilechlun,16562,2197,,
16563,ecenivri,16563,2197,16.73106741239254,1.9615160718228264
16564,catafewechu,16564,2197,,
16565,elnahamiz,16565,2197,,
16566,catafewechu,16566,2197,,
16567,elroaswypazamtirys,16567,2197,12.179269905052006,3.4412835529159382
16568,catafewechu,16568,2197,,
16569,delonfeitratobquitof,16569,2197,9.13147741258202,3.9496246015683454
16570,pagwiusquech,16570,2197,,
16571,catafewechu,16571,2197,,
16572,cuxnoqiquunugonqe,16572,2197,15.109145339838228,1.5994760570085638
16573,upzinicaropgyik,16573,2197,13.87765939696815,4.035217172363731
16574,catafewechu,16574,2197,,
16575,delonfeitratobquitof,16575,2197,8.045335528046403,3.429316807859178
16576,upzinicaropgyik,16576,2197,23.75829444277282,1.9597266079591131
16577,catafewechu,16577,2197,,
16578,yxxeor,16578,2197,,
16579,delonfeitratobquitof,16579,2197,10.138778985467212,3.975523570856767
16580,ecenivri,16580,320,26.22167696250117,4.715948579107618
16581,catafewechu,16581,320,,
16582,teamfinosakilechlun,16582,320,23.75829444277283,23.75829444277282
16583,ecenivri,16583,320,25.284107796664536,3.3963854634969275
16584,catafewechu,16584,320,,
16585,elnahamiz,16585,320,28.295662998464973,5.888578214894632
16586,catafewechu,16586,320,,
16587,elroaswypazamtirys,16587,320,22.10229290626982,5.35566765804472
16588,catafewechu,16588,320,,
16589,delonfeitratobquitof,16589,320,19.287189420019597,6.832091750161438
16590,pagwiusquech,16590,320,,
16591,catafewechu,16591,320,,
16592,cuxnoqiquunugonqe,16592,320,16.220954386224047,3.8707743503082392
16593,upzinicaropgyik,16593,320,,
16594,catafewechu,16594,320,,
16595,delonfeitratobquitof,16595,320,23.807562238288146,6.359650278281286
16596,upzinicaropgyik,16596,320,,
16597,catafewechu,16597,320,,
16598,yxxeor,16598,320,21.847733039975758,5.951480445782978
16599,delonfeitratobquitof,16599,320,23.94121873388787,6.000616309119946
16600,upzinicaropgyik,16600,2207,23.75829444277282,9.212801371001486
16601,exytodenohnatnom,16601,2207,23.7582944427728,14.011665806121048
16602,elolniegeqrire,16602,2207,,
16603,gelerutec,16603,2207,,
16604,teamfinosakilechlun,16604,2207,,
16605,teamfinosakilechlun,16605,2207,,
16606,teamfinosakilechlun,16606,2207,,
16607,elolniegeqrire,16607,2207,,
16608,teamfinosakilechlun,16608,2207,,
16609,teamfinosakilechlun,16609,2207,,
16610,teamfinosakilechlun,16610,2207,,
16611,aturrooqel,16611,2207,17.048475787566804,6.240306879185479
16612,elolniegeqrire,16612,2207,,
16613,xaredkaotul,16613,2207,83.05481918723761,44.76505496309087
16614,teamfinosakilechlun,16614,2207,,
16615,teamfinosakilechlun,16615,2207,,
16616,teamfinosakilechlun,16616,2207,,
16617,teamfinosakilechlun,16617,2207,,
16618,teamfinosakilechlun,16618,2207,,
16619,elolniegeqrire,16619,2207,,
16620,upzinicaropgyik,16620,497,,
16621,exytodenohnatnom,16621,497,33.37380960261678,15.373575454615734
16622,elolniegeqrire,16622,497,,
16623,gelerutec,16623,497,,
16624,teamfinosakilechlun,16624,497,,
16625,teamfinosakilechlun,16625,497,,
16626,teamfinosakilechlun,16626,497,,
16627,elolniegeqrire,16627,497,,
16628,teamfinosakilechlun,16628,497,,
16629,teamfinosakilechlun,16629,497,,
16630,teamfinosakilechlun,16630,497,,
16631,aturrooqel,16631,497,12.856031468498824,4.092139387174225
16632,elolniegeqrire,16632,497,,
16633,xaredkaotul,16633,497,23.75829444277283,23.75829444277283
16634,teamfinosakilechlun,16634,497,,
16635,teamfinosakilechlun,16635,497,,
16636,teamfinosakilechlun,16636,497,,
16637,teamfinosakilechlun,16637,497,,
16638,teamfinosakilechlun,16638,497,,
16639,elolniegeqrire,16639,497,,
16640,upzinicaropgyik,16640,2026,26.223155948709884,6.563700966856731
16641,exytodenohnatnom,16641,2026,23.75829444277283,18.51409445023237
16642,elolniegeqrire,16642,2026,,
16643,gelerutec,16643,2026,,
16644,teamfinosakilechlun,16644,2026,,
16645,teamfinosakilechlun,16645,2026,,
16646,teamfinosakilechlun,16646,2026,,
16647,elolniegeqrire,16647,2026,,
16648,teamfinosakilechlun,16648,2026,,
16649,teamfinosakilechlun,16649,2026,,
16650,teamfinosakilechlun,16650,2026,,
16651,aturrooqel,16651,2026,16.045368065702935,6.807333813007167
16652,elolniegeqrire,16652,2026,,
16653,xaredkaotul,16653,2026,55.11772380853812,23.75829444277283
16654,teamfinosakilechlun,16654,2026,,
16655,teamfinosakilechlun,16655,2026,,
16656,teamfinosakilechlun,16656,2026,,
16657,teamfinosakilechlun,16657,2026,,
16658,teamfinosakilechlun,16658,2026,,
16659,elolniegeqrire,16659,2026,,
16660,upzinicaropgyik,16660,1009,,
16661,exytodenohnatnom,16661,1009,,
16662,elolniegeqrire,16662,1009,,
16663,gelerutec,16663,1009,,
16664,teamfinosakilechlun,16664,1009,,
16665,teamfinosakilechlun,16665,1009,,
16666,teamfinosakilechlun,16666,1009,,
16667,elolniegeqrire,16667,1009,,
16668,teamfinosakilechlun,16668,1009,,
16669,teamfinosakilechlun,16669,1009,,
16670,teamfinosakilechlun,16670,1009,,
16671,aturrooqel,16671,1009,11.091096577706455,1.7450011842709785
16672,elolniegeqrire,16672,1009,,
16673,xaredkaotul,16673,1009,23.75829444277282,23.75829444277282
16674,teamfinosakilechlun,16674,1009,,
16675,teamfinosakilechlun,16675,1009,,
16676,teamfinosakilechlun,16676,1009,,
16677,teamfinosakilechlun,16677,1009,,
16678,teamfinosakilechlun,16678,1009,,
16679,elolniegeqrire,16679,1009,,
16680,ditlietan,16680,878,22.10031452721152,5.439752910433663
16681,ditlietan,16681,878,23.75829444277282,6.4803503131827656
16682,delonfeitratobquitof,16682,878,22.00474301218477,6.565803254890938
16683,teamfinosakilechlun,16683,878,23.75829444277282,23.75829444277282
16684,delonfeitratobquitof,16684,878,23.75829444277282,8.063381776429578
16685,tayteg,16685,878,23.75829444277282,23.75829444277282
16686,intaokbere,16686,878,23.75829444277282,4.875872334807968
16687,wefirtipe,16687,878,13.001017645692146,4.202919380682881
16688,ixkecyn,16688,878,23.75829444277282,6.143277792671083
16689,pagwiusquech,16689,878,13.806764337581106,4.901515596594841
16690,pagwiusquech,16690,878,23.662635179672037,10.437142098174508
16691,fitarwuas,16691,878,23.75829444277282,6.6855840577053085
16692,pagwiusquech,16692,878,23.75829444277282,11.29841186474054
16693,itseidlaelextu,16693,878,,
16694,itseidlaelextu,16694,878,,
16695,itseidlaelextu,16695,878,,
16696,itseidlaelextu,16696,878,,
16697,itseidlaelextu,16697,878,,
16698,itseidlaelextu,16698,878,,
16699,itseidlaelextu,16699,878,,
16700,ditlietan,16700,584,,
16701,ditlietan,16701,584,,
16702,delonfeitratobquitof,16702,584,17.158635928793057,6.583389137868368
16703,teamfinosakilechlun,16703,584,,
16704,delonfeitratobquitof,16704,584,19.91718301217278,8.223114626394077
16705,tayteg,16705,584,,
16706,intaokbere,16706,584,,
16707,wefirtipe,16707,584,11.179129570758867,4.070911163232292
16708,ixkecyn,16708,584,23.628890027767987,7.812992411121524
16709,pagwiusquech,16709,584,,
16710,pagwiusquech,16710,584,,
16711,fitarwuas,16711,584,23.75829444277282,23.75829444277282
16712,pagwiusquech,16712,584,,
16713,itseidlaelextu,16713,584,,
16714,itseidlaelextu,16714,584,,
16715,itseidlaelextu,16715,584,,
16716,itseidlaelextu,16716,584,,
16717,itseidlaelextu,16717,584,,
16718,itseidlaelextu,16718,584,,
16719,itseidlaelextu,16719,584,,
16720,ditlietan,16720,2087,20.92229039827207,8.480687868672366
16721,ditlietan,16721,2087,21.059906089937417,8.219374357210704
16722,delonfeitratobquitof,16722,2087,24.287590188094445,9.15575561275757
16723,teamfinosakilechlun,16723,2087,23.7582944427728,23.758294442772787
16724,delonfeitratobquitof,16724,2087,22.30230995353124,9.708559692212123
16725,tayteg,16725,2087,23.75829444277284,23.75829444277282
16726,intaokbere,16726,2087,23.75829444277281,6.379117626965926
16727,wefirtipe,16727,2087,11.893946890090598,5.469322769773743
16728,ixkecyn,16728,2087,23.75829444277282,7.723565410940487
16729,pagwiusquech,16729,2087,21.95110883611888,12.382718217532108
16730,pagwiusquech,16730,2087,23.75829444277282,12.578393559938048
16731,fitarwuas,16731,2087,23.75829444277283,10.118369265594968
16732,pagwiusquech,16732,2087,23.75829444277282,13.163014367408085
16733,itseidlaelextu,16733,2087,,
16734,itseidlaelextu,16734,2087,,
16735,itseidlaelextu,16735,2087,,
16736,itseidlaelextu,16736,2087,,
16737,itseidlaelextu,16737,2087,,
16738,itseidlaelextu,16738,2087,,
16739,itseidlaelextu,16739,2087,,
16740,itseidlaelextu,16740,892,,
16741,itseidlaelextu,16741,892,,
16742,itseidlaelextu,16742,892,,
16743,itseidlaelextu,16743,892,,
16744,itseidlaelextu,16744,892,,
16745,itseidlaelextu,16745,892,,
16746,itseidlaelextu,16746,892,,
16747,itseidlaelextu,16747,892,,
16748,itseidlaelextu,16748,892,,
16749,itseidlaelextu,16749,892,,
16750,itseidlaelextu,16750,892,,
16751,itseidlaelextu,16751,892,,
16752,itseidlaelextu,16752,892,,
16753,chotezenivnenfagig,16753,892,9.64461945854297,2.3976299787390727
16754,itseidlaelextu,16754,892,,
16755,itseidlaelextu,16755,892,,
16756,itseidlaelextu,16756,892,,
16757,itseidlaelextu,16757,892,,
16758,pagwiusquech,16758,892,,
16759,wefirtipe,16759,892,6.376863107820661,1.702501315942475
16760,itseidlaelextu,16760,2286,,
16761,itseidlaelextu,16761,2286,,
16762,itseidlaelextu,16762,2286,,
16763,itseidlaelextu,16763,2286,,
16764,itseidlaelextu,16764,2286,,
16765,itseidlaelextu,16765,2286,,
16766,itseidlaelextu,16766,2286,,
16767,itseidlaelextu,16767,2286,,
16768,itseidlaelextu,16768,2286,,
16769,itseidlaelextu,16769,2286,,
16770,itseidlaelextu,16770,2286,,
16771,itseidlaelextu,16771,2286,,
16772,itseidlaelextu,16772,2286,,
16773,chotezenivnenfagig,16773,2286,26.85709073657276,4.711101246869653
16774,itseidlaelextu,16774,2286,,
16775,itseidlaelextu,16775,2286,,
16776,itseidlaelextu,16776,2286,,
16777,itseidlaelextu,16777,2286,,
16778,pagwiusquech,16778,2286,11.689714548953104,3.953247301544189
16779,wefirtipe,16779,2286,9.139474979769108,3.4185729669777687
16780,itseidlaelextu,16780,533,,
16781,itseidlaelextu,16781,533,,
16782,itseidlaelextu,16782,533,,
16783,itseidlaelextu,16783,533,,
16784,itseidlaelextu,16784,533,,
16785,itseidlaelextu,16785,533,,
16786,itseidlaelextu,16786,533,,
16787,itseidlaelextu,16787,533,,
16788,itseidlaelextu,16788,533,,
16789,itseidlaelextu,16789,533,,
16790,itseidlaelextu,16790,533,,
16791,itseidlaelextu,16791,533,,
16792,itseidlaelextu,16792,533,,
16793,chotezenivnenfagig,16793,533,10.802322132243436,3.632907057248586
16794,itseidlaelextu,16794,533,,
16795,itseidlaelextu,16795,533,,
16796,itseidlaelextu,16796,533,,
16797,itseidlaelextu,16797,533,,
16798,pagwiusquech,16798,533,,
16799,wefirtipe,16799,533,7.887297790173876,2.19285831871792
16800,itseidlaelextu,16800,1824,,
16801,itseidlaelextu,16801,1824,,
16802,itseidlaelextu,16802,1824,,
16803,itseidlaelextu,16803,1824,,
16804,itseidlaelextu,16804,1824,,
16805,itseidlaelextu,16805,1824,,
16806,itseidlaelextu,16806,1824,,
16807,itseidlaelextu,16807,1824,,
16808,itseidlaelextu,16808,1824,,
16809,itseidlaelextu,16809,1824,,
16810,itseidlaelextu,16810,1824,,
16811,itseidlaelextu,16811,1824,,
16812,itseidlaelextu,16812,1824,,
16813,chotezenivnenfagig,16813,1824,41.428858096458825,25.269849681007614
16814,itseidlaelextu,16814,1824,,
16815,itseidlaelextu,16815,1824,,
16816,itseidlaelextu,16816,1824,,
16817,itseidlaelextu,16817,1824,,
16818,pagwiusquech,16818,1824,43.956815785353854,27.368875329561966
16819,wefirtipe,16819,1824,51.89156702131083,23.75829444277281
16820,itseidlaelextu,16820,693,,
16821,itseidlaelextu,16821,693,,
16822,itseidlaelextu,16822,693,,
16823,itseidlaelextu,16823,693,,
16824,itseidlaelextu,16824,693,,
16825,itseidlaelextu,16825,693,,
16826,itseidlaelextu,16826,693,,
16827,itseidlaelextu,16827,693,,
16828,itseidlaelextu,16828,693,,
16829,itseidlaelextu,16829,693,,
16830,itseidlaelextu,16830,693,,
16831,itseidlaelextu,16831,693,,
16832,itseidlaelextu,16832,693,,
16833,chotezenivnenfagig,16833,693,20.464433691594337,8.75591483178993
16834,itseidlaelextu,16834,693,,
16835,itseidlaelextu,16835,693,,
16836,itseidlaelextu,16836,693,,
16837,itseidlaelextu,16837,693,,
16838,pagwiusquech,16838,693,,
16839,wefirtipe,16839,693,15.945485210393036,6.253749190447914
16840,itseidlaelextu,16840,2298,,
16841,itseidlaelextu,16841,2298,,
16842,itseidlaelextu,16842,2298,,
16843,itseidlaelextu,16843,2298,,
16844,itseidlaelextu,16844,2298,,
16845,itseidlaelextu,16845,2298,,
16846,itseidlaelextu,16846,2298,,
16847,itseidlaelextu,16847,2298,,
16848,itseidlaelextu,16848,2298,,
16849,itseidlaelextu,16849,2298,,
16850,itseidlaelextu,16850,2298,,
16851,itseidlaelextu,16851,2298,,
16852,itseidlaelextu,16852,2298,,
16853,chotezenivnenfagig,16853,2298,7.329789220888434,1.604953119965291
16854,itseidlaelextu,16854,2298,,
16855,itseidlaelextu,16855,2298,,
16856,itseidlaelextu,16856,2298,,
16857,itseidlaelextu,16857,2298,,
16858,pagwiusquech,16858,2298,,
16859,wefirtipe,16859,2298,3.3494171478451307,1.1794279153698353
16860,itseidlaelextu,16860,2295,,
16861,itseidlaelextu,16861,2295,,
16862,itseidlaelextu,16862,2295,,
16863,itseidlaelextu,16863,2295,,
16864,itseidlaelextu,16864,2295,,
16865,itseidlaelextu,16865,2295,,
16866,itseidlaelextu,16866,2295,,
16867,itseidlaelextu,16867,2295,,
16868,itseidlaelextu,16868,2295,,
16869,itseidlaelextu,16869,2295,,
16870,itseidlaelextu,16870,2295,,
16871,itseidlaelextu,16871,2295,,
16872,itseidlaelextu,16872,2295,,
16873,chotezenivnenfagig,16873,2295,11.85320664504673,4.44119202493959
16874,itseidlaelextu,16874,2295,,
16875,itseidlaelextu,16875,2295,,
16876,itseidlaelextu,16876,2295,,
16877,itseidlaelextu,16877,2295,,
16878,pagwiusquech,16878,2295,,
16879,wefirtipe,16879,2295,7.861153288390752,2.597401390999756
16880,pagwiusquech,16880,831,19.91718301213308,8.518185911258895
16881,pagwiusquech,16881,831,21.48846964146952,9.649340256629284
16882,wefirtipe,16882,831,19.89202257467042,6.022213259696013
16883,chotezenivnenfagig,16883,831,26.070017343558742,10.022789228783818
16884,wefirtipe,16884,831,22.00474301219107,7.834863486415221
16885,wefirtipe,16885,831,18.926169103986016,6.988919275385012
16886,lugeguliriritlini,16886,831,32.63654427722255,6.899973366236985
16887,chotezenivnenfagig,16887,831,29.855658780993924,9.399752048358229
16888,wefirtipe,16888,831,23.7582944427728,9.198253218827672
16889,ottowyc,16889,831,19.85203486477524,10.169894243830548
16890,lugeguliriritlini,16890,831,30.91033490851824,7.551314777093287
16891,teamfinosakilechlun,16891,831,,
16892,enzeobrunelic,16892,831,21.46039306236305,8.211000389369069
16893,fiahlamuawetulko,16893,831,23.7582944427728,8.089604373171284
16894,teamfinosakilechlun,16894,831,,
16895,ixkecyn,16895,831,21.783889443475605,6.779454273002981
16896,teamfinosakilechlun,16896,831,,
16897,ipenam,16897,831,31.08701164024877,8.677998158223454
16898,teamfinosakilechlun,16898,831,,
16899,semegelusytdeagis,16899,831,33.25314954255856,13.793051583308076
16900,towische,16900,80,38.39981529192489,2.908282019877562
16901,dotrutole,16901,80,10.965683003147651,1.2238064105577644
16902,nepedheffewixeprir,16902,80,7.771724335809686,3.106035678425633
16903,neecygiw,16903,80,14.697469169299058,5.442118356615095
16904,enzeobrunelic,16904,80,11.128983973886134,2.948167833039017
16905,nepedheffewixeprir,16905,80,14.142093088504256,4.931205922639191
16906,ixkecyn,16906,80,11.82441354653218,2.7099077757932624
16907,gelerutec,16907,80,,
16908,wawaseguadtimuj,16908,80,,
16909,wawaseguadtimuj,16909,80,,
16910,gelerutec,16910,80,,
16911,amweobred,16911,80,,
16912,gelerutec,16912,80,,
16913,gelerutec,16913,80,,
16914,gelerutec,16914,80,,
16915,gelerutec,16915,80,,
16916,gelerutec,16916,80,,
16917,gelerutec,16917,80,,
16918,gelerutec,16918,80,,
16919,gelerutec,16919,80,,
16920,towische,16920,1844,17.778883135754185,3.4886980014137365
16921,dotrutole,16921,1844,10.837172467985027,3.4348779813830763
16922,nepedheffewixeprir,16922,1844,12.289565343398325,3.274979870681677
16923,neecygiw,16923,1844,12.144502341665262,3.3953477485459467
16924,enzeobrunelic,16924,1844,10.679836619433878,2.5527702010956683
16925,nepedheffewixeprir,16925,1844,8.293160228549864,3.474213562854364
16926,ixkecyn,16926,1844,9.18489425852453,1.7750320897797007
16927,gelerutec,16927,1844,,
16928,wawaseguadtimuj,16928,1844,,
16929,wawaseguadtimuj,16929,1844,,
16930,gelerutec,16930,1844,,
16931,amweobred,16931,1844,,
16932,gelerutec,16932,1844,,
16933,gelerutec,16933,1844,,
16934,gelerutec,16934,1844,,
16935,gelerutec,16935,1844,,
16936,gelerutec,16936,1844,,
16937,gelerutec,16937,1844,,
16938,gelerutec,16938,1844,,
16939,gelerutec,16939,1844,,
16940,towische,16940,503,29.017917416513548,8.36373021726211
16941,dotrutole,16941,503,17.71399648449318,6.036597764992456
16942,nepedheffewixeprir,16942,503,16.04786243596263,7.511759889705039
16943,neecygiw,16943,503,26.551144950956303,9.759329782465896
16944,enzeobrunelic,16944,503,18.80958642503672,8.530371639798611
16945,nepedheffewixeprir,16945,503,15.18649354338145,9.08918675320116
16946,ixkecyn,16946,503,20.564312887923407,6.820423660347998
16947,gelerutec,16947,503,,
16948,wawaseguadtimuj,16948,503,18.66732265115879,9.202540565355983
16949,wawaseguadtimuj,16949,503,20.712846127554293,8.225221181082166
16950,gelerutec,16950,503,,
16951,amweobred,16951,503,,
16952,gelerutec,16952,503,,
16953,gelerutec,16953,503,,
16954,gelerutec,16954,503,,
16955,gelerutec,16955,503,,
16956,gelerutec,16956,503,,
16957,gelerutec,16957,503,,
16958,gelerutec,16958,503,,
16959,gelerutec,16959,503,,
16960,towische,16960,139,11.074073238185203,1.4590673899867572
16961,dotrutole,16961,139,9.504505225575256,1.3708701968582195
16962,nepedheffewixeprir,16962,139,9.844766662763808,3.7635296496254464
16963,neecygiw,16963,139,8.86903753654158,1.653945092413368
16964,enzeobrunelic,16964,139,5.495516243167226,1.2509190546275009
16965,nepedheffewixeprir,16965,139,11.974175201945105,4.184794227391337
16966,ixkecyn,16966,139,,
16967,gelerutec,16967,139,,
16968,wawaseguadtimuj,16968,139,6.835475529503079,1.842764249187112
16969,wawaseguadtimuj,16969,139,,
16970,gelerutec,16970,139,,
16971,amweobred,16971,139,,
16972,gelerutec,16972,139,,
16973,gelerutec,16973,139,,
16974,gelerutec,16974,139,,
16975,gelerutec,16975,139,,
16976,gelerutec,16976,139,,
16977,gelerutec,16977,139,,
16978,gelerutec,16978,139,,
16979,gelerutec,16979,139,,
16980,towische,16980,1267,41.54501519578587,18.841191435429064
16981,dotrutole,16981,1267,36.9902453842891,14.762205439535665
16982,nepedheffewixeprir,16982,1267,31.335850117496168,13.28997002024392
16983,neecygiw,16983,1267,29.313892354592035,12.495098325622916
16984,enzeobrunelic,16984,1267,35.73946273440726,12.247058494726334
16985,nepedheffewixeprir,16985,1267,23.75829444277282,13.239415778711871
16986,ixkecyn,16986,1267,31.320896634067715,13.655692456843957
16987,gelerutec,16987,1267,,
16988,wawaseguadtimuj,16988,1267,40.12906404323006,13.628894933853486
16989,wawaseguadtimuj,16989,1267,35.039897165158564,12.260771215651452
16990,gelerutec,16990,1267,,
16991,amweobred,16991,1267,,
16992,gelerutec,16992,1267,,
16993,gelerutec,16993,1267,,
16994,gelerutec,16994,1267,,
16995,gelerutec,16995,1267,,
16996,gelerutec,16996,1267,,
16997,gelerutec,16997,1267,,
16998,gelerutec,16998,1267,,
16999,gelerutec,16999,1267,,
17000,gelerutec,17000,680,,
17001,gelerutec,17001,680,,
17002,tehsidetegenichurgew,17002,680,17.41383751007452,8.367512306506802
17003,gelerutec,17003,680,,
17004,gelerutec,17004,680,,
17005,gelerutec,17005,680,,
17006,gelerutec,17006,680,,
17007,gelerutec,17007,680,,
17008,gelerutec,17008,680,,
17009,gelerutec,17009,680,,
17010,ixkecyn,17010,680,38.410768508732616,8.519081176223555
17011,gelerutec,17011,680,,
17012,gelerutec,17012,680,,
17013,gelerutec,17013,680,,
17014,gelerutec,17014,680,,
17015,gelerutec,17015,680,,
17016,gelerutec,17016,680,,
17017,oroboj,17017,680,32.71207140979629,8.910656279534889
17018,tayteg,17018,680,,
17019,tayteg,17019,680,,
17020,gelerutec,17020,1693,,
17021,gelerutec,17021,1693,,
17022,tehsidetegenichurgew,17022,1693,10.809914011931832,2.897129107002336
17023,gelerutec,17023,1693,,
17024,gelerutec,17024,1693,,
17025,gelerutec,17025,1693,,
17026,gelerutec,17026,1693,,
17027,gelerutec,17027,1693,,
17028,gelerutec,17028,1693,,
17029,gelerutec,17029,1693,,
17030,ixkecyn,17030,1693,12.715985386134635,2.032585878369968
17031,gelerutec,17031,1693,,
17032,gelerutec,17032,1693,,
17033,gelerutec,17033,1693,,
17034,gelerutec,17034,1693,,
17035,gelerutec,17035,1693,,
17036,gelerutec,17036,1693,,
17037,oroboj,17037,1693,14.74083916522398,4.330497638397072
17038,tayteg,17038,1693,,
17039,tayteg,17039,1693,,
17040,gelerutec,17040,428,,
17041,gelerutec,17041,428,,
17042,tehsidetegenichurgew,17042,428,8.595602783453113,1.7569497973199204
17043,gelerutec,17043,428,,
17044,gelerutec,17044,428,,
17045,gelerutec,17045,428,,
17046,gelerutec,17046,428,,
17047,gelerutec,17047,428,,
17048,gelerutec,17048,428,,
17049,gelerutec,17049,428,,
17050,ixkecyn,17050,428,11.78369747797091,1.715332836271796
17051,gelerutec,17051,428,,
17052,gelerutec,17052,428,,
17053,gelerutec,17053,428,,
17054,gelerutec,17054,428,,
17055,gelerutec,17055,428,,
17056,gelerutec,17056,428,,
17057,oroboj,17057,428,10.352839022264565,2.416705549755047
17058,tayteg,17058,428,,
17059,tayteg,17059,428,,
17060,gelerutec,17060,317,,
17061,gelerutec,17061,317,,
17062,tehsidetegenichurgew,17062,317,24.06416597812954,12.80498436853401
17063,gelerutec,17063,317,,
17064,gelerutec,17064,317,,
17065,gelerutec,17065,317,,
17066,gelerutec,17066,317,,
17067,gelerutec,17067,317,,
17068,gelerutec,17068,317,,
17069,gelerutec,17069,317,,
17070,ixkecyn,17070,317,23.75829444277282,8.655063219557695
17071,gelerutec,17071,317,,
17072,gelerutec,17072,317,,
17073,gelerutec,17073,317,,
17074,gelerutec,17074,317,,
17075,gelerutec,17075,317,,
17076,gelerutec,17076,317,,
17077,oroboj,17077,317,35.68960659884163,13.04585086348252
17078,tayteg,17078,317,,
17079,tayteg,17079,317,,
17080,gelerutec,17080,867,,
17081,gelerutec,17081,867,,
17082,tehsidetegenichurgew,17082,867,7.165512177400525,0.877785218382459
17083,gelerutec,17083,867,,
17084,gelerutec,17084,867,,
17085,gelerutec,17085,867,,
17086,gelerutec,17086,867,,
17087,gelerutec,17087,867,,
17088,gelerutec,17088,867,,
17089,gelerutec,17089,867,,
17090,ixkecyn,17090,867,16.751369225206428,2.1627386432998223
17091,gelerutec,17091,867,,
17092,gelerutec,17092,867,,
17093,gelerutec,17093,867,,
17094,gelerutec,17094,867,,
17095,gelerutec,17095,867,,
17096,gelerutec,17096,867,,
17097,oroboj,17097,867,5.804840140660263,0.9817676444755996
17098,tayteg,17098,867,,
17099,tayteg,17099,867,,
17100,intaokbere,17100,994,37.504031687813296,12.099032372775822
17101,intaokbere,17101,994,38.51762543427908,10.612059183577392
17102,tayteg,17102,994,,
17103,tayteg,17103,994,23.75829444277282,23.7582944427728
17104,tayteg,17104,994,23.75829444277282,23.7582944427728
17105,tayteg,17105,994,23.75829444277282,23.75829444277282
17106,tayteg,17106,994,23.75829444277282,23.7582944427728
17107,tayteg,17107,994,23.75829444277282,23.75829444277282
17108,tayteg,17108,994,23.75829444277282,23.75829444277281
17109,tayteg,17109,994,23.75829444277282,23.75829444277282
17110,tayteg,17110,994,23.75829444277282,23.75829444277281
17111,tayteg,17111,994,23.75829444277283,23.75829444277282
17112,tayteg,17112,994,23.75829444277282,23.75829444277282
17113,ixkecyn,17113,994,33.37357031055381,13.073545911307928
17114,tayteg,17114,994,23.75829444277282,23.75829444277282
17115,tayteg,17115,994,23.75829444277282,23.7582944427728
17116,tayteg,17116,994,23.75829444277282,23.7582944427728
17117,tayteg,17117,994,23.75829444277283,23.75829444277282
17118,tayteg,17118,994,23.75829444277282,23.75829444277282
17119,tayteg,17119,994,23.75829444277282,23.758294442772787
17120,intaokbere,17120,1367,17.82740166869741,3.464871423214364
17121,intaokbere,17121,1367,23.75829444277282,3.448922137003648
17122,tayteg,17122,1367,,
17123,tayteg,17123,1367,,
17124,tayteg,17124,1367,,
17125,tayteg,17125,1367,,
17126,tayteg,17126,1367,,
17127,tayteg,17127,1367,,
17128,tayteg,17128,1367,,
17129,tayteg,17129,1367,,
17130,tayteg,17130,1367,,
17131,tayteg,17131,1367,,
17132,tayteg,17132,1367,,
17133,ixkecyn,17133,1367,17.745754524303614,3.940748883108872
17134,tayteg,17134,1367,,
17135,tayteg,17135,1367,,
17136,tayteg,17136,1367,,
17137,tayteg,17137,1367,,
17138,tayteg,17138,1367,,
17139,tayteg,17139,1367,,
17140,intaokbere,17140,24,18.83019961749583,4.44634273887171
17141,intaokbere,17141,24,17.483799293047,3.332606223415413
17142,tayteg,17142,24,,
17143,tayteg,17143,24,,
17144,tayteg,17144,24,,
17145,tayteg,17145,24,,
17146,tayteg,17146,24,,
17147,tayteg,17147,24,,
17148,tayteg,17148,24,,
17149,tayteg,17149,24,,
17150,tayteg,17150,24,,
17151,tayteg,17151,24,,
17152,tayteg,17152,24,,
17153,ixkecyn,17153,24,12.371041388825164,4.823985384028219
17154,tayteg,17154,24,,
17155,tayteg,17155,24,,
17156,tayteg,17156,24,,
17157,tayteg,17157,24,,
17158,tayteg,17158,24,,
17159,tayteg,17159,24,,
17160,saekep,17160,242,,
17161,catafewechu,17161,242,13.875770821954989,4.097678840585747
17162,vaarsichewatuquirli,17162,242,14.722601034165734,4.011589065578443
17163,evteenan,17163,242,,
17164,detycwogotirer,17164,242,,
17165,wefirtipe,17165,242,13.199761200887329,4.03276306304387
17166,vaarsichewatuquirli,17166,242,17.71399648449319,4.514515131508978
17167,ixkecyn,17167,242,15.5115189464374,2.909669974448612
17168,ryfegfeowoqes,17168,242,17.713996484457414,2.399145240498933
17169,halahtohitynutqaxtiw,17169,242,11.88951751445003,3.862212611465721
17170,catafewechu,17170,242,15.320207594775672,3.86200254072666
17171,catafewechu,17171,242,15.126855369261566,3.7116880188831214
17172,wefirtipe,17172,242,6.301420086344918,2.254516509299976
17173,zavpomyisab,17173,242,,
17174,catafewechu,17174,242,12.19011313045884,3.130761339931109
17175,ryfegfeowoqes,17175,242,16.667365601751783,3.8801317928996313
17176,fiahlamuawetulko,17176,242,12.197049870600225,3.882250181871071
17177,catafewechu,17177,242,16.50498915750598,4.021697578983074
17178,ixkecyn,17178,242,16.459578959578224,2.1151532055786517
17179,catafewechu,17179,242,17.244613535078,2.7042673260120047
17180,saekep,17180,414,26.999803163859838,12.069850859646571
17181,catafewechu,17181,414,,
17182,vaarsichewatuquirli,17182,414,24.16820125126083,12.99586573433341
17183,evteenan,17183,414,,
17184,detycwogotirer,17184,414,,
17185,wefirtipe,17185,414,23.7582944427728,13.331167189027378
17186,vaarsichewatuquirli,17186,414,25.51836530601756,11.82648693885916
17187,ixkecyn,17187,414,27.663192735036173,9.474389301680166
17188,ryfegfeowoqes,17188,414,33.39588644793443,11.427716128623542
17189,halahtohitynutqaxtiw,17189,414,,
17190,catafewechu,17190,414,,
17191,catafewechu,17191,414,,
17192,wefirtipe,17192,414,23.7582944427728,9.91500120837578
17193,zavpomyisab,17193,414,28.577946156053518,14.79712344928319
17194,catafewechu,17194,414,,
17195,ryfegfeowoqes,17195,414,36.42012971739389,13.239198222186278
17196,fiahlamuawetulko,17196,414,23.7582944427728,13.011565249275453
17197,catafewechu,17197,414,,
17198,ixkecyn,17198,414,25.7484022021934,10.969973327196586
17199,catafewechu,17199,414,,
17200,saekep,17200,2334,,
17201,catafewechu,17201,2334,,
17202,vaarsichewatuquirli,17202,2334,38.10955612871502,11.882566537578782
17203,evteenan,17203,2334,,
17204,detycwogotirer,17204,2334,23.75829444277282,23.7582944427728
17205,wefirtipe,17205,2334,17.844358608925443,7.682389837843746
17206,vaarsichewatuquirli,17206,2334,22.979569471325156,9.161093037198013
17207,ixkecyn,17207,2334,39.72249546996237,9.13364055665082
17208,ryfegfeowoqes,17208,2334,32.26028616782812,7.694695910820133
17209,halahtohitynutqaxtiw,17209,2334,,
17210,catafewechu,17210,2334,,
17211,catafewechu,17211,2334,,
17212,wefirtipe,17212,2334,19.12960779399188,6.340560290651743
17213,zavpomyisab,17213,2334,,
17214,catafewechu,17214,2334,,
17215,ryfegfeowoqes,17215,2334,30.425231785840733,8.705632905582066
17216,fiahlamuawetulko,17216,2334,23.758294442772787,11.84887380468956
17217,catafewechu,17217,2334,,
17218,ixkecyn,17218,2334,30.03194795305344,7.445494388561474
17219,catafewechu,17219,2334,,
17220,wudiepegcixag,17220,2208,9.403093428426736,4.351646053184734
17221,wefirtipe,17221,2208,5.520051648692699,2.075840183812073
17222,catafewechu,17222,2208,,
17223,catafewechu,17223,2208,,
17224,fiahlamuawetulko,17224,2208,,
17225,wefirtipe,17225,2208,,
17226,catafewechu,17226,2208,10.022108048839089,3.532651637879467
17227,carquelihrexasorkaor,17227,2208,,
17228,fiahlamuawetulko,17228,2208,,
17229,fiahlamuawetulko,17229,2208,,
17230,ixkecyn,17230,2208,10.84559588597164,2.866151597252615
17231,wefirtipe,17231,2208,,
17232,fiahlamuawetulko,17232,2208,,
17233,wefirtipe,17233,2208,,
17234,urhagtoapitma,17234,2208,,
17235,fiahlamuawetulko,17235,2208,,
17236,wefirtipe,17236,2208,,
17237,wawaseguadtimuj,17237,2208,,
17238,fiahlamuawetulko,17238,2208,,
17239,urhagtoapitma,17239,2208,12.991807195438213,4.220832383490854
17240,wudiepegcixag,17240,2094,14.867596142555968,3.0459039909995886
17241,wefirtipe,17241,2094,4.018206774455557,1.4598290883090388
17242,catafewechu,17242,2094,9.437536868429651,2.6254267021763957
17243,catafewechu,17243,2094,6.635369330632594,2.2111258747773146
17244,fiahlamuawetulko,17244,2094,8.504225823313421,2.1501080521540694
17245,wefirtipe,17245,2094,3.62243891549124,1.2972538692632902
17246,catafewechu,17246,2094,7.034324659351278,2.3471148412015017
17247,carquelihrexasorkaor,17247,2094,7.331722896045216,2.673471483166596
17248,fiahlamuawetulko,17248,2094,8.612385901917557,2.68617725203675
17249,fiahlamuawetulko,17249,2094,10.242744651695018,2.714856767192551
17250,ixkecyn,17250,2094,10.98656997997391,2.356666021538565
17251,wefirtipe,17251,2094,5.940148580971857,1.3169436281284217
17252,fiahlamuawetulko,17252,2094,7.497871303892446,2.4220608363525806
17253,wefirtipe,17253,2094,5.396376355078432,2.029435146760175
17254,urhagtoapitma,17254,2094,13.36720584341022,3.3156315395829843
17255,fiahlamuawetulko,17255,2094,4.785323747691977,2.425559698773037
17256,wefirtipe,17256,2094,5.356679380843703,1.9766955300416005
17257,wawaseguadtimuj,17257,2094,9.293721929834971,2.315178382011428
17258,fiahlamuawetulko,17258,2094,8.354876590299376,2.618865206231612
17259,urhagtoapitma,17259,2094,11.471531596457536,3.718948409559804
17260,wudiepegcixag,17260,357,20.04290496362042,7.979289079181732
17261,wefirtipe,17261,357,13.171613254497204,4.895845397760113
17262,catafewechu,17262,357,,
17263,catafewechu,17263,357,,
17264,fiahlamuawetulko,17264,357,18.927680099104485,7.294733172868396
17265,wefirtipe,17265,357,16.0579288723088,4.795379330548536
17266,catafewechu,17266,357,,
17267,carquelihrexasorkaor,17267,357,20.212292285086672,6.513887765531291
17268,fiahlamuawetulko,17268,357,19.5007867917549,7.009505860137358
17269,fiahlamuawetulko,17269,357,23.75829444277282,5.691118991048358
17270,ixkecyn,17270,357,18.23928822836796,6.549873947940019
17271,wefirtipe,17271,357,10.965650708458076,4.022121930073214
17272,fiahlamuawetulko,17272,357,23.75829444277282,4.54795920546699
17273,wefirtipe,17273,357,11.640729106376414,3.499709539369672
17274,urhagtoapitma,17274,357,30.3130160807006,7.297753155468247
17275,fiahlamuawetulko,17275,357,19.859284101760995,5.8315508396581
17276,wefirtipe,17276,357,17.051555073570878,7.612535210867417
17277,wawaseguadtimuj,17277,357,,
17278,fiahlamuawetulko,17278,357,23.75829444277282,6.4865351186102345
17279,urhagtoapitma,17279,357,28.49770610939637,6.532624870881826
17280,wudiepegcixag,17280,1405,23.7582944427728,8.501858942700043
17281,wefirtipe,17281,1405,5.926505752095025,2.591460389438193
17282,catafewechu,17282,1405,,
17283,catafewechu,17283,1405,14.436854791391175,2.4233790307868386
17284,fiahlamuawetulko,17284,1405,,
17285,wefirtipe,17285,1405,,
17286,catafewechu,17286,1405,15.559703002131808,3.450444134497135
17287,carquelihrexasorkaor,17287,1405,23.75829444277283,5.789416493591544
17288,fiahlamuawetulko,17288,1405,,
17289,fiahlamuawetulko,17289,1405,,
17290,ixkecyn,17290,1405,11.466258282306796,2.3996347620582683
17291,wefirtipe,17291,1405,,
17292,fiahlamuawetulko,17292,1405,10.924591785510405,4.277885173852316
17293,wefirtipe,17293,1405,,
17294,urhagtoapitma,17294,1405,23.75829444277284,4.488961428739223
17295,fiahlamuawetulko,17295,1405,,
17296,wefirtipe,17296,1405,,
17297,wawaseguadtimuj,17297,1405,15.197552114127303,4.932538844089417
17298,fiahlamuawetulko,17298,1405,,
17299,urhagtoapitma,17299,1405,18.83756451014409,5.625138106709781
17300,ottowyc,17300,970,,
17301,urhagtoapitma,17301,970,,
17302,wawaseguadtimuj,17302,970,,
17303,ottowyc,17303,970,,
17304,neecygiw,17304,970,10.37764499600464,3.464881202302454
17305,issoqovomisnaad,17305,970,,
17306,semegelusytdeagis,17306,970,,
17307,ecenivri,17307,970,14.16223215774745,2.6238084332084086
17308,wawaseguadtimuj,17308,970,,
17309,pagwiusquech,17309,970,,
17310,issoqovomisnaad,17310,970,13.412313793594208,2.1273693244212817
17311,issoqovomisnaad,17311,970,,
17312,pagwiusquech,17312,970,,
17313,gelerutec,17313,970,,
17314,gelerutec,17314,970,,
17315,ecenivri,17315,970,14.972903726180308,2.202175207676419
17316,gelerutec,17316,970,,
17317,gelerutec,17317,970,,
17318,gelerutec,17318,970,,
17319,gelerutec,17319,970,,
17320,ottowyc,17320,1712,19.713801147678208,8.255527979487495
17321,urhagtoapitma,17321,1712,28.783589351771145,8.846328374107085
17322,wawaseguadtimuj,17322,1712,15.339223565201834,7.682111527593025
17323,ottowyc,17323,1712,17.507655643155402,7.781462143393462
17324,neecygiw,17324,1712,19.572037833191864,8.412302266299951
17325,issoqovomisnaad,17325,1712,28.00828767761895,6.761021201541935
17326,semegelusytdeagis,17326,1712,21.56078064280691,9.8357192983962
17327,ecenivri,17327,1712,31.72961412543958,5.006429322905216
17328,wawaseguadtimuj,17328,1712,18.178270744766312,7.580974937234827
17329,pagwiusquech,17329,1712,,
17330,issoqovomisnaad,17330,1712,25.59577590011653,5.844879253886393
17331,lowmeginqodonvar,17331,1712,26.31242319769765,6.811247242078107
17332,pagwiusquech,17332,1712,,
17333,gelerutec,17333,1712,,
17334,gelerutec,17334,1712,,
17335,ecenivri,17335,1712,39.51828414023469,4.792038713544787
17336,gelerutec,17336,1712,,
17337,gelerutec,17337,1712,,
17338,gelerutec,17338,1712,,
17339,gelerutec,17339,1712,,
17340,ottowyc,17340,1155,7.76692979371551,2.0159251031206478
17341,urhagtoapitma,17341,1155,13.981013554898432,4.460739684615168
17342,wawaseguadtimuj,17342,1155,7.783386422059651,2.971432303258733
17343,ottowyc,17343,1155,7.585176366403818,2.5473448710008286
17344,neecygiw,17344,1155,8.758034484805352,2.288393623700406
17345,issoqovomisnaad,17345,1155,13.902704998714931,3.393596025243014
17346,semegelusytdeagis,17346,1155,7.223359212452141,2.731918528375299
17347,ecenivri,17347,1155,14.629755154378543,2.04935115713246
17348,wawaseguadtimuj,17348,1155,7.21906675650871,2.117095877711062
17349,pagwiusquech,17349,1155,,
17350,issoqovomisnaad,17350,1155,13.919089818124238,2.868711713172272
17351,lowmeginqodonvar,17351,1155,15.126428305361518,2.6538490043302208
17352,pagwiusquech,17352,1155,,
17353,gelerutec,17353,1155,,
17354,gelerutec,17354,1155,,
17355,ecenivri,17355,1155,15.008311338778215,1.815185087777609
17356,gelerutec,17356,1155,,
17357,gelerutec,17357,1155,,
17358,gelerutec,17358,1155,,
17359,gelerutec,17359,1155,,
17360,ottowyc,17360,669,9.515983378316095,3.770866545036062
17361,urhagtoapitma,17361,669,16.667810005665864,5.546375575142898
17362,wawaseguadtimuj,17362,669,,
17363,ottowyc,17363,669,9.65457295596038,3.6835361268022337
17364,neecygiw,17364,669,14.76174040274281,5.636180000193409
17365,issoqovomisnaad,17365,669,12.31086088466088,5.348617673886206
17366,semegelusytdeagis,17366,669,,
17367,ecenivri,17367,669,23.7582944427728,2.584723482619699
17368,wawaseguadtimuj,17368,669,,
17369,pagwiusquech,17369,669,,
17370,issoqovomisnaad,17370,669,18.2739444249552,2.9137290956875286
17371,lowmeginqodonvar,17371,669,16.088115996378814,2.920196870782182
17372,pagwiusquech,17372,669,,
17373,gelerutec,17373,669,,
17374,gelerutec,17374,669,,
17375,ecenivri,17375,669,23.141822426649863,2.190500875208472
17376,gelerutec,17376,669,,
17377,gelerutec,17377,669,,
17378,gelerutec,17378,669,,
17379,gelerutec,17379,669,,
17380,ottowyc,17380,1651,,
17381,urhagtoapitma,17381,1651,11.89712219662002,4.149595639342273
17382,wawaseguadtimuj,17382,1651,,
17383,ottowyc,17383,1651,,
17384,neecygiw,17384,1651,8.534458354727807,2.827419780991616
17385,issoqovomisnaad,17385,1651,11.606322211024088,2.844762107318642
17386,semegelusytdeagis,17386,1651,,
17387,ecenivri,17387,1651,14.791633907671695,1.6637580525492404
17388,wawaseguadtimuj,17388,1651,,
17389,pagwiusquech,17389,1651,,
17390,issoqovomisnaad,17390,1651,10.341697255514887,2.4005523459615463
17391,lowmeginqodonvar,17391,1651,17.01868284880169,4.389595084520626
17392,pagwiusquech,17392,1651,,
17393,gelerutec,17393,1651,,
17394,gelerutec,17394,1651,,
17395,ecenivri,17395,1651,14.978905634519034,1.5604596065778165
17396,gelerutec,17396,1651,,
17397,gelerutec,17397,1651,,
17398,gelerutec,17398,1651,,
17399,gelerutec,17399,1651,,
17400,ottowyc,17400,672,12.457735772409151,6.583389137862897
17401,urhagtoapitma,17401,672,23.058454661575567,7.454106695353962
17402,wawaseguadtimuj,17402,672,18.242410416324898,6.409940609397286
17403,ottowyc,17403,672,18.74030514752471,9.09865071798382
17404,neecygiw,17404,672,19.41126981848096,6.324334466242719
17405,issoqovomisnaad,17405,672,14.629955466425727,5.448697087563735
17406,semegelusytdeagis,17406,672,,
17407,ecenivri,17407,672,23.75829444277283,4.386895489510236
17408,wawaseguadtimuj,17408,672,14.012836944900352,5.716324278380967
17409,pagwiusquech,17409,672,,
17410,issoqovomisnaad,17410,672,23.75829444277284,4.891054933740594
17411,lowmeginqodonvar,17411,672,23.75829444277281,5.310739907368368
17412,pagwiusquech,17412,672,,
17413,gelerutec,17413,672,,
17414,gelerutec,17414,672,,
17415,ecenivri,17415,672,19.73709171322362,3.312467138135818
17416,gelerutec,17416,672,,
17417,gelerutec,17417,672,,
17418,gelerutec,17418,672,,
17419,gelerutec,17419,672,,
17420,gelerutec,17420,1761,,
17421,gelerutec,17421,1761,,
17422,essatetig,17422,1761,11.35417732011461,2.0818504398786866
17423,gelerutec,17423,1761,,
17424,gelerutec,17424,1761,,
17425,gelerutec,17425,1761,,
17426,gelerutec,17426,1761,,
17427,gelerutec,17427,1761,,
17428,gelerutec,17428,1761,,
17429,wawaseguadtimuj,17429,1761,,
17430,gelerutec,17430,1761,,
17431,gelerutec,17431,1761,,
17432,gelerutec,17432,1761,,
17433,gelerutec,17433,1761,,
17434,gelerutec,17434,1761,,
17435,gelerutec,17435,1761,,
17436,gelerutec,17436,1761,,
17437,gelerutec,17437,1761,,
17438,gelerutec,17438,1761,,
17439,gelerutec,17439,1761,,
17440,pagwiusquech,17440,2186,,
17441,firtihqoit,17441,2186,,
17442,ansicqalob,17442,2186,,
17443,ecenivri,17443,2186,,
17444,ottowyc,17444,2186,,
17445,pagwiusquech,17445,2186,,
17446,wawaseguadtimuj,17446,2186,,
17447,pagwiusquech,17447,2186,,
17448,helijhivgoaw,17448,2186,,
17449,ecenivri,17449,2186,,
17450,pagwiusquech,17450,2186,,
17451,tarasitnaaqxe,17451,2186,,
17452,pagwiusquech,17452,2186,,
17453,wawaseguadtimuj,17453,2186,,
17454,ottowyc,17454,2186,,
17455,jawwejaeseszirve,17455,2186,,
17456,pagwiusquech,17456,2186,,
17457,itseidlaelextu,17457,2186,,
17458,itseidlaelextu,17458,2186,,
17459,itseidlaelextu,17459,2186,,
17460,pagwiusquech,17460,1068,,
17461,firtihqoit,17461,1068,15.081154230140855,3.51799188662611
17462,ansicqalob,17462,1068,12.93853897632918,3.4080634491219994
17463,ecenivri,17463,1068,18.15498582027856,2.221646390428898
17464,ottowyc,17464,1068,,
17465,pagwiusquech,17465,1068,,
17466,wawaseguadtimuj,17466,1068,,
17467,pagwiusquech,17467,1068,,
17468,pagwiusquech,17468,1068,,
17469,ecenivri,17469,1068,21.532200305182656,2.242756031627713
17470,pagwiusquech,17470,1068,,
17471,tarasitnaaqxe,17471,1068,,
17472,pagwiusquech,17472,1068,,
17473,wawaseguadtimuj,17473,1068,,
17474,ottowyc,17474,1068,,
17475,jawwejaeseszirve,17475,1068,,
17476,pagwiusquech,17476,1068,,
17477,itseidlaelextu,17477,1068,,
17478,itseidlaelextu,17478,1068,,
17479,itseidlaelextu,17479,1068,,
17480,pagwiusquech,17480,1417,,
17481,firtihqoit,17481,1417,15.260809320093234,4.6553167949915935
17482,ansicqalob,17482,1417,12.281696492907171,4.657675264274213
17483,ecenivri,17483,1417,16.533034833256288,2.205010129427856
17484,ottowyc,17484,1417,9.235665677921016,3.7761385686437543
17485,pagwiusquech,17485,1417,,
17486,wawaseguadtimuj,17486,1417,12.146545270084108,2.954386291414973
17487,pagwiusquech,17487,1417,,
17488,helijhivgoaw,17488,1417,18.752943976136883,6.998490556744389
17489,ecenivri,17489,1417,16.06094850078813,2.37025297948984
17490,pagwiusquech,17490,1417,,
17491,tarasitnaaqxe,17491,1417,,
17492,pagwiusquech,17492,1417,,
17493,wawaseguadtimuj,17493,1417,11.333669870595692,3.63381625129723
17494,ottowyc,17494,1417,14.971109230766098,5.235003552796999
17495,jawwejaeseszirve,17495,1417,17.835465311978513,5.594437545855931
17496,pagwiusquech,17496,1417,,
17497,itseidlaelextu,17497,1417,,
17498,itseidlaelextu,17498,1417,,
17499,itseidlaelextu,17499,1417,,
17500,pagwiusquech,17500,1728,,
17501,firtihqoit,17501,1728,35.41173786695288,16.105184360430275
17502,ansicqalob,17502,1728,32.46633653569739,12.408439524404647
17503,ecenivri,17503,1728,41.62680886343305,13.782565995155885
17504,ottowyc,17504,1728,31.49183144641632,18.867091341279814
17505,pagwiusquech,17505,1728,,
17506,wawaseguadtimuj,17506,1728,35.952283167739566,16.641437612614666
17507,pagwiusquech,17507,1728,,
17508,helijhivgoaw,17508,1728,35.15764007563158,16.0991433956768
17509,ecenivri,17509,1728,37.32438438403425,14.692522388623251
17510,pagwiusquech,17510,1728,,
17511,tarasitnaaqxe,17511,1728,,
17512,pagwiusquech,17512,1728,,
17513,wawaseguadtimuj,17513,1728,31.877970021403176,15.032739563962147
17514,ottowyc,17514,1728,31.69684372571624,19.390909265187958
17515,jawwejaeseszirve,17515,1728,55.39486140425687,23.75829444277282
17516,pagwiusquech,17516,1728,,
17517,itseidlaelextu,17517,1728,,
17518,itseidlaelextu,17518,1728,,
17519,itseidlaelextu,17519,1728,,
17520,itseidlaelextu,17520,2373,,
17521,itseidlaelextu,17521,2373,,
17522,itseidlaelextu,17522,2373,,
17523,itseidlaelextu,17523,2373,,
17524,itseidlaelextu,17524,2373,,
17525,itseidlaelextu,17525,2373,,
17526,itseidlaelextu,17526,2373,,
17527,itseidlaelextu,17527,2373,,
17528,itseidlaelextu,17528,2373,,
17529,itseidlaelextu,17529,2373,,
17530,itseidlaelextu,17530,2373,,
17531,itseidlaelextu,17531,2373,,
17532,itseidlaelextu,17532,2373,,
17533,itseidlaelextu,17533,2373,,
17534,itseidlaelextu,17534,2373,,
17535,itseidlaelextu,17535,2373,,
17536,itseidlaelextu,17536,2373,,
17537,itseidlaelextu,17537,2373,,
17538,itseidlaelextu,17538,2373,,
17539,itseidlaelextu,17539,2373,,
17540,itseidlaelextu,17540,1332,,
17541,itseidlaelextu,17541,1332,,
17542,itseidlaelextu,17542,1332,,
17543,itseidlaelextu,17543,1332,,
17544,itseidlaelextu,17544,1332,,
17545,itseidlaelextu,17545,1332,,
17546,itseidlaelextu,17546,1332,,
17547,itseidlaelextu,17547,1332,,
17548,itseidlaelextu,17548,1332,,
17549,itseidlaelextu,17549,1332,,
17550,itseidlaelextu,17550,1332,,
17551,itseidlaelextu,17551,1332,,
17552,itseidlaelextu,17552,1332,,
17553,itseidlaelextu,17553,1332,,
17554,itseidlaelextu,17554,1332,,
17555,itseidlaelextu,17555,1332,,
17556,itseidlaelextu,17556,1332,,
17557,itseidlaelextu,17557,1332,,
17558,itseidlaelextu,17558,1332,,
17559,itseidlaelextu,17559,1332,,
17560,itseidlaelextu,17560,1606,,
17561,itseidlaelextu,17561,1606,,
17562,itseidlaelextu,17562,1606,,
17563,itseidlaelextu,17563,1606,,
17564,itseidlaelextu,17564,1606,,
17565,itseidlaelextu,17565,1606,,
17566,itseidlaelextu,17566,1606,,
17567,itseidlaelextu,17567,1606,,
17568,itseidlaelextu,17568,1606,,
17569,itseidlaelextu,17569,1606,,
17570,itseidlaelextu,17570,1606,,
17571,itseidlaelextu,17571,1606,,
17572,itseidlaelextu,17572,1606,,
17573,itseidlaelextu,17573,1606,,
17574,itseidlaelextu,17574,1606,,
17575,itseidlaelextu,17575,1606,,
17576,itseidlaelextu,17576,1606,,
17577,itseidlaelextu,17577,1606,,
17578,itseidlaelextu,17578,1606,,
17579,itseidlaelextu,17579,1606,,
17580,itseidlaelextu,17580,1593,,
17581,itseidlaelextu,17581,1593,,
17582,itseidlaelextu,17582,1593,,
17583,itseidlaelextu,17583,1593,,
17584,itseidlaelextu,17584,1593,,
17585,itseidlaelextu,17585,1593,,
17586,itseidlaelextu,17586,1593,,
17587,itseidlaelextu,17587,1593,,
17588,itseidlaelextu,17588,1593,,
17589,itseidlaelextu,17589,1593,,
17590,itseidlaelextu,17590,1593,,
17591,itseidlaelextu,17591,1593,,
17592,itseidlaelextu,17592,1593,,
17593,itseidlaelextu,17593,1593,,
17594,itseidlaelextu,17594,1593,,
17595,itseidlaelextu,17595,1593,,
17596,itseidlaelextu,17596,1593,,
17597,itseidlaelextu,17597,1593,,
17598,itseidlaelextu,17598,1593,,
17599,itseidlaelextu,17599,1593,,
17600,itseidlaelextu,17600,895,,
17601,itseidlaelextu,17601,895,,
17602,itseidlaelextu,17602,895,,
17603,itseidlaelextu,17603,895,,
17604,itseidlaelextu,17604,895,,
17605,itseidlaelextu,17605,895,,
17606,itseidlaelextu,17606,895,,
17607,itseidlaelextu,17607,895,,
17608,itseidlaelextu,17608,895,,
17609,itseidlaelextu,17609,895,,
17610,itseidlaelextu,17610,895,,
17611,itseidlaelextu,17611,895,,
17612,itseidlaelextu,17612,895,,
17613,itseidlaelextu,17613,895,,
17614,itseidlaelextu,17614,895,,
17615,itseidlaelextu,17615,895,,
17616,itseidlaelextu,17616,895,,
17617,itseidlaelextu,17617,895,,
17618,itseidlaelextu,17618,895,,
17619,itseidlaelextu,17619,895,,
17620,itseidlaelextu,17620,842,,
17621,itseidlaelextu,17621,842,,
17622,dascabyiv,17622,842,22.73476347315429,13.498242955350014
17623,jawwejaeseszirve,17623,842,30.36085299339688,16.327892761090453
17624,ottowyc,17624,842,19.77550048554448,11.040426560731564
17625,ottowyc,17625,842,22.38774682792462,11.685236162903175
17626,ottowyc,17626,842,26.057030168504497,13.24751290959069
17627,ottowyc,17627,842,23.264467094597823,12.887558394430709
17628,naugnejniet,17628,842,34.12501293184457,10.34440774612368
17629,ottowyc,17629,842,20.201524384590844,11.434266546094896
17630,wawaseguadtimuj,17630,842,,
17631,tehsidetegenichurgew,17631,842,13.950356675766448,4.931219059839603
17632,saekep,17632,842,,
17633,intaokbere,17633,842,29.68939462809181,8.025900258694268
17634,wawaseguadtimuj,17634,842,,
17635,intaokbere,17635,842,20.554143936513963,7.610307294294532
17636,tehsidetegenichurgew,17636,842,22.782811244701573,11.822047945396324
17637,teamfinosakilechlun,17637,842,23.75829444277283,23.75829444277282
17638,teamfinosakilechlun,17638,842,23.75829444277282,23.75829444277282
17639,teamfinosakilechlun,17639,842,23.75829444277282,23.7582944427728
17640,itseidlaelextu,17640,1794,,
17641,itseidlaelextu,17641,1794,,
17642,dascabyiv,17642,1794,10.63167618571807,3.925948824834593
17643,jawwejaeseszirve,17643,1794,12.729806138222475,3.9270705779274975
17644,ottowyc,17644,1794,6.248841544494892,2.2862112052476906
17645,ottowyc,17645,1794,7.920409435840456,2.0322457130211347
17646,ottowyc,17646,1794,5.870632575973491,1.934154051628613
17647,ottowyc,17647,1794,5.689782260502564,2.3596856134658624
17648,naugnejniet,17648,1794,7.437969025983039,1.8073617595414715
17649,ottowyc,17649,1794,4.6165529550780935,1.766325818957065
17650,wawaseguadtimuj,17650,1794,6.981144795073873,2.572601584606604
17651,tehsidetegenichurgew,17651,1794,7.282264068169264,1.7311901315536038
17652,saekep,17652,1794,7.132004899318657,1.430614876729819
17653,intaokbere,17653,1794,7.210310644415452,0.950871288657044
17654,wawaseguadtimuj,17654,1794,9.160372736382,2.8048976583722847
17655,intaokbere,17655,1794,6.505152334811814,1.148411756214487
17656,tehsidetegenichurgew,17656,1794,6.664292334700307,1.7088688823773808
17657,teamfinosakilechlun,17657,1794,,
17658,teamfinosakilechlun,17658,1794,,
17659,teamfinosakilechlun,17659,1794,,
17660,itseidlaelextu,17660,2181,,
17661,itseidlaelextu,17661,2181,,
17662,dascabyiv,17662,2181,14.882487377775329,8.924880885452504
17663,jawwejaeseszirve,17663,2181,16.563410124363195,6.838224288233095
17664,ottowyc,17664,2181,10.14202219945759,4.11278908542047
17665,ottowyc,17665,2181,12.024087822833875,5.250685635590764
17666,ottowyc,17666,2181,8.542677479231513,4.702104758686406
17667,ottowyc,17667,2181,10.201598225923652,4.888382611509835
17668,naugnejniet,17668,2181,9.3225477489629,2.4957794272273564
17669,ottowyc,17669,2181,10.220584901701676,5.518178261976046
17670,wawaseguadtimuj,17670,2181,6.576836601933455,2.3663445096154705
17671,tehsidetegenichurgew,17671,2181,11.975636948306343,4.201139162092962
17672,saekep,17672,2181,12.360753515053464,5.1202735914075
17673,intaokbere,17673,2181,11.75804438996157,2.969568901254337
17674,wawaseguadtimuj,17674,2181,,
17675,intaokbere,17675,2181,11.69263314318289,2.766763739385747
17676,tehsidetegenichurgew,17676,2181,10.833513961843902,3.3498777788286107
17677,teamfinosakilechlun,17677,2181,23.758294442772826,23.75829444277282
17678,teamfinosakilechlun,17678,2181,,
17679,teamfinosakilechlun,17679,2181,,
17680,itseidlaelextu,17680,1682,,
17681,itseidlaelextu,17681,1682,,
17682,dascabyiv,17682,1682,13.189617457260614,6.471431674720469
17683,dascabyiv,17683,1682,,
17684,ottowyc,17684,1682,,
17685,ottowyc,17685,1682,,
17686,ottowyc,17686,1682,,
17687,ottowyc,17687,1682,8.717059771035538,3.649599970042328
17688,naugnejniet,17688,1682,14.80584105921386,4.234401363081527
17689,ottowyc,17689,1682,11.181767332573612,4.195316374594787
17690,wawaseguadtimuj,17690,1682,,
17691,tehsidetegenichurgew,17691,1682,,
17692,saekep,17692,1682,,
17693,intaokbere,17693,1682,10.21719435230483,2.6009191023932505
17694,wawaseguadtimuj,17694,1682,,
17695,intaokbere,17695,1682,8.850112535475352,2.09506688526501
17696,tehsidetegenichurgew,17696,1682,,
17697,teamfinosakilechlun,17697,1682,,
17698,teamfinosakilechlun,17698,1682,,
17699,teamfinosakilechlun,17699,1682,,
17700,itseidlaelextu,17700,2203,,
17701,itseidlaelextu,17701,2203,,
17702,dascabyiv,17702,2203,8.574790341715664,4.071601318483999
17703,jawwejaeseszirve,17703,2203,16.41501294487782,5.364925517450425
17704,ottowyc,17704,2203,9.536004184321008,2.29240000228685
17705,ottowyc,17705,2203,8.982943394412242,3.409652097917806
17706,ottowyc,17706,2203,9.087962166306228,2.278781791159856
17707,ottowyc,17707,2203,5.765910848418777,2.3002960896651548
17708,naugnejniet,17708,2203,8.35573824446119,2.131540779503577
17709,ottowyc,17709,2203,7.711144857277013,2.254914796502892
17710,wawaseguadtimuj,17710,2203,6.69611401113138,2.2724376019996653
17711,tehsidetegenichurgew,17711,2203,9.813937089709963,1.902159585201599
17712,saekep,17712,2203,10.538912922694864,2.759089130995497
17713,intaokbere,17713,2203,8.85591701143996,1.416740629017839
17714,wawaseguadtimuj,17714,2203,10.54169878394638,2.1862183215693296
17715,intaokbere,17715,2203,10.385101849566627,1.148900436707145
17716,tehsidetegenichurgew,17716,2203,14.419838337657222,1.976391519204792
17717,teamfinosakilechlun,17717,2203,,
17718,teamfinosakilechlun,17718,2203,,
17719,teamfinosakilechlun,17719,2203,,
17720,teamfinosakilechlun,17720,2191,,
17721,teamfinosakilechlun,17721,2191,,
17722,teamfinosakilechlun,17722,2191,,
17723,teamfinosakilechlun,17723,2191,,
17724,teamfinosakilechlun,17724,2191,,
17725,teamfinosakilechlun,17725,2191,,
17726,teamfinosakilechlun,17726,2191,,
17727,teamfinosakilechlun,17727,2191,,
17728,teamfinosakilechlun,17728,2191,,
17729,teamfinosakilechlun,17729,2191,,
17730,teamfinosakilechlun,17730,2191,,
17731,evteenan,17731,2191,,
17732,ifnaikuselreca,17732,2191,,
17733,intaokbere,17733,2191,6.671313994368962,1.4702742629050043
17734,detycwogotirer,17734,2191,,
17735,evteenan,17735,2191,,
17736,catafewechu,17736,2191,,
17737,gelerutec,17737,2191,,
17738,gelerutec,17738,2191,,
17739,gelerutec,17739,2191,,
17740,teamfinosakilechlun,17740,455,,
17741,teamfinosakilechlun,17741,455,,
17742,teamfinosakilechlun,17742,455,,
17743,teamfinosakilechlun,17743,455,,
17744,teamfinosakilechlun,17744,455,,
17745,teamfinosakilechlun,17745,455,,
17746,teamfinosakilechlun,17746,455,,
17747,teamfinosakilechlun,17747,455,,
17748,teamfinosakilechlun,17748,455,,
17749,teamfinosakilechlun,17749,455,,
17750,teamfinosakilechlun,17750,455,,
17751,evteenan,17751,455,,
17752,ifnaikuselreca,17752,455,4.416271690382513,1.8013059636349984
17753,intaokbere,17753,455,6.9853254173954,1.0321367998644968
17754,detycwogotirer,17754,455,,
17755,evteenan,17755,455,,
17756,catafewechu,17756,455,6.723948876094685,1.8164030108268685
17757,gelerutec,17757,455,,
17758,gelerutec,17758,455,,
17759,gelerutec,17759,455,,
17760,teamfinosakilechlun,17760,2210,,
17761,teamfinosakilechlun,17761,2210,,
17762,teamfinosakilechlun,17762,2210,,
17763,teamfinosakilechlun,17763,2210,,
17764,teamfinosakilechlun,17764,2210,,
17765,teamfinosakilechlun,17765,2210,,
17766,teamfinosakilechlun,17766,2210,,
17767,teamfinosakilechlun,17767,2210,,
17768,teamfinosakilechlun,17768,2210,,
17769,teamfinosakilechlun,17769,2210,,
17770,teamfinosakilechlun,17770,2210,,
17771,evteenan,17771,2210,,
17772,ifnaikuselreca,17772,2210,,
17773,intaokbere,17773,2210,,
17774,detycwogotirer,17774,2210,,
17775,evteenan,17775,2210,,
17776,catafewechu,17776,2210,,
17777,gelerutec,17777,2210,,
17778,gelerutec,17778,2210,,
17779,gelerutec,17779,2210,,
17780,teamfinosakilechlun,17780,2245,,
17781,teamfinosakilechlun,17781,2245,,
17782,teamfinosakilechlun,17782,2245,,
17783,teamfinosakilechlun,17783,2245,,
17784,teamfinosakilechlun,17784,2245,,
17785,teamfinosakilechlun,17785,2245,,
17786,teamfinosakilechlun,17786,2245,,
17787,teamfinosakilechlun,17787,2245,,
17788,teamfinosakilechlun,17788,2245,,
17789,teamfinosakilechlun,17789,2245,,
17790,teamfinosakilechlun,17790,2245,,
17791,evteenan,17791,2245,,
17792,ifnaikuselreca,17792,2245,,
17793,intaokbere,17793,2245,23.7582944427728,8.105769403030237
17794,detycwogotirer,17794,2245,23.75829444277284,23.75829444277282
17795,evteenan,17795,2245,,
17796,catafewechu,17796,2245,,
17797,gelerutec,17797,2245,,
17798,gelerutec,17798,2245,,
17799,gelerutec,17799,2245,,
17800,teamfinosakilechlun,17800,284,,
17801,teamfinosakilechlun,17801,284,,
17802,teamfinosakilechlun,17802,284,,
17803,teamfinosakilechlun,17803,284,,
17804,teamfinosakilechlun,17804,284,,
17805,teamfinosakilechlun,17805,284,,
17806,teamfinosakilechlun,17806,284,,
17807,teamfinosakilechlun,17807,284,,
17808,teamfinosakilechlun,17808,284,,
17809,teamfinosakilechlun,17809,284,,
17810,teamfinosakilechlun,17810,284,,
17811,evteenan,17811,284,,
17812,ifnaikuselreca,17812,284,17.73835679371474,2.896166075171896
17813,intaokbere,17813,284,12.448494432434188,1.801984022781924
17814,detycwogotirer,17814,284,,
17815,evteenan,17815,284,,
17816,catafewechu,17816,284,13.462137717663245,2.4768605342874506
17817,gelerutec,17817,284,,
17818,gelerutec,17818,284,,
17819,gelerutec,17819,284,,
17820,tenaileqnequwuzemat,17820,2342,25.69420116529527,11.816100454800972
17821,teamfinosakilechlun,17821,2342,,
17822,catafewechu,17822,2342,29.14683805970528,13.183382389288177
17823,gelerutec,17823,2342,,
17824,teamfinosakilechlun,17824,2342,,
17825,awlaulernoquotyq,17825,2342,,
17826,naugnejniet,17826,2342,11.487146906648547,4.167463258958948
17827,orweol,17827,2342,12.45638038002567,6.909021316328469
17828,lyodwenag,17828,2342,,
17829,intaokbere,17829,2342,,
17830,ardoro,17830,2342,34.47955129308725,12.897000730443866
17831,intaokbere,17831,2342,,
17832,tenaileqnequwuzemat,17832,2342,24.60207183029223,13.327413952013638
17833,neecygiw,17833,2342,13.131606509780172,3.984082296724524
17834,tigaskichtyigpiad,17834,2342,,
17835,detycwogotirer,17835,2342,,
17836,orweol,17836,2342,21.859634471510816,11.397303847135444
17837,tielbeinruw,17837,2342,,
17838,neecygiw,17838,2342,10.686112345729407,2.96507629104308
17839,lanafap,17839,2342,38.47781259063839,13.72689691842998
17840,tenaileqnequwuzemat,17840,2123,,
17841,teamfinosakilechlun,17841,2123,,
17842,catafewechu,17842,2123,10.62397454663429,1.9526631245611568
17843,gelerutec,17843,2123,,
17844,teamfinosakilechlun,17844,2123,,
17845,awlaulernoquotyq,17845,2123,13.42957735443652,4.3996082583701455
17846,naugnejniet,17846,2123,11.293203806683296,2.8719554900458086
17847,orweol,17847,2123,11.422575917756818,3.1999846076671705
17848,lyodwenag,17848,2123,17.938507804276366,4.38207383252414
17849,intaokbere,17849,2123,11.196304962598486,1.609323109548776
17850,ardoro,17850,2123,11.927588746018326,3.29670559229042
17851,intaokbere,17851,2123,10.257771312525216,1.5724855683604724
17852,tenaileqnequwuzemat,17852,2123,8.168306298803005,3.0258534166715214
17853,neecygiw,17853,2123,12.626014061696544,4.651499137677656
17854,tigaskichtyigpiad,17854,2123,,
17855,detycwogotirer,17855,2123,,
17856,orweol,17856,2123,,
17857,tielbeinruw,17857,2123,16.082638036765214,2.592509149499836
17858,neecygiw,17858,2123,13.37586684903795,3.560182166926976
17859,lanafap,17859,2123,,
17860,tenaileqnequwuzemat,17860,827,7.258111225069735,2.476238054833959
17861,teamfinosakilechlun,17861,827,23.75829444277282,23.7582944427728
17862,catafewechu,17862,827,,
17863,gelerutec,17863,827,,
17864,teamfinosakilechlun,17864,827,23.75829444277282,23.75829444277282
17865,awlaulernoquotyq,17865,827,,
17866,naugnejniet,17866,827,7.002666690252127,1.258256247546118
17867,orweol,17867,827,,
17868,lyodwenag,17868,827,10.000498673254056,2.077968033394196
17869,intaokbere,17869,827,6.75083825409135,0.8803826082057518
17870,ardoro,17870,827,7.633877471741554,1.6684174595792782
17871,intaokbere,17871,827,7.312684449477806,0.5319410634251769
17872,tenaileqnequwuzemat,17872,827,6.2808309101899065,1.7448329021716815
17873,neecygiw,17873,827,8.245366865848782,1.9341540516281843
17874,tigaskichtyigpiad,17874,827,,
17875,detycwogotirer,17875,827,23.758294442772826,23.75829444277282
17876,orweol,17876,827,6.561161668147451,1.5856474742102202
17877,tielbeinruw,17877,827,6.885485043356451,1.610988236273255
17878,neecygiw,17878,827,6.480919344304539,1.8427642491789944
17879,lanafap,17879,827,,
17880,tenaileqnequwuzemat,17880,1753,21.20649821074449,9.872407169646555
17881,teamfinosakilechlun,17881,1753,23.75829444277282,23.75829444277282
17882,catafewechu,17882,1753,,
17883,gelerutec,17883,1753,,
17884,teamfinosakilechlun,17884,1753,23.75829444277282,23.75829444277282
17885,awlaulernoquotyq,17885,1753,,
17886,naugnejniet,17886,1753,24.513792386802702,10.982390156930771
17887,orweol,17887,1753,,
17888,lyodwenag,17888,1753,37.88994688783976,14.528958629964446
17889,intaokbere,17889,1753,24.67977215541587,11.535966826989622
17890,ardoro,17890,1753,29.55451021483142,11.099061687161662
17891,intaokbere,17891,1753,22.361034716072584,8.351704331747877
17892,tenaileqnequwuzemat,17892,1753,23.020857182919755,10.07707615499394
17893,neecygiw,17893,1753,23.87305111153906,10.341896009003293
17894,tigaskichtyigpiad,17894,1753,,
17895,detycwogotirer,17895,1753,34.3428463758025,23.75829444277282
17896,orweol,17896,1753,25.14827655245753,12.895388233729031
17897,tielbeinruw,17897,1753,23.01784652546848,10.017452195389682
17898,neecygiw,17898,1753,23.830800156730596,11.226288647254522
17899,lanafap,17899,1753,,
17900,tenaileqnequwuzemat,17900,103,8.936980284533755,3.102303789272929
17901,teamfinosakilechlun,17901,103,,
17902,catafewechu,17902,103,,
17903,gelerutec,17903,103,,
17904,teamfinosakilechlun,17904,103,,
17905,awlaulernoquotyq,17905,103,,
17906,naugnejniet,17906,103,18.036095529895785,7.067048605706563
17907,orweol,17907,103,,
17908,lyodwenag,17908,103,23.75829444277282,5.214827887976619
17909,intaokbere,17909,103,11.29659833424524,1.776025875594173
17910,ardoro,17910,103,17.546549305629473,3.92331667399318
17911,intaokbere,17911,103,15.139819962789147,1.792201927052367
17912,tenaileqnequwuzemat,17912,103,9.567606604613507,2.775800586492898
17913,neecygiw,17913,103,15.14975357491787,3.5284931295074595
17914,tigaskichtyigpiad,17914,103,15.804305610466788,9.862438119639313
17915,detycwogotirer,17915,103,,
17916,orweol,17916,103,10.93695952609184,4.912530612945613
17917,tielbeinruw,17917,103,13.001885840039328,3.481683927186859
17918,neecygiw,17918,103,12.132788155909514,4.047931698011417
17919,lanafap,17919,103,19.43423014865354,7.044342083031711
17920,tigaskichtyigpiad,17920,2112,,
17921,tigaskichtyigpiad,17921,2112,,
17922,ewockelyntionyrer,17922,2112,,
17923,detycwogotirer,17923,2112,,
17924,tigaskichtyigpiad,17924,2112,,
17925,tigaskichtyigpiad,17925,2112,,
17926,furuqzibumehew,17926,2112,,
17927,ottowyc,17927,2112,,
17928,tigaskichtyigpiad,17928,2112,,
17929,detycwogotirer,17929,2112,,
17930,neecygiw,17930,2112,6.131125001420116,1.7508808679847825
17931,tayteg,17931,2112,,
17932,tayteg,17932,2112,,
17933,tayteg,17933,2112,,
17934,qynuaxfufygmoreper,17934,2112,20.530819375407653,4.87708624773276
17935,tayteg,17935,2112,,
17936,tayteg,17936,2112,,
17937,tayteg,17937,2112,,
17938,tayteg,17938,2112,,
17939,tayteg,17939,2112,,
17940,tigaskichtyigpiad,17940,2035,,
17941,tigaskichtyigpiad,17941,2035,,
17942,ewockelyntionyrer,17942,2035,,
17943,detycwogotirer,17943,2035,,
17944,tigaskichtyigpiad,17944,2035,,
17945,tigaskichtyigpiad,17945,2035,,
17946,furuqzibumehew,17946,2035,,
17947,ottowyc,17947,2035,,
17948,tigaskichtyigpiad,17948,2035,,
17949,detycwogotirer,17949,2035,,
17950,neecygiw,17950,2035,,
17951,tayteg,17951,2035,,
17952,tayteg,17952,2035,,
17953,tayteg,17953,2035,,
17954,qynuaxfufygmoreper,17954,2035,23.7582944427728,9.785561333310854
17955,tayteg,17955,2035,,
17956,tayteg,17956,2035,,
17957,tayteg,17957,2035,,
17958,tayteg,17958,2035,,
17959,tayteg,17959,2035,,
17960,tigaskichtyigpiad,17960,1302,,
17961,tigaskichtyigpiad,17961,1302,,
17962,ewockelyntionyrer,17962,1302,,
17963,detycwogotirer,17963,1302,23.75829444277283,23.75829444277282
17964,tigaskichtyigpiad,17964,1302,,
17965,tigaskichtyigpiad,17965,1302,,
17966,furuqzibumehew,17966,1302,11.244478702927784,4.910707188093155
17967,ottowyc,17967,1302,14.22703581739671,5.876694149690836
17968,tigaskichtyigpiad,17968,1302,,
17969,detycwogotirer,17969,1302,23.75829444277284,23.75829444277282
17970,neecygiw,17970,1302,16.08101444930126,5.9249634955584485
17971,tayteg,17971,1302,23.75829444277282,23.75829444277282
17972,tayteg,17972,1302,,
17973,tayteg,17973,1302,23.75829444277283,23.75829444277282
17974,qynuaxfufygmoreper,17974,1302,18.596204899116515,4.620685963739367
17975,tayteg,17975,1302,,
17976,tayteg,17976,1302,,
17977,tayteg,17977,1302,23.75829444277282,23.75829444277282
17978,tayteg,17978,1302,23.75829444277282,23.75829444277282
17979,tayteg,17979,1302,,
17980,tayteg,17980,1671,,
17981,tayteg,17981,1671,,
17982,tayteg,17982,1671,,
17983,itfeernatewiq,17983,1671,24.636511512448383,8.39225115653138
17984,detycwogotirer,17984,1671,23.75829444277282,23.75829444277282
17985,qynuaxfufygmoreper,17985,1671,18.778951899173364,4.399784618204897
17986,tayteg,17986,1671,,
17987,ewockelyntionyrer,17987,1671,,
17988,dotrutole,17988,1671,10.287236849713056,3.752913652634754
17989,fuasdausetriaqu,17989,1671,,
17990,tayteg,17990,1671,,
17991,detycwogotirer,17991,1671,,
17992,ajrepaqutatelsoem,17992,1671,7.759402707564675,2.6522441492414197
17993,hotofelfocaf,17993,1671,14.467587995840836,6.076237044204453
17994,ansicqalob,17994,1671,,
17995,essatetig,17995,1671,11.4911359527014,3.06279542808002
17996,neecygiw,17996,1671,13.463942552877542,4.928240820655748
17997,fircemtefwaapud,17997,1671,13.174163561056192,3.2176231992653554
17998,lowmeginqodonvar,17998,1671,11.753388299373055,3.102019821211986
17999,nihiggoinro,17999,1671,,
18000,tayteg,18000,812,23.75829444277282,23.7582944427728
18001,tayteg,18001,812,23.75829444277282,23.75829444277282
18002,tayteg,18002,812,23.75829444277282,23.75829444277282
18003,itfeernatewiq,18003,812,15.149147863419936,3.5804143759432048
18004,detycwogotirer,18004,812,23.75829444277282,23.75829444277282
18005,qynuaxfufygmoreper,18005,812,17.565110273689875,3.550250280117861
18006,tayteg,18006,812,,
18007,ewockelyntionyrer,18007,812,,
18008,dotrutole,18008,812,12.958949973841024,4.448897544903925
18009,fuasdausetriaqu,18009,812,,
18010,tayteg,18010,812,23.75829444277283,23.75829444277282
18011,detycwogotirer,18011,812,23.75829444277282,23.75829444277282
18012,ajrepaqutatelsoem,18012,812,16.176525504117354,3.713487376033232
18013,hotofelfocaf,18013,812,18.96198147167953,6.610809337471048
18014,ansicqalob,18014,812,,
18015,essatetig,18015,812,16.096244484978588,3.176106111683896
18016,neecygiw,18016,812,16.156620017743766,5.715528013110837
18017,fircemtefwaapud,18017,812,17.568043885686997,5.283188610791131
18018,lowmeginqodonvar,18018,812,19.77477289125758,3.165850462346467
18019,nihiggoinro,18019,812,,
18020,tayteg,18020,1992,,
18021,tayteg,18021,1992,,
18022,tayteg,18022,1992,,
18023,itfeernatewiq,18023,1992,60.76873104881192,18.261656451696748
18024,detycwogotirer,18024,1992,31.087011640190813,28.97820762382888
18025,qynuaxfufygmoreper,18025,1992,,
18026,tayteg,18026,1992,,
18027,ewockelyntionyrer,18027,1992,,
18028,dotrutole,18028,1992,7.637489611709822,0.8537038429902628
18029,fuasdausetriaqu,18029,1992,,
18030,tayteg,18030,1992,,
18031,detycwogotirer,18031,1992,23.75829444277282,23.75829444277282
18032,ajrepaqutatelsoem,18032,1992,39.13033430338136,18.155409480538687
18033,hotofelfocaf,18033,1992,,
18034,ansicqalob,18034,1992,,
18035,essatetig,18035,1992,25.21744969316478,3.5825460631932007
18036,neecygiw,18036,1992,,
18037,fircemtefwaapud,18037,1992,28.23860182369624,14.12865826376152
18038,lowmeginqodonvar,18038,1992,90.86994409718736,10.917322533726614
18039,nihiggoinro,18039,1992,,
18040,tayteg,18040,1953,,
18041,tayteg,18041,1953,,
18042,tayteg,18042,1953,,
18043,itfeernatewiq,18043,1953,14.35018989249748,4.840771647596349
18044,detycwogotirer,18044,1953,,
18045,qynuaxfufygmoreper,18045,1953,23.22012564938924,4.402019815092907
18046,tayteg,18046,1953,,
18047,ewockelyntionyrer,18047,1953,23.75829444277283,23.7582944427728
18048,dotrutole,18048,1953,11.6687273127985,4.3864666675256085
18049,fuasdausetriaqu,18049,1953,14.206106453453518,2.2787098869655664
18050,tayteg,18050,1953,,
18051,detycwogotirer,18051,1953,23.75829444277282,23.758294442772787
18052,ajrepaqutatelsoem,18052,1953,14.946316199382826,6.145738912630499
18053,hotofelfocaf,18053,1953,12.817336647656578,5.102272865403651
18054,ansicqalob,18054,1953,,
18055,essatetig,18055,1953,12.571568827194678,1.8967876069741063
18056,neecygiw,18056,1953,12.035590640465555,4.298339400970948
18057,fircemtefwaapud,18057,1953,12.449783995890822,3.8021573620293134
18058,lowmeginqodonvar,18058,1953,15.90450383364636,3.720912857313596
18059,nihiggoinro,18059,1953,13.663575320507055,4.271350494673256
18060,tayteg,18060,2297,,
18061,tayteg,18061,2297,,
18062,tayteg,18062,2297,,
18063,itfeernatewiq,18063,2297,14.505563287150178,3.270394671299744
18064,detycwogotirer,18064,2297,23.75829444277282,23.75829444277282
18065,qynuaxfufygmoreper,18065,2297,12.024411394566222,3.4485288170335946
18066,tayteg,18066,2297,23.75829444277283,23.75829444277282
18067,ewockelyntionyrer,18067,2297,,
18068,dotrutole,18068,2297,11.414346765727531,3.165201133238912
18069,fuasdausetriaqu,18069,2297,,
18070,tayteg,18070,2297,,
18071,detycwogotirer,18071,2297,23.75829444277282,23.7582944427728
18072,ajrepaqutatelsoem,18072,2297,14.424989381700376,4.852812727355915
18073,hotofelfocaf,18073,2297,12.957159585694082,4.952010694570044
18074,ansicqalob,18074,2297,,
18075,essatetig,18075,2297,10.71596724508674,2.307306289308418
18076,neecygiw,18076,2297,11.04200894765125,3.680046881038936
18077,fircemtefwaapud,18077,2297,17.738356793682197,3.380809176111617
18078,lowmeginqodonvar,18078,2297,14.068137949772163,3.5128548794202312
18079,nihiggoinro,18079,2297,,
18080,naugnejniet,18080,2083,11.196011122280066,3.911580740368176
18081,ansicqalob,18081,2083,,
18082,essatetig,18082,2083,12.957318415074043,2.6625481346803936
18083,reachsognyboefdesi,18083,2083,13.13125787617475,3.1914798219968428
18084,irtaxyncykir,18084,2083,11.369737344367405,3.191611590979869
18085,irtaxyncykir,18085,2083,17.775984892195112,4.62168624767062
18086,neecygiw,18086,2083,14.210695463075965,5.772781846915787
18087,pintamliraibepjuiqu,18087,2083,12.089316006514442,3.869294790708912
18088,ansicqalob,18088,2083,,
18089,ardoro,18089,2083,14.10713232453581,4.586097650061316
18090,essatetig,18090,2083,12.258226326215365,2.721315460182168
18091,ajrepaqutatelsoem,18091,2083,16.4408899070147,4.433873110437911
18092,dascabyiv,18092,2083,14.173763678991213,7.968643647724904
18093,neecygiw,18093,2083,14.8916641442799,3.7949875759435145
18094,ansicqalob,18094,2083,,
18095,naugnejniet,18095,2083,12.00213928253864,3.836320714912421
18096,lowmeginqodonvar,18096,2083,16.81844920846771,3.676079911462817
18097,intaokbere,18097,2083,11.43793875892251,2.3494089838919017
18098,qoabfo,18098,2083,23.75829444277282,4.798535260484035
18099,essatetig,18099,2083,12.16484377284472,3.19530129768412
18100,naugnejniet,18100,2118,16.582306365486186,7.29473317289836
18101,ansicqalob,18101,2118,,
18102,essatetig,18102,2118,14.73575867620015,3.864605781671284
18103,reachsognyboefdesi,18103,2118,15.819391392660574,5.069580925162988
18104,irtaxyncykir,18104,2118,17.090259610856833,5.828941184603148
18105,irtaxyncykir,18105,2118,14.993892778013477,6.222105299852161
18106,neecygiw,18106,2118,17.102644472261595,6.005507784427439
18107,pintamliraibepjuiqu,18107,2118,16.634008175301847,4.26955096435011
18108,ansicqalob,18108,2118,,
18109,ardoro,18109,2118,19.109994516498485,5.782549126124815
18110,essatetig,18110,2118,15.489999154802064,3.794523295772534
18111,ajrepaqutatelsoem,18111,2118,23.7582944427728,4.41111569869113
18112,dascabyiv,18112,2118,13.150767247792285,6.878064574126253
18113,neecygiw,18113,2118,16.600208271963446,4.99592385742617
18114,ansicqalob,18114,2118,,
18115,naugnejniet,18115,2118,16.47376999374915,5.768663166682917
18116,lowmeginqodonvar,18116,2118,18.093408028370103,4.754432097482749
18117,intaokbere,18117,2118,15.891717152730164,3.6792012637925615
18118,qoabfo,18118,2118,,
18119,essatetig,18119,2118,17.024276499864342,5.13756354529043
18120,naugnejniet,18120,1492,71.50726025019075,26.695248504287363
18121,ansicqalob,18121,1492,,
18122,essatetig,18122,1492,56.603164959572034,17.27796871810039
18123,reachsognyboefdesi,18123,1492,55.95151828113948,25.88401850326901
18124,irtaxyncykir,18124,1492,59.12308093902302,31.09015103578565
18125,irtaxyncykir,18125,1492,55.1366995244001,29.096396988635178
18126,neecygiw,18126,1492,42.42493398850901,18.689363198034503
18127,pintamliraibepjuiqu,18127,1492,50.900484935236,23.539906159894134
18128,ansicqalob,18128,1492,,
18129,ardoro,18129,1492,58.56049204391006,26.15595439289312
18130,essatetig,18130,1492,65.6725567690017,20.17608586181868
18131,ajrepaqutatelsoem,18131,1492,54.81878348710679,27.90015710725149
18132,dascabyiv,18132,1492,44.07222759747183,31.67413011208757
18133,neecygiw,18133,1492,53.56341994825232,28.578075093792087
18134,ansicqalob,18134,1492,,
18135,naugnejniet,18135,1492,57.49747857899531,25.333059944398435
18136,lowmeginqodonvar,18136,1492,72.7067425489729,26.736455645233768
18137,intaokbere,18137,1492,48.59288808984536,20.582465271759503
18138,qoabfo,18138,1492,,
18139,essatetig,18139,1492,61.41556812436076,20.8264367688948
18140,dirohwedlesdarla,18140,2100,23.108113561727908,11.265259300422311
18141,neecygiw,18141,2100,28.534873897678708,12.41385222356975
18142,ajrepaqutatelsoem,18142,2100,23.7582944427728,10.001027181839213
18143,wetepuewdaquap,18143,2100,23.75829444277282,5.9412832687926045
18144,aztesiewitforuson,18144,2100,32.46629887425295,8.672196301482833
18145,ansicqalob,18145,2100,18.503114705524958,5.745173113609457
18146,dirohwedlesdarla,18146,2100,26.1449242951971,8.992336406487906
18147,lowmeginqodonvar,18147,2100,24.12302198536566,9.271206517889713
18148,naugnejniet,18148,2100,23.336233193058447,10.85417964995102
18149,neecygiw,18149,2100,22.90236146172509,9.538159422270104
18150,zavpomyisab,18150,2100,23.229465894714156,10.956916421205678
18151,enzeobrunelic,18151,2100,20.538047928191368,7.583279235001312
18152,essatetig,18152,2100,23.31371237591968,6.951339298751154
18153,ottowyc,18153,2100,19.79745307747226,9.887416143900577
18154,detycwogotirer,18154,2100,,
18155,ryfegfeowoqes,18155,2100,24.456285393997103,6.037129942553371
18156,naugnejniet,18156,2100,23.409346823774964,7.944124871843241
18157,gelerutec,18157,2100,,
18158,gelerutec,18158,2100,,
18159,gelerutec,18159,2100,,
18160,dirohwedlesdarla,18160,1189,,
18161,neecygiw,18161,1189,9.20325847623302,2.056305295277895
18162,ajrepaqutatelsoem,18162,1189,9.612410478366854,2.2300354676326646
18163,wetepuewdaquap,18163,1189,,
18164,aztesiewitforuson,18164,1189,,
18165,ansicqalob,18165,1189,15.158088598235858,4.517848497424534
18166,dirohwedlesdarla,18166,1189,,
18167,lowmeginqodonvar,18167,1189,9.985380308598376,1.4653429776102165
18168,naugnejniet,18168,1189,,
18169,neecygiw,18169,1189,8.323592625336211,2.616716379992297
18170,zavpomyisab,18170,1189,,
18171,enzeobrunelic,18171,1189,5.380119766371051,1.5083466180169391
18172,essatetig,18172,1189,7.993863877318039,1.0324988304397693
18173,ottowyc,18173,1189,,
18174,detycwogotirer,18174,1189,,
18175,ryfegfeowoqes,18175,1189,12.60345825824305,0.743981309308634
18176,naugnejniet,18176,1189,,
18177,gelerutec,18177,1189,,
18178,gelerutec,18178,1189,,
18179,gelerutec,18179,1189,,
18180,dirohwedlesdarla,18180,1585,11.444694515954032,3.418339123696163
18181,neecygiw,18181,1585,12.541132822841965,4.543835682744119
18182,ajrepaqutatelsoem,18182,1585,11.748024521299502,2.984809931307094
18183,wetepuewdaquap,18183,1585,23.75829444277282,10.595599550809396
18184,aztesiewitforuson,18184,1585,32.63546869688952,11.943522199701428
18185,ansicqalob,18185,1585,,
18186,dirohwedlesdarla,18186,1585,10.32121937266615,3.5098234467579803
18187,lowmeginqodonvar,18187,1585,10.03278918751291,2.882955424217181
18188,naugnejniet,18188,1585,12.053642391581954,2.8477934702125576
18189,neecygiw,18189,1585,10.122540076744054,2.5872905213299795
18190,zavpomyisab,18190,1585,,
18191,enzeobrunelic,18191,1585,8.97901992625868,2.053804792810846
18192,essatetig,18192,1585,10.744234820759658,2.194463045946449
18193,ottowyc,18193,1585,7.901144795503442,2.9565224175511617
18194,detycwogotirer,18194,1585,,
18195,ryfegfeowoqes,18195,1585,12.759066205334769,1.7245688334393343
18196,naugnejniet,18196,1585,11.692843849778908,3.944975247865588
18197,gelerutec,18197,1585,,
18198,gelerutec,18198,1585,,
18199,gelerutec,18199,1585,,
18200,dirohwedlesdarla,18200,2317,12.578393559948427,4.219185712634843
18201,neecygiw,18201,2317,13.520457076566457,4.966596931956564
18202,ajrepaqutatelsoem,18202,2317,13.153476135350664,2.821780087610336
18203,wetepuewdaquap,18203,2317,13.260224290543585,4.476270370247856
18204,aztesiewitforuson,18204,2317,23.248497086590376,4.573420291911496
18205,ansicqalob,18205,2317,,
18206,dirohwedlesdarla,18206,2317,12.366097391408722,3.637087468053988
18207,lowmeginqodonvar,18207,2317,14.493832699174265,4.323405994369831
18208,naugnejniet,18208,2317,12.865270793023354,5.060206707345996
18209,neecygiw,18209,2317,13.1152950745503,4.510675953086746
18210,zavpomyisab,18210,2317,14.08148715959535,4.649320971639081
18211,enzeobrunelic,18211,2317,13.680022924591611,3.885350024792469
18212,essatetig,18212,2317,10.275584321706702,3.1270042002430603
18213,ottowyc,18213,2317,11.644361460208042,4.760351693289191
18214,detycwogotirer,18214,2317,,
18215,ryfegfeowoqes,18215,2317,13.865881990275346,2.2204015936885586
18216,naugnejniet,18216,2317,11.958969986355369,5.633648326374419
18217,gelerutec,18217,2317,,
18218,gelerutec,18218,2317,,
18219,gelerutec,18219,2317,,
18220,dirohwedlesdarla,18220,2325,28.623199534509915,14.298449700215508
18221,neecygiw,18221,2325,34.68067350817544,15.937103048268494
18222,ajrepaqutatelsoem,18222,2325,36.01228702014288,14.34256564979415
18223,wetepuewdaquap,18223,2325,23.75829444277282,10.869550605430174
18224,aztesiewitforuson,18224,2325,39.89867589305664,14.862677773640463
18225,ansicqalob,18225,2325,,
18226,dirohwedlesdarla,18226,2325,28.67017172214757,11.859741904652644
18227,lowmeginqodonvar,18227,2325,32.72963809532322,11.367074981564384
18228,naugnejniet,18228,2325,28.89132278346348,11.6236153334992
18229,neecygiw,18229,2325,30.2471148872482,12.62578149341661
18230,zavpomyisab,18230,2325,29.049764851870137,11.950633751928583
18231,enzeobrunelic,18231,2325,19.852034864822738,7.797294996203965
18232,essatetig,18232,2325,29.836274157817503,9.98024849036116
18233,ottowyc,18233,2325,28.847373049218376,15.631851418915026
18234,detycwogotirer,18234,2325,23.75829444277282,23.75829444277282
18235,ryfegfeowoqes,18235,2325,29.713827651731,8.05011693541449
18236,naugnejniet,18236,2325,30.41996613184849,13.706239020314888
18237,gelerutec,18237,2325,,
18238,gelerutec,18238,2325,,
18239,gelerutec,18239,2325,,
18240,gelerutec,18240,176,,
18241,quixenloicitachryek,18241,176,,
18242,gelerutec,18242,176,,
18243,gelerutec,18243,176,,
18244,gelerutec,18244,176,,
18245,gelerutec,18245,176,,
18246,gelerutec,18246,176,,
18247,gelerutec,18247,176,,
18248,gelerutec,18248,176,,
18249,gelerutec,18249,176,,
18250,gelerutec,18250,176,,
18251,dascabyiv,18251,176,26.221476244118374,17.65344716126175
18252,gelerutec,18252,176,,
18253,gelerutec,18253,176,,
18254,gelerutec,18254,176,,
18255,gelerutec,18255,176,,
18256,ecenivri,18256,176,29.516827150938735,8.472595933162172
18257,gelerutec,18257,176,,
18258,gelerutec,18258,176,,
18259,gelerutec,18259,176,,
18260,gelerutec,18260,487,,
18261,quixenloicitachryek,18261,487,,
18262,gelerutec,18262,487,,
18263,gelerutec,18263,487,,
18264,gelerutec,18264,487,,
18265,gelerutec,18265,487,,
18266,gelerutec,18266,487,,
18267,gelerutec,18267,487,,
18268,gelerutec,18268,487,,
18269,gelerutec,18269,487,,
18270,gelerutec,18270,487,,
18271,dascabyiv,18271,487,29.017917416513573,16.667365601704365
18272,gelerutec,18272,487,,
18273,gelerutec,18273,487,,
18274,gelerutec,18274,487,,
18275,gelerutec,18275,487,,
18276,ecenivri,18276,487,29.06346963803089,7.677700964744309
18277,gelerutec,18277,487,,
18278,gelerutec,18278,487,,
18279,gelerutec,18279,487,,
18280,gelerutec,18280,118,,
18281,quixenloicitachryek,18281,118,23.75829444277282,4.148679475885237
18282,gelerutec,18282,118,,
18283,gelerutec,18283,118,,
18284,gelerutec,18284,118,,
18285,gelerutec,18285,118,,
18286,gelerutec,18286,118,,
18287,gelerutec,18287,118,,
18288,gelerutec,18288,118,,
18289,gelerutec,18289,118,,
18290,gelerutec,18290,118,,
18291,dascabyiv,18291,118,,
18292,gelerutec,18292,118,,
18293,gelerutec,18293,118,,
18294,gelerutec,18294,118,,
18295,gelerutec,18295,118,,
18296,ecenivri,18296,118,23.75829444277283,0.9402124216983958
18297,gelerutec,18297,118,,
18298,gelerutec,18298,118,,
18299,gelerutec,18299,118,,
18300,gelerutec,18300,129,,
18301,quixenloicitachryek,18301,129,,
18302,gelerutec,18302,129,,
18303,gelerutec,18303,129,,
18304,gelerutec,18304,129,,
18305,gelerutec,18305,129,,
18306,gelerutec,18306,129,,
18307,gelerutec,18307,129,,
18308,gelerutec,18308,129,,
18309,gelerutec,18309,129,,
18310,gelerutec,18310,129,,
18311,dascabyiv,18311,129,,
18312,gelerutec,18312,129,,
18313,gelerutec,18313,129,,
18314,gelerutec,18314,129,,
18315,gelerutec,18315,129,,
18316,ecenivri,18316,129,23.7582944427728,1.2104744547638715
18317,gelerutec,18317,129,,
18318,gelerutec,18318,129,,
18319,gelerutec,18319,129,,
18320,gelerutec,18320,1130,,
18321,quixenloicitachryek,18321,1130,,
18322,gelerutec,18322,1130,,
18323,gelerutec,18323,1130,,
18324,gelerutec,18324,1130,,
18325,gelerutec,18325,1130,,
18326,gelerutec,18326,1130,,
18327,gelerutec,18327,1130,,
18328,gelerutec,18328,1130,,
18329,gelerutec,18329,1130,,
18330,gelerutec,18330,1130,,
18331,dascabyiv,18331,1130,17.493700383694364,9.68233988519012
18332,gelerutec,18332,1130,,
18333,gelerutec,18333,1130,,
18334,gelerutec,18334,1130,,
18335,gelerutec,18335,1130,,
18336,ecenivri,18336,1130,22.371883000497927,4.203410300023252
18337,gelerutec,18337,1130,,
18338,gelerutec,18338,1130,,
18339,gelerutec,18339,1130,,
18340,gelerutec,18340,1710,,
18341,ajrepaqutatelsoem,18341,1710,9.16621294913363,2.1858825124262653
18342,delonfeitratobquitof,18342,1710,6.038761991073929,2.10157408038673
18343,ryfegfeowoqes,18343,1710,9.60869785711824,1.0475334426305425
18344,elgylo,18344,1710,23.75829444277282,2.450116802707881
18345,ecenivri,18345,1710,11.27191666636106,1.359581970950285
18346,qelaebwaxvaces,18346,1710,8.708077964706685,1.980954868833343
18347,cuxnoqiquunugonqe,18347,1710,9.559301115787385,1.7603309181207212
18348,quozagchofuquuri,18348,1710,7.934207343003913,1.5446071208462455
18349,ajrepaqutatelsoem,18349,1710,8.383849538964942,1.544607120846199
18350,ryfegfeowoqes,18350,1710,9.412511472508006,1.381538608313101
18351,lanajpohunes,18351,1710,5.798927567531671,1.498850064283748
18352,quozagchofuquuri,18352,1710,9.510064635428996,1.884946520665508
18353,ecenivri,18353,1710,11.38661497052822,1.5276025987283142
18354,ardoro,18354,1710,9.18306002038965,3.8148822077479543
18355,ingapeovil,18355,1710,11.876115400626077,3.160745737132024
18356,quozagchofuquuri,18356,1710,8.389460302408866,1.588053055820098
18357,naugnejniet,18357,1710,7.735650291406404,2.099133370523825
18358,ryfegfeowoqes,18358,1710,10.190769861202408,0.6838267228806132
18359,naugnejniet,18359,1710,7.2870285039069795,2.4840572618170422
18360,gelerutec,18360,359,,
18361,ajrepaqutatelsoem,18361,359,23.75829444277282,1.223806410548108
18362,delonfeitratobquitof,18362,359,,
18363,ryfegfeowoqes,18363,359,10.969103350321536,0.8353630416068393
18364,elgylo,18364,359,,
18365,ecenivri,18365,359,14.526382529504597,0.7372880279018055
18366,qelaebwaxvaces,18366,359,,
18367,cuxnoqiquunugonqe,18367,359,3.86802343509553,0.5094862647497369
18368,quozagchofuquuri,18368,359,4.1668732237577,0.7889950495814971
18369,ajrepaqutatelsoem,18369,359,23.7582944427728,2.2424441631735514
18370,ryfegfeowoqes,18370,359,9.637373484857516,1.0597954913585703
18371,lanajpohunes,18371,359,4.778320006989389,1.64988585079683
18372,quozagchofuquuri,18372,359,,
18373,ecenivri,18373,359,15.874826977366116,0.5629528557803154
18374,ardoro,18374,359,,
18375,ingapeovil,18375,359,13.449602428089324,5.233584972843961
18376,quozagchofuquuri,18376,359,,
18377,naugnejniet,18377,359,,
18378,ryfegfeowoqes,18378,359,8.03195702845245,1.0761549334482934
18379,naugnejniet,18379,359,8.11477726987936,2.8196729932409665
18380,gelerutec,18380,290,,
18381,ajrepaqutatelsoem,18381,290,8.271500652711174,1.3500644184688702
18382,delonfeitratobquitof,18382,290,7.175821322138513,1.6387848725210323
18383,ryfegfeowoqes,18383,290,7.694085308494079,0.988548557347482
18384,elgylo,18384,290,11.028320832594597,3.0618706647759746
18385,ecenivri,18385,290,11.388172861003415,0.7152553104850659
18386,qelaebwaxvaces,18386,290,7.111905268281895,1.626554963741084
18387,cuxnoqiquunugonqe,18387,290,8.111571273810961,0.7493885786139044
18388,quozagchofuquuri,18388,290,8.690610231896914,1.2723316893570007
18389,ajrepaqutatelsoem,18389,290,15.55970300213183,3.0347924418020877
18390,ryfegfeowoqes,18390,290,8.967263781087484,1.3033409164016725
18391,lanajpohunes,18391,290,4.875806421455797,1.312741760428703
18392,quozagchofuquuri,18392,290,7.366454425508248,0.9817676444926088
18393,ecenivri,18393,290,11.211483917510742,0.7860647460920611
18394,ardoro,18394,290,8.317820034520746,2.312688332556508
18395,ingapeovil,18395,290,,
18396,quozagchofuquuri,18396,290,7.07412939195505,1.1027040333419995
18397,naugnejniet,18397,290,,
18398,ryfegfeowoqes,18398,290,9.205411872935176,0.9463597644951696
18399,naugnejniet,18399,290,6.744779297533508,1.673649668286873
18400,gelerutec,18400,1954,,
18401,ajrepaqutatelsoem,18401,1954,11.1465557075069,3.4533151188868088
18402,delonfeitratobquitof,18402,1954,8.534286321967256,2.1542871846024814
18403,ryfegfeowoqes,18403,1954,8.268171857649108,0.9743370115539391
18404,elgylo,18404,1954,9.703713729964768,1.988071316642136
18405,ecenivri,18405,1954,11.362994286677823,1.0113150821039003
18406,qelaebwaxvaces,18406,1954,9.712430318969895,2.4839635065731525
18407,cuxnoqiquunugonqe,18407,1954,9.241942849871537,0.9991847714953664
18408,quozagchofuquuri,18408,1954,,
18409,ajrepaqutatelsoem,18409,1954,14.042634457943368,2.0388813995222197
18410,ryfegfeowoqes,18410,1954,8.893668977765884,0.9479099043816044
18411,lanajpohunes,18411,1954,6.877361004277296,2.3852943905862025
18412,quozagchofuquuri,18412,1954,,
18413,ecenivri,18413,1954,11.52324580983065,0.9615913882345388
18414,ardoro,18414,1954,8.441369610977413,3.98448032182
18415,ingapeovil,18415,1954,7.890285983820373,1.8933974196499803
18416,quozagchofuquuri,18416,1954,,
18417,naugnejniet,18417,1954,6.676341105610693,1.8122975619698087
18418,ryfegfeowoqes,18418,1954,8.548123879144459,0.9267642725150764
18419,naugnejniet,18419,1954,7.661772508434884,1.6645830234509698
18420,gelerutec,18420,1733,,
18421,ajrepaqutatelsoem,18421,1733,13.898078741594622,1.9992877004157783
18422,delonfeitratobquitof,18422,1733,5.463429959205262,1.6507463130572753
18423,ryfegfeowoqes,18423,1733,8.100214646433546,0.2908054836974255
18424,elgylo,18424,1733,6.781027605186375,1.45872676895467
18425,ecenivri,18425,1733,8.907660518629916,0.5366054839855756
18426,qelaebwaxvaces,18426,1733,,
18427,cuxnoqiquunugonqe,18427,1733,,
18428,quozagchofuquuri,18428,1733,,
18429,ajrepaqutatelsoem,18429,1733,,
18430,ryfegfeowoqes,18430,1733,,
18431,lanajpohunes,18431,1733,,
18432,quozagchofuquuri,18432,1733,,
18433,ecenivri,18433,1733,9.52979060878666,0.7706886252367063
18434,ardoro,18434,1733,5.386393644173066,1.672522956720259
18435,ingapeovil,18435,1733,8.323442739277734,2.6298037071122184
18436,quozagchofuquuri,18436,1733,,
18437,naugnejniet,18437,1733,,
18438,ryfegfeowoqes,18438,1733,9.354368621700402,0.2908054836974243
18439,naugnejniet,18439,1733,,
18440,intaokbere,18440,1268,35.53445673695288,9.402715470200022
18441,delonfeitratobquitof,18441,1268,37.30376620220397,13.905619383969793
18442,ryfegfeowoqes,18442,1268,44.71725340803407,9.382773136059164
18443,ajrepaqutatelsoem,18443,1268,33.91754659925495,18.2424104162774
18444,ingapeovil,18444,1268,38.221460910654976,14.07239316432593
18445,naugnejniet,18445,1268,31.05207809740361,12.43158786183704
18446,tobivolhunovfogorvi,18446,1268,24.709237498681325,12.697848561544724
18447,cuxnoqiquunugonqe,18447,1268,31.91407192425894,12.06960757473547
18448,ryfegfeowoqes,18448,1268,43.27040980747809,10.507870401900403
18449,dascabyiv,18449,1268,35.829985543526966,23.75829444277282
18450,furuqzibumehew,18450,1268,29.514658802580843,14.432692155401815
18451,ingapeovil,18451,1268,44.60149654444992,17.721350269258586
18452,cuxnoqiquunugonqe,18452,1268,34.07355256459953,10.032979426789192
18453,ryfegfeowoqes,18453,1268,41.2188563528329,11.135749671115468
18454,fostirogdanequ,18454,1268,32.232704462181715,13.71686050239796
18455,furuqzibumehew,18455,1268,29.097174422881785,13.84961646148209
18456,ingapeovil,18456,1268,43.42820999551044,16.330619111130407
18457,aknujiersetsekecneh,18457,1268,34.876107525609946,9.927131865898971
18458,fuasdausetriaqu,18458,1268,44.18756141534669,14.95927374905161
18459,essatetig,18459,1268,33.282875225227826,9.8298195248431
18460,intaokbere,18460,1091,10.44838461234428,2.5061428823904954
18461,delonfeitratobquitof,18461,1091,12.433847474742764,3.506203205009526
18462,ryfegfeowoqes,18462,1091,14.629443646217954,1.820359353041583
18463,ajrepaqutatelsoem,18463,1091,,
18464,ingapeovil,18464,1091,12.224760398123731,3.8145860226098662
18465,naugnejniet,18465,1091,11.382859662294168,3.337178945283972
18466,naugnejniet,18466,1091,,
18467,cuxnoqiquunugonqe,18467,1091,10.409957409384493,1.2551372275113786
18468,ryfegfeowoqes,18468,1091,14.585893413127629,1.6055229006245295
18469,dascabyiv,18469,1091,8.740255667716944,4.711841312120853
18470,furuqzibumehew,18470,1091,11.14754354164631,4.726272577777904
18471,ingapeovil,18471,1091,,
18472,cuxnoqiquunugonqe,18472,1091,14.346347575909448,2.1907467070721927
18473,ryfegfeowoqes,18473,1091,11.628747844193091,2.1115406441063334
18474,fostirogdanequ,18474,1091,23.613921519778817,4.856215159492989
18475,furuqzibumehew,18475,1091,9.585229958770114,3.199984607657308
18476,ingapeovil,18476,1091,,
18477,aknujiersetsekecneh,18477,1091,13.902417739650485,2.0413737811483736
18478,fuasdausetriaqu,18478,1091,,
18479,essatetig,18479,1091,11.902640185749492,2.6516074722354803
18480,intaokbere,18480,1464,7.630879602424586,1.173717812803537
18481,delonfeitratobquitof,18481,1464,8.52760877186676,2.0385573303165803
18482,ryfegfeowoqes,18482,1464,9.197385915974202,1.1052308866534302
18483,ajrepaqutatelsoem,18483,1464,12.510364181375907,2.6903873336142703
18484,ingapeovil,18484,1464,12.15059337634042,3.631574674946697
18485,naugnejniet,18485,1464,9.463396809502372,1.6793100974866315
18486,tobivolhunovfogorvi,18486,1464,8.83765158821373,2.4427031731568087
18487,cuxnoqiquunugonqe,18487,1464,9.50713090754706,1.2083527748836038
18488,ryfegfeowoqes,18488,1464,9.499676711107252,1.2196604483444469
18489,dascabyiv,18489,1464,7.082811339121723,3.204363135423864
18490,furuqzibumehew,18490,1464,7.282264068154275,2.5210713842223744
18491,ingapeovil,18491,1464,12.220895641778084,4.860978811642941
18492,cuxnoqiquunugonqe,18492,1464,8.445189075602283,1.1171225355650678
18493,ryfegfeowoqes,18493,1464,8.207870655166658,1.3212417158809726
18494,fostirogdanequ,18494,1464,,
18495,furuqzibumehew,18495,1464,6.420285283837719,2.8034316474111827
18496,ingapeovil,18496,1464,,
18497,aknujiersetsekecneh,18497,1464,12.383770294228734,1.7685519924667823
18498,fuasdausetriaqu,18498,1464,,
18499,essatetig,18499,1464,7.888805997732549,1.6664145248235442
18500,intaokbere,18500,1784,,
18501,delonfeitratobquitof,18501,1784,,
18502,ryfegfeowoqes,18502,1784,,
18503,ajrepaqutatelsoem,18503,1784,,
18504,ingapeovil,18504,1784,,
18505,naugnejniet,18505,1784,,
18506,tobivolhunovfogorvi,18506,1784,5.381332293850807,2.1575322307481533
18507,cuxnoqiquunugonqe,18507,1784,,
18508,ryfegfeowoqes,18508,1784,7.181098128251004,1.042334733411791
18509,dascabyiv,18509,1784,,
18510,furuqzibumehew,18510,1784,,
18511,ingapeovil,18511,1784,,
18512,cuxnoqiquunugonqe,18512,1784,,
18513,ryfegfeowoqes,18513,1784,,
18514,fostirogdanequ,18514,1784,,
18515,furuqzibumehew,18515,1784,,
18516,ingapeovil,18516,1784,,
18517,aknujiersetsekecneh,18517,1784,6.463553433685764,1.3216864450038013
18518,fuasdausetriaqu,18518,1784,,
18519,essatetig,18519,1784,6.996077431388721,0.7815162547132625
18520,furuqzibumehew,18520,2370,6.737037291410486,2.5260166625609983
18521,yzevmopeinkir,18521,2370,9.219161733111358,1.9444343314306536
18522,ryfegfeowoqes,18522,2370,10.29290126285239,1.2116895153998612
18523,naugnejniet,18523,2370,4.66305716638373,1.239549544040219
18524,fefagedurunah,18524,2370,2.275228458252703,1.140977637156554
18525,lijies,18525,2370,6.424103106380508,2.5300819868645514
18526,naugnejniet,18526,2370,11.52882935189868,2.823940572327008
18527,fuasdausetriaqu,18527,2370,8.593826033780143,1.055173201085525
18528,savabyhe,18528,2370,23.75829444277282,2.853378462782742
18529,delonfeitratobquitof,18529,2370,9.479160998429975,2.344548764170635
18530,furuqzibumehew,18530,2370,6.625183207841194,2.6074139439749446
18531,enzeobrunelic,18531,2370,5.864627324124855,1.5180491921236925
18532,fircemtefwaapud,18532,2370,13.524105220941358,3.427175492130367
18533,pureditefniavhatu,18533,2370,11.843808194725971,3.9017776828841857
18534,delonfeitratobquitof,18534,2370,8.412302266274715,2.628556469435152
18535,zavpomyisab,18535,2370,7.663715811911181,2.1073727623134757
18536,delonfeitratobquitof,18536,2370,8.897795089781873,1.7933004827882688
18537,wawaseguadtimuj,18537,2370,9.002535243944337,2.564114929293049
18538,iltetqelnoarur,18538,2370,15.118668911777066,1.280555764474736
18539,zavpomyisab,18539,2370,9.760717149647762,2.382802162791878
18540,furuqzibumehew,18540,81,11.574140450817625,4.241536412748206
18541,yzevmopeinkir,18541,81,23.75829444277282,17.11724058371054
18542,ryfegfeowoqes,18542,81,40.56863346572584,2.1615671563386893
18543,naugnejniet,18543,81,31.910732081902623,6.033084053863669
18544,fefagedurunah,18544,81,14.07569179474352,4.5824937670109165
18545,lijies,18545,81,16.56805421221632,1.3287212863418076
18546,naugnejniet,18546,81,26.051461028467585,3.7585812897376623
18547,fuasdausetriaqu,18547,81,32.472722999679696,1.978487869892518
18548,savabyhe,18548,81,23.75829444277282,4.074372397008424
18549,delonfeitratobquitof,18549,81,12.49016229205994,3.327825345093799
18550,furuqzibumehew,18550,81,12.058983405564865,5.696229607903519
18551,enzeobrunelic,18551,81,8.294897564140658,2.0600859926349115
18552,fircemtefwaapud,18552,81,17.713996484456363,5.044384387269458
18553,pureditefniavhatu,18553,81,17.508808679726226,4.005270805439445
18554,delonfeitratobquitof,18554,81,23.75829444277282,3.7683738733874192
18555,zavpomyisab,18555,81,15.344664438140525,3.01219581014728
18556,delonfeitratobquitof,18556,81,12.862185512607722,4.935608682297106
18557,wawaseguadtimuj,18557,81,,
18558,iltetqelnoarur,18558,81,29.09717442287737,4.24383766032528
18559,zavpomyisab,18559,81,15.882706524460392,2.783804555081565
18560,furuqzibumehew,18560,2040,19.290157973924448,10.47000710562814
18561,yzevmopeinkir,18561,2040,19.626961521682983,16.079235238655485
18562,ryfegfeowoqes,18562,2040,30.468968288671448,9.840739215355256
18563,naugnejniet,18563,2040,26.845609176845205,11.524465584945313
18564,fefagedurunah,18564,2040,14.55419307575701,6.235314089150265
18565,lijies,18565,2040,16.64143761256718,8.369643914322486
18566,naugnejniet,18566,2040,34.72987696289356,11.26437311089312
18567,fuasdausetriaqu,18567,2040,26.44249936236408,8.572119804142968
18568,savabyhe,18568,2040,33.85042443772407,10.370298272275468
18569,delonfeitratobquitof,18569,2040,28.33816430346961,10.752848444207944
18570,furuqzibumehew,18570,2040,20.59394572584954,11.597742388154597
18571,enzeobrunelic,18571,2040,21.407162520734826,10.583433386003598
18572,fircemtefwaapud,18572,2040,23.75829444277283,7.884366007225626
18573,pureditefniavhatu,18573,2040,29.901213231052296,13.803701799148682
18574,delonfeitratobquitof,18574,2040,26.807403065442053,13.00617614630577
18575,zavpomyisab,18575,2040,20.59220469134845,11.922922440183363
18576,delonfeitratobquitof,18576,2040,27.850698667414232,12.642747732661151
18577,wawaseguadtimuj,18577,2040,23.9533216824872,13.012789516817016
18578,iltetqelnoarur,18578,2040,32.729030452759005,9.713443079928126
18579,zavpomyisab,18579,2040,19.35272485859269,10.948369910365836
18580,furuqzibumehew,18580,147,,
18581,yzevmopeinkir,18581,147,23.7582944427728,15.494972850622416
18582,ryfegfeowoqes,18582,147,11.571793469047266,0.873257496727043
18583,naugnejniet,18583,147,,
18584,fefagedurunah,18584,147,,
18585,lijies,18585,147,,
18586,naugnejniet,18586,147,8.841943209497229,1.811819534822965
18587,fuasdausetriaqu,18587,147,,
18588,savabyhe,18588,147,17.38250388108642,2.681147583974552
18589,delonfeitratobquitof,18589,147,9.016142521047112,1.8130049887716853
18590,furuqzibumehew,18590,147,6.283985844374595,2.207271304796763
18591,enzeobrunelic,18591,147,6.277113065207694,1.217009271434266
18592,fircemtefwaapud,18592,147,12.437979595942872,2.882955424219904
18593,pureditefniavhatu,18593,147,6.786153644914591,1.701550352459745
18594,delonfeitratobquitof,18594,147,5.766738346456352,1.6863827857691485
18595,zavpomyisab,18595,147,8.274267488730379,1.9784107049141275
18596,delonfeitratobquitof,18596,147,8.50519732759499,2.6987782981397914
18597,wawaseguadtimuj,18597,147,,
18598,iltetqelnoarur,18598,147,10.707620103239162,1.4253198073594535
18599,zavpomyisab,18599,147,8.461717736112789,1.989437812468867
18600,furuqzibumehew,18600,807,13.307914843581012,5.3492489848958416
18601,yzevmopeinkir,18601,807,,
18602,ryfegfeowoqes,18602,807,19.56193824234342,3.0425231785946893
18603,naugnejniet,18603,807,18.12566465971491,4.547731367891914
18604,fefagedurunah,18604,807,4.0563715104658,3.4778985633261423
18605,lijies,18605,807,16.35351682793712,2.7272705890005966
18606,naugnejniet,18606,807,16.98446429575219,4.340684944063319
18607,fuasdausetriaqu,18607,807,,
18608,savabyhe,18608,807,23.75829444277282,4.317625072659268
18609,delonfeitratobquitof,18609,807,16.31827213861178,3.488698001430816
18610,furuqzibumehew,18610,807,10.770175035713658,4.261376108916517
18611,enzeobrunelic,18611,807,9.451178220111608,2.8481148039539588
18612,fircemtefwaapud,18612,807,16.068012683716223,2.802776930639645
18613,pureditefniavhatu,18613,807,14.06421335783673,3.7817138423007215
18614,delonfeitratobquitof,18614,807,16.4237793075888,5.225796478685968
18615,zavpomyisab,18615,807,13.84020616644259,3.839004163602568
18616,delonfeitratobquitof,18616,807,13.81538608304298,5.38011976634297
18617,wawaseguadtimuj,18617,807,,
18618,iltetqelnoarur,18618,807,19.864410716324294,2.3958996337976
18619,zavpomyisab,18619,807,16.822755781767263,3.121325854883645
18620,intaokbere,18620,734,12.482016954481738,3.538694470530495
18621,ottowyc,18621,734,11.097548015918152,4.584047401798533
18622,qelaebwaxvaces,18622,734,14.496552584826883,4.581564537815039
18623,intaokbere,18623,734,15.663133753374842,3.0624088975429933
18624,ecenivri,18624,734,21.888408091403434,2.759952981432375
18625,intaokbere,18625,734,13.304428442229009,3.761560140732479
18626,ecenivri,18626,734,25.449624375413364,3.750244402743943
18627,cuxnoqiquunugonqe,18627,734,13.327413951986273,3.3810263052287777
18628,intaokbere,18628,734,13.324625858423918,2.8261213103003877
18629,qelaebwaxvaces,18629,734,16.641437612612087,4.644328620413441
18630,cuxnoqiquunugonqe,18630,734,14.08357517001682,3.1534205088621885
18631,essatetig,18631,734,17.144158620927602,3.708739933786275
18632,cuxnoqiquunugonqe,18632,734,15.67031839715864,3.225370918656607
18633,intaokbere,18633,734,14.064494343827478,3.298406781588971
18634,daddevebheef,18634,734,13.923855559271846,4.3278062518562646
18635,intaokbere,18635,734,14.7346308734763,4.011513921691311
18636,mituli,18636,734,10.233720475656789,4.221133949796121
18637,cuxnoqiquunugonqe,18637,734,16.145597974781854,2.369774760941525
18638,ottowyc,18638,734,10.001027181866036,3.4005327419858764
18639,dirohwedlesdarla,18639,734,14.481033151804269,3.1321646637559906
18640,intaokbere,18640,350,,
18641,ottowyc,18641,350,,
18642,qelaebwaxvaces,18642,350,,
18643,intaokbere,18643,350,,
18644,ecenivri,18644,350,23.75829444277284,1.003414135605459
18645,intaokbere,18645,350,,
18646,ecenivri,18646,350,23.75829444277283,0.6847683764485057
18647,cuxnoqiquunugonqe,18647,350,,
18648,intaokbere,18648,350,,
18649,qelaebwaxvaces,18649,350,,
18650,cuxnoqiquunugonqe,18650,350,,
18651,essatetig,18651,350,8.907772371926997,1.8189877193720256
18652,cuxnoqiquunugonqe,18652,350,,
18653,intaokbere,18653,350,,
18654,daddevebheef,18654,350,,
18655,intaokbere,18655,350,,
18656,mituli,18656,350,,
18657,cuxnoqiquunugonqe,18657,350,,
18658,ottowyc,18658,350,,
18659,dirohwedlesdarla,18659,350,8.249781636512106,2.3411647613145323
18660,intaokbere,18660,1326,5.790224661550279,0.532264436886782
18661,ottowyc,18661,1326,7.040760671031566,2.6190438336670727
18662,qelaebwaxvaces,18662,1326,,
18663,intaokbere,18663,1326,3.0888614832940693,0.5278072087538498
18664,ecenivri,18664,1326,6.785427003135674,1.0381543329310623
18665,intaokbere,18665,1326,2.7343197322452766,0.3498080858990494
18666,ecenivri,18666,1326,10.008835095408164,0.8143347801909695
18667,cuxnoqiquunugonqe,18667,1326,9.092718670160451,2.0723079124625143
18668,intaokbere,18668,1326,10.622085013650516,0.3854977077927024
18669,qelaebwaxvaces,18669,1326,,
18670,cuxnoqiquunugonqe,18670,1326,7.568705831061878,1.8185437340346455
18671,essatetig,18671,1326,8.51603114314381,1.3106426033209992
18672,cuxnoqiquunugonqe,18672,1326,10.202684747361731,1.9724876239371705
18673,intaokbere,18673,1326,10.4263826465133,0.5533915064048371
18674,daddevebheef,18674,1326,23.75829444277282,0.4706284378432214
18675,intaokbere,18675,1326,6.233673167640803,0.9287841216404537
18676,mituli,18676,1326,5.453544795241942,1.7702857927750488
18677,cuxnoqiquunugonqe,18677,1326,9.50075851163316,2.104296915564179
18678,ottowyc,18678,1326,6.766013929619244,2.3315500810081216
18679,dirohwedlesdarla,18679,1326,7.074575597018422,1.6562958019704035
18680,intaokbere,18680,1707,,
18681,ottowyc,18681,1707,10.09665327430138,3.5280978162681143
18682,qelaebwaxvaces,18682,1707,,
18683,intaokbere,18683,1707,,
18684,ecenivri,18684,1707,17.628402436664068,2.498368757307963
18685,intaokbere,18685,1707,,
18686,ecenivri,18686,1707,14.342113562859032,2.4660194674818343
18687,cuxnoqiquunugonqe,18687,1707,,
18688,intaokbere,18688,1707,,
18689,qelaebwaxvaces,18689,1707,,
18690,cuxnoqiquunugonqe,18690,1707,,
18691,essatetig,18691,1707,9.924099595696328,1.3579574739558595
18692,cuxnoqiquunugonqe,18692,1707,,
18693,intaokbere,18693,1707,,
18694,daddevebheef,18694,1707,,
18695,intaokbere,18695,1707,,
18696,mituli,18696,1707,13.303879672018509,2.987782451397461
18697,cuxnoqiquunugonqe,18697,1707,,
18698,ottowyc,18698,1707,8.123291583210191,3.273804792072171
18699,dirohwedlesdarla,18699,1707,9.05197759627234,2.488953020447873
18700,intaokbere,18700,1519,67.74506792554801,26.402133935386967
18701,ottowyc,18701,1519,52.40331760983759,37.1920400792269
18702,qelaebwaxvaces,18702,1519,52.23442986131122,31.56031684396401
18703,intaokbere,18703,1519,63.392799459661866,27.515722171470284
18704,ecenivri,18704,1519,89.60715509126618,28.241836048210683
18705,intaokbere,18705,1519,65.8801715850847,24.895761042244025
18706,ecenivri,18706,1519,87.78837038826272,31.46132923138609
18707,cuxnoqiquunugonqe,18707,1519,71.10602090969941,30.29440740146292
18708,intaokbere,18708,1519,69.48384436698889,28.429845872928823
18709,qelaebwaxvaces,18709,1519,56.64108706165808,32.58255637312427
18710,cuxnoqiquunugonqe,18710,1519,79.47604910431198,29.863727348646997
18711,essatetig,18711,1519,68.37513582339827,27.85779604036517
18712,cuxnoqiquunugonqe,18712,1519,72.86151117268355,31.764887117925745
18713,intaokbere,18713,1519,70.14544249842939,27.403577961641687
18714,daddevebheef,18714,1519,65.15692815841253,30.06260021565676
18715,intaokbere,18715,1519,67.54576319942986,28.584129429577768
18716,mituli,18716,1519,89.38630825916282,33.236362144471975
18717,cuxnoqiquunugonqe,18717,1519,83.05578704498984,31.91407192428461
18718,ottowyc,18718,1519,47.22862021751768,34.792553622516294
18719,dirohwedlesdarla,18719,1519,69.71190554845904,31.70592461509941
18720,intaokbere,18720,2180,28.680081172710064,8.698376715882823
18721,ottowyc,18721,2180,21.449043598157825,13.265360771727211
18722,qelaebwaxvaces,18722,2180,27.69822327987546,11.274573982546668
18723,intaokbere,18723,2180,24.714657589532504,8.689050671678652
18724,ecenivri,18724,2180,33.607458742485456,9.226323797210965
18725,intaokbere,18725,2180,24.300436884878238,8.878633527688232
18726,ecenivri,18726,2180,46.272499764338455,7.87855466132087
18727,cuxnoqiquunugonqe,18727,2180,32.26394852290097,10.178653514841484
18728,intaokbere,18728,2180,30.942097569099616,9.035483188767614
18729,qelaebwaxvaces,18729,2180,28.517570985476198,12.037633757570566
18730,cuxnoqiquunugonqe,18730,2180,41.04393224721958,8.082050815444529
18731,essatetig,18731,2180,35.670930623938524,10.443393002294712
18732,cuxnoqiquunugonqe,18732,2180,38.64161644667314,9.0415505195881
18733,intaokbere,18733,2180,30.68088744012672,9.99734310991994
18734,daddevebheef,18734,2180,36.25261672445729,10.979094880790466
18735,intaokbere,18735,2180,24.991735769361245,10.361479647829528
18736,mituli,18736,2180,38.91693211034521,14.042634457896176
18737,cuxnoqiquunugonqe,18737,2180,33.61422755306138,10.767073306528458
18738,ottowyc,18738,2180,26.18702976997345,17.178685104561296
18739,dirohwedlesdarla,18739,2180,32.05631730410418,13.20099442572656
18740,daddevebheef,18740,522,,
18741,dirohwedlesdarla,18741,522,,
18742,lowmeginqodonvar,18742,522,30.584003487888168,14.95383924606553
18743,enylnanodeiqvosu,18743,522,10.791498557777604,3.24208573693224
18744,lijies,18744,522,8.302115996809086,2.629450004403477
18745,fuasdausetriaqu,18745,522,14.319022115064431,3.5692497009083075
18746,iwerxoehakoc,18746,522,,
18747,fircemtefwaapud,18747,522,11.3420870050041,2.87826636272252
18748,fuasdausetriaqu,18748,522,,
18749,iwerxoehakoc,18749,522,,
18750,fircemtefwaapud,18750,522,11.004649298274003,3.453846520762625
18751,ardoro,18751,522,11.309366248881576,4.594502277664702
18752,ottowyc,18752,522,,
18753,furuqzibumehew,18753,522,7.2118432622805795,3.5277024587359915
18754,fircemtefwaapud,18754,522,10.132948726884218,3.019539024525533
18755,ottowyc,18755,522,,
18756,wawaseguadtimuj,18756,522,,
18757,furuqzibumehew,18757,522,9.644515749806065,4.810788875335841
18758,saqeipfoquaadvyn,18758,522,67.02474829113171,23.75829444277283
18759,ardoro,18759,522,10.54229697033883,4.104549783608853
18760,daddevebheef,18760,1446,12.605356921118997,4.144615824918917
18761,dirohwedlesdarla,18761,1446,7.301170886817837,1.0808514985916673
18762,lowmeginqodonvar,18762,1446,10.241643907776384,1.9521743336744528
18763,enylnanodeiqvosu,18763,1446,10.505079387184471,1.7239108122766842
18764,lijies,18764,1446,13.2634901715885,5.64652514536107
18765,fuasdausetriaqu,18765,1446,10.31625488132108,2.885247753355606
18766,iwerxoehakoc,18766,1446,10.787174606745712,3.64284056477064
18767,fircemtefwaapud,18767,1446,,
18768,fuasdausetriaqu,18768,1446,,
18769,iwerxoehakoc,18769,1446,10.32703575098568,4.107609585644092
18770,fircemtefwaapud,18770,1446,,
18771,ardoro,18771,1446,11.681316037704468,5.139637163478235
18772,ottowyc,18772,1446,4.268297402985452,1.5642575659433626
18773,furuqzibumehew,18773,1446,9.162175668376037,4.544239561280702
18774,fircemtefwaapud,18774,1446,9.581545457383166,4.438026854990823
18775,ottowyc,18775,1446,,
18776,wawaseguadtimuj,18776,1446,9.208369978164674,2.8680463028926697
18777,furuqzibumehew,18777,1446,9.851043212137876,3.737035907543507
18778,saqeipfoquaadvyn,18778,1446,,
18779,ardoro,18779,1446,12.501203393460443,4.99423068796355
18780,daddevebheef,18780,2262,23.75829444277282,10.768273202270509
18781,dirohwedlesdarla,18781,2262,22.004743012136085,9.354690368791848
18782,lowmeginqodonvar,18782,2262,20.032478811783225,7.885520459075371
18783,enylnanodeiqvosu,18783,2262,21.521588337722417,9.3189277845661
18784,lijies,18784,2262,17.713996484457773,8.121248981438406
18785,fuasdausetriaqu,18785,2262,,
18786,iwerxoehakoc,18786,2262,21.25364224638585,8.880440773371973
18787,fircemtefwaapud,18787,2262,23.75829444277283,9.330796046746537
18788,fuasdausetriaqu,18788,2262,,
18789,iwerxoehakoc,18789,2262,21.913350448647417,9.06395593022724
18790,fircemtefwaapud,18790,2262,23.75829444277281,7.4684908930788385
18791,ardoro,18791,2262,23.270884170738988,9.80792323604522
18792,ottowyc,18792,2262,16.83661722462647,10.968898298722536
18793,furuqzibumehew,18793,2262,,
18794,fircemtefwaapud,18794,2262,23.75829444277282,7.552986677883504
18795,ottowyc,18795,2262,21.30701491268853,12.371444893224368
18796,wawaseguadtimuj,18796,2262,,
18797,furuqzibumehew,18797,2262,15.513885058201373,7.602229244521211
18798,saqeipfoquaadvyn,18798,2262,23.75829444277282,23.7582944427728
18799,ardoro,18799,2262,20.20361426820944,8.294828054506413
18800,daddevebheef,18800,647,47.537696494287,15.624323820747184
18801,dirohwedlesdarla,18801,647,43.93800712803902,16.330814874456426
18802,lowmeginqodonvar,18802,647,49.52218186215731,14.965564521888638
18803,enylnanodeiqvosu,18803,647,54.857821306164325,17.95810631804276
18804,lijies,18804,647,40.58609166634127,15.568950969045702
18805,fuasdausetriaqu,18805,647,45.87100625415314,16.5936787959704
18806,iwerxoehakoc,18806,647,44.09153740378838,17.88458170885735
18807,fircemtefwaapud,18807,647,38.63471256679687,13.991290101481676
18808,fuasdausetriaqu,18808,647,50.27312382458188,14.321393046773208
18809,iwerxoehakoc,18809,647,39.754791255562864,17.832019266222005
18810,fircemtefwaapud,18810,647,31.439560544815,15.023875066605068
18811,ardoro,18811,647,46.15527695896868,18.26304048108021
18812,ottowyc,18812,647,30.65071557610305,18.276752881716188
18813,furuqzibumehew,18813,647,30.30360140120005,16.291788585101113
18814,fircemtefwaapud,18814,647,35.285506927186766,14.496552584799677
18815,ottowyc,18815,647,30.94731878731742,19.392135816687347
18816,wawaseguadtimuj,18816,647,44.11402176775725,17.05867779346336
18817,furuqzibumehew,18817,647,29.446289036105465,16.65872742257458
18818,saqeipfoquaadvyn,18818,647,,
18819,ardoro,18819,647,53.63044800524128,19.34547025302557
18820,fircemtefwaapud,18820,1833,31.91407192430125,11.35631717389555
18821,fircemtefwaapud,18821,1833,34.90407512266996,11.62874784418442
18822,ottowyc,18822,1833,23.286733828052853,15.196151782998706
18823,fircemtefwaapud,18823,1833,40.29477081540069,16.588932233977474
18824,chotezenivnenfagig,18824,1833,33.01039746179567,16.517662877597633
18825,fircemtefwaapud,18825,1833,32.94382181460982,17.08654078914356
18826,ottowyc,18826,1833,29.2876409760315,16.568328918986413
18827,ojegnevati,18827,1833,27.37491814747273,17.086370325067026
18828,ottowyc,18828,1833,23.44534987400282,14.67900712067146
18829,wawaseguadtimuj,18829,1833,36.80690214803709,14.625499018673016
18830,enylnanodeiqvosu,18830,1833,34.95050301113495,17.29089385173245
18831,ottowyc,18831,1833,31.60133684125821,14.79762643342644
18832,fireolalixfetnerat,18832,1833,32.76858747711572,15.175684835940531
18833,daddevebheef,18833,1833,33.026732418582576,15.596661968709816
18834,intaokbere,18834,1833,34.532421775044334,13.358199752874675
18835,daddevebheef,18835,1833,38.94046676098482,14.56642181899945
18836,aknujiersetsekecneh,18836,1833,32.40364876452236,13.842553657198527
18837,fircemtefwaapud,18837,1833,35.28550692722987,13.37129987813558
18838,intaokbere,18838,1833,32.09883764838565,11.626369767938629
18839,intaokbere,18839,1833,35.68534692106756,14.127402900594898
18840,fircemtefwaapud,18840,1215,12.974456523115864,4.034926086272002
18841,fircemtefwaapud,18841,1215,11.388605232133616,4.223081288192149
18842,ottowyc,18842,1215,8.520589988999376,2.956621734715932
18843,fircemtefwaapud,18843,1215,11.471276529210284,3.5222461612451843
18844,chotezenivnenfagig,18844,1215,9.853647014777575,3.565333343308277
18845,fircemtefwaapud,18845,1215,11.704820371319906,4.149713755287685
18846,ottowyc,18846,1215,8.826723580667238,2.587290521334332
18847,ojegnevati,18847,1215,23.75829444277283,3.3072687430651477
18848,ottowyc,18848,1215,7.379994908135772,3.301492626107222
18849,wawaseguadtimuj,18849,1215,9.5416221776906,2.594374111199769
18850,enylnanodeiqvosu,18850,1215,9.87522260229077,3.118367617346582
18851,ottowyc,18851,1215,8.191594684852328,2.966536657692261
18852,fireolalixfetnerat,18852,1215,9.595036732855185,2.062499760073767
18853,daddevebheef,18853,1215,11.326542794378977,2.622741071871499
18854,intaokbere,18854,1215,10.256451655905892,1.7427762090119945
18855,daddevebheef,18855,1215,11.273115407837738,2.6778338290287995
18856,aknujiersetsekecneh,18856,1215,13.263512329764314,2.7139372843079714
18857,fircemtefwaapud,18857,1215,10.650812872064856,4.17391424470103
18858,intaokbere,18858,1215,10.010823259197704,2.468693354665344
18859,intaokbere,18859,1215,10.412284559749628,1.4738334118262777
18860,fircemtefwaapud,18860,1039,10.524170423101555,3.989569381939129
18861,fircemtefwaapud,18861,1039,14.149140817481705,5.678158586968337
18862,ottowyc,18862,1039,13.025803183863092,5.985157502029707
18863,fircemtefwaapud,18863,1039,12.56110663400794,3.4177377647395035
18864,chotezenivnenfagig,18864,1039,16.966931449172215,5.7306253241402825
18865,fircemtefwaapud,18865,1039,13.527339954336249,4.434518768279684
18866,ottowyc,18866,1039,12.165417043217449,5.69522430223985
18867,ojegnevati,18867,1039,11.983652187989714,5.746270653559416
18868,ottowyc,18868,1039,12.25039672981526,5.384443366815572
18869,wawaseguadtimuj,18869,1039,11.360744292121645,4.203148160759021
18870,enylnanodeiqvosu,18870,1039,13.911165350760117,4.649139253074829
18871,ottowyc,18871,1039,12.062160684162466,4.847000393444573
18872,fireolalixfetnerat,18872,1039,11.767573577283423,4.054211809436996
18873,daddevebheef,18873,1039,14.16510161176398,4.655159102579594
18874,intaokbere,18874,1039,12.87865832891612,3.7065457859301554
18875,daddevebheef,18875,1039,12.682633242783128,5.307213909471779
18876,aknujiersetsekecneh,18876,1039,17.046943610749857,4.347887342890034
18877,fircemtefwaapud,18877,1039,14.64473244160934,4.543981083165964
18878,intaokbere,18878,1039,12.55084946832022,4.246110924206377
18879,intaokbere,18879,1039,12.445864201769556,4.44946810864026
18880,fircemtefwaapud,18880,1704,9.868986093525637,1.810979329498318
18881,fircemtefwaapud,18881,1704,11.46914532271344,3.912462701219975
18882,ottowyc,18882,1704,,
18883,fircemtefwaapud,18883,1704,9.863420592866266,3.8439405656141776
18884,chotezenivnenfagig,18884,1704,7.705004528202938,2.3502301960966485
18885,fircemtefwaapud,18885,1704,9.310318205110244,3.53684676830906
18886,ottowyc,18886,1704,,
18887,ojegnevati,18887,1704,23.75829444277282,2.510468410502818
18888,ottowyc,18888,1704,,
18889,wawaseguadtimuj,18889,1704,,
18890,enylnanodeiqvosu,18890,1704,7.221600561555524,2.4097233389555743
18891,ottowyc,18891,1704,,
18892,fireolalixfetnerat,18892,1704,,
18893,daddevebheef,18893,1704,,
18894,intaokbere,18894,1704,,
18895,daddevebheef,18895,1704,,
18896,aknujiersetsekecneh,18896,1704,7.013031074421717,2.355289736599893
18897,fircemtefwaapud,18897,1704,8.434064075637737,3.4558863446708368
18898,intaokbere,18898,1704,,
18899,intaokbere,18899,1704,,
18900,fircemtefwaapud,18900,854,31.696843725716235,11.997432283642285
18901,fircemtefwaapud,18901,854,26.79171287977521,8.448700104656501
18902,ottowyc,18902,854,19.82325528477921,10.7901614677915
18903,fircemtefwaapud,18903,854,27.920785692010757,9.1354398676856
18904,chotezenivnenfagig,18904,854,38.54892799513697,12.525687036084747
18905,fircemtefwaapud,18905,854,32.410836265972534,11.135749671124422
18906,ottowyc,18906,854,19.284071946616773,12.018940029358893
18907,ojegnevati,18907,854,23.75829444277282,12.497542115636914
18908,ottowyc,18908,854,22.334892427420648,13.667863104605434
18909,wawaseguadtimuj,18909,854,,
18910,enylnanodeiqvosu,18910,854,30.6116036304424,10.622170934900897
18911,ottowyc,18911,854,19.66617250688613,11.208154216076078
18912,fireolalixfetnerat,18912,854,31.36338018062356,11.227263158804975
18913,daddevebheef,18913,854,38.14610480289827,11.318354979685903
18914,intaokbere,18914,854,24.64332763793789,7.940226658744522
18915,daddevebheef,18915,854,32.93945231774006,11.46994684379336
18916,aknujiersetsekecneh,18916,854,33.88886524408249,10.487852682329407
18917,fircemtefwaapud,18917,854,32.7466172516513,12.387022021993127
18918,intaokbere,18918,854,26.430794938101425,9.070349478081129
18919,intaokbere,18919,854,32.06869625109294,9.298105303907708
18920,fircemtefwaapud,18920,1324,16.018077108045084,4.392270036098084
18921,fircemtefwaapud,18921,1324,11.274573982546649,3.1458456228206217
18922,ottowyc,18922,1324,7.851897649643303,2.975925237249552
18923,fircemtefwaapud,18923,1324,23.75829444277282,3.1171522332445853
18924,chotezenivnenfagig,18924,1324,20.18918951431037,2.78183235382616
18925,fircemtefwaapud,18925,1324,23.75829444277282,2.282419114776328
18926,ottowyc,18926,1324,8.178913204418862,3.1266755188640234
18927,ojegnevati,18927,1324,15.448295581123434,3.058478116241844
18928,ottowyc,18928,1324,8.738171840449695,3.225234355510307
18929,wawaseguadtimuj,18929,1324,,
18930,enylnanodeiqvosu,18930,1324,15.25450583492374,2.4778854045886103
18931,ottowyc,18931,1324,7.920233334127556,3.2646657444866225
18932,fireolalixfetnerat,18932,1324,8.516216408546814,2.448523884981621
18933,daddevebheef,18933,1324,14.946316199455048,1.4943624873967112
18934,intaokbere,18934,1324,10.74368407395248,0.8758945959056649
18935,daddevebheef,18935,1324,9.554854407466868,1.1140283390043495
18936,aknujiersetsekecneh,18936,1324,9.331620487003027,2.2367277353669985
18937,fircemtefwaapud,18937,1324,10.40995740943826,3.0299507149904192
18938,intaokbere,18938,1324,9.64114684845736,0.809348705172464
18939,intaokbere,18939,1324,9.98539767911255,0.6699210901996254
18940,fircemtefwaapud,18940,2062,10.807835781799255,3.5138995946559506
18941,fircemtefwaapud,18941,2062,12.776730176841964,4.417684378814639
18942,ottowyc,18942,2062,,
18943,fircemtefwaapud,18943,2062,7.031850913864061,3.139421828427161
18944,chotezenivnenfagig,18944,2062,8.555556647352129,2.380806006660854
18945,fircemtefwaapud,18945,2062,8.312799430675032,2.5813537223336347
18946,ottowyc,18946,2062,,
18947,ojegnevati,18947,2062,10.45610984311205,2.571343342966387
18948,ottowyc,18948,2062,,
18949,wawaseguadtimuj,18949,2062,,
18950,enylnanodeiqvosu,18950,2062,9.8174814364258,3.0522721471618754
18951,ottowyc,18951,2062,,
18952,fireolalixfetnerat,18952,2062,7.238882540973873,1.9709937432986568
18953,daddevebheef,18953,2062,,
18954,intaokbere,18954,2062,,
18955,daddevebheef,18955,2062,,
18956,aknujiersetsekecneh,18956,2062,9.74606409659099,1.955961663707078
18957,fircemtefwaapud,18957,2062,7.375378007892893,2.971432303259375
18958,intaokbere,18958,2062,,
18959,intaokbere,18959,2062,,
18960,daddevebheef,18960,2305,28.72376720038286,14.085732965712694
18961,aknujiersetsekecneh,18961,2305,20.80635594072621,9.22049170763236
18962,fircemtefwaapud,18962,2305,23.7582944427728,6.3133209872627605
18963,daddevebheef,18963,2305,23.75829444277284,9.20963744668058
18964,fircemtefwaapud,18964,2305,23.75829444277284,7.182406503252539
18965,daddevebheef,18965,2305,23.75829444277282,11.84980134666481
18966,enylnanodeiqvosu,18966,2305,25.27435862036099,8.157390612410834
18967,fircemtefwaapud,18967,2305,23.758294442772787,5.841147849985269
18968,aknujiersetsekecneh,18968,2305,22.706382600179097,6.927060567208791
18969,daddevebheef,18969,2305,23.75829444277284,8.028684353706257
18970,fircemtefwaapud,18970,2305,23.7582944427728,8.282932628612423
18971,aknujiersetsekecneh,18971,2305,23.75829444277282,8.871586505396994
18972,wawaseguadtimuj,18972,2305,19.800801146540515,9.435358646172208
18973,delonfeitratobquitof,18973,2305,20.72988651215806,9.438742453915635
18974,fircemtefwaapud,18974,2305,23.75829444277284,9.313865668861135
18975,iltetqelnoarur,18975,2305,28.396176020808664,8.859314936553416
18976,fircemtefwaapud,18976,2305,23.75829444277282,9.487528905548846
18977,wawaseguadtimuj,18977,2305,22.18550230065492,7.589975151886573
18978,fircemtefwaapud,18978,2305,23.7582944427728,8.30211599681404
18979,enylnanodeiqvosu,18979,2305,24.220217724173107,9.43956472603478
18980,daddevebheef,18980,1104,23.75829444277283,10.650812872045554
18981,aknujiersetsekecneh,18981,1104,23.75829444277283,7.348913433021417
18982,fircemtefwaapud,18982,1104,23.75829444277282,7.923467419607791
18983,daddevebheef,18983,1104,23.7582944427728,10.20979105431611
18984,fircemtefwaapud,18984,1104,23.75829444277282,9.265583020091409
18985,daddevebheef,18985,1104,23.75829444277283,10.207288587533366
18986,enylnanodeiqvosu,18986,1104,20.065125851644684,8.014848423828122
18987,fircemtefwaapud,18987,1104,23.75829444277282,6.959044188995449
18988,aknujiersetsekecneh,18988,1104,23.75829444277283,6.834240375669237
18989,daddevebheef,18989,1104,32.63654427731584,16.641437612589407
18990,fircemtefwaapud,18990,1104,23.75829444277282,9.425978766587308
18991,aknujiersetsekecneh,18991,1104,23.75829444277282,8.498989270114372
18992,wawaseguadtimuj,18992,1104,15.709553398879184,7.882280117231239
18993,delonfeitratobquitof,18993,1104,26.816341164997297,10.0207382244482
18994,fircemtefwaapud,18994,1104,23.7582944427728,7.918277415377867
18995,iltetqelnoarur,18995,1104,28.1569281838385,10.264519331733895
18996,fircemtefwaapud,18996,1104,23.75829444277282,9.712430318969902
18997,wawaseguadtimuj,18997,1104,21.461659313320613,7.88180512765105
18998,fircemtefwaapud,18998,1104,23.7582944427728,7.132807706497821
18999,enylnanodeiqvosu,18999,1104,22.792967689017853,6.748229697367152
19000,daddevebheef,19000,614,17.05155507358136,6.077803688839924
19001,aknujiersetsekecneh,19001,614,18.23147828318974,3.835956419641317
19002,fircemtefwaapud,19002,614,16.318272138629133,4.620717239102345
19003,daddevebheef,19003,614,17.5518982547193,5.06830781518003
19004,fircemtefwaapud,19004,614,17.28459698009116,3.4325904355616603
19005,daddevebheef,19005,614,13.706762067063416,3.87105890424147
19006,enylnanodeiqvosu,19006,614,15.812977889900488,4.519860931112431
19007,fircemtefwaapud,19007,614,18.35498057842905,4.798290480978547
19008,aknujiersetsekecneh,19008,614,19.34527827767698,3.1532109877490595
19009,daddevebheef,19009,614,19.11561582082393,4.390598382355667
19010,fircemtefwaapud,19010,614,19.881015953057737,4.883349275016365
19011,aknujiersetsekecneh,19011,614,18.786615213901296,3.418339123712818
19012,wawaseguadtimuj,19012,614,,
19013,delonfeitratobquitof,19013,614,12.26691868675926,6.579195128640914
19014,fircemtefwaapud,19014,614,17.00048321551512,3.990305329084945
19015,iltetqelnoarur,19015,614,15.473849159026557,3.5754902471986734
19016,fircemtefwaapud,19016,614,18.313285578053755,4.872498695333366
19017,wawaseguadtimuj,19017,614,,
19018,fircemtefwaapud,19018,614,19.852034864822752,4.308574369220458
19019,enylnanodeiqvosu,19019,614,15.01190636203686,5.046006107305932
19020,daddevebheef,19020,715,36.17181066693934,16.078349821889105
19021,aknujiersetsekecneh,19021,715,35.47193984676448,12.204749745672045
19022,fircemtefwaapud,19022,715,33.38650663908248,8.18995028877258
19023,daddevebheef,19023,715,36.01228702009545,17.30294290904111
19024,fircemtefwaapud,19024,715,33.614227553041225,9.385642727946154
19025,daddevebheef,19025,715,39.29960346401449,12.514190303927512
19026,enylnanodeiqvosu,19026,715,38.34806171596799,13.737030592346288
19027,fircemtefwaapud,19027,715,31.87797002144842,12.857447502071162
19028,aknujiersetsekecneh,19028,715,41.81582783170632,14.805715453614017
19029,daddevebheef,19029,715,40.32737872796855,9.509720996360608
19030,fircemtefwaapud,19030,715,34.22108518256042,9.77090677933047
19031,aknujiersetsekecneh,19031,715,27.20644759937726,8.775209063620226
19032,wawaseguadtimuj,19032,715,33.85622913618839,12.55137227512602
19033,delonfeitratobquitof,19033,715,23.75829444277282,16.240979306661202
19034,fircemtefwaapud,19034,715,30.845302738887085,10.344876852914783
19035,iltetqelnoarur,19035,715,38.158625057057456,12.662833682897231
19036,fircemtefwaapud,19036,715,31.905050278305268,11.002380999984906
19037,wawaseguadtimuj,19037,715,27.4813345814681,13.281277871938324
19038,fircemtefwaapud,19038,715,30.319968035658786,10.335718668846235
19039,enylnanodeiqvosu,19039,715,,
19040,daddevebheef,19040,1495,23.7582944427728,6.137479511255487
19041,aknujiersetsekecneh,19041,1495,23.75829444277283,7.569604468906198
19042,fircemtefwaapud,19042,1495,23.75829444277283,5.962300454429977
19043,daddevebheef,19043,1495,23.75829444277284,8.323045800989105
19044,fircemtefwaapud,19044,1495,23.7582944427728,6.838224288246313
19045,daddevebheef,19045,1495,23.7582944427728,7.547960138799533
19046,enylnanodeiqvosu,19046,1495,25.764626439286808,7.124287512886276
19047,fircemtefwaapud,19047,1495,23.7582944427728,5.870632575973483
19048,aknujiersetsekecneh,19048,1495,23.75829444277282,6.697125348733067
19049,daddevebheef,19049,1495,,
19050,fircemtefwaapud,19050,1495,23.75829444277283,6.187890867348108
19051,aknujiersetsekecneh,19051,1495,23.75829444277283,5.211701838188195
19052,wawaseguadtimuj,19052,1495,21.52193558548691,6.979426271296092
19053,delonfeitratobquitof,19053,1495,23.758294442772787,9.868986093518204
19054,fircemtefwaapud,19054,1495,23.7582944427728,6.676508187426407
19055,iltetqelnoarur,19055,1495,28.538357021500023,8.951687914535274
19056,fircemtefwaapud,19056,1495,23.75829444277283,7.603329985571302
19057,wawaseguadtimuj,19057,1495,20.416795844041733,6.854350984223061
19058,fircemtefwaapud,19058,1495,23.75829444277283,6.162248330219988
19059,enylnanodeiqvosu,19059,1495,26.283632806457124,7.844047640474247
19060,iltetqelnoarur,19060,249,,
19061,saqeipfoquaadvyn,19061,249,,
19062,iltetqelnoarur,19062,249,11.419008537076987,1.8902356440236103
19063,wawaseguadtimuj,19063,249,,
19064,saqeipfoquaadvyn,19064,249,,
19065,enylnanodeiqvosu,19065,249,,
19066,intaokbere,19066,249,7.350500609666048,0.9551518317312988
19067,wawaseguadtimuj,19067,249,,
19068,wawaseguadtimuj,19068,249,,
19069,iltetqelnoarur,19069,249,14.226906820200716,1.611592607072596
19070,enylnanodeiqvosu,19070,249,,
19071,ottowyc,19071,249,5.239993302924254,1.9466386963925184
19072,itseidlaelextu,19072,249,,
19073,itseidlaelextu,19073,249,,
19074,itseidlaelextu,19074,249,,
19075,itseidlaelextu,19075,249,,
19076,itseidlaelextu,19076,249,,
19077,itseidlaelextu,19077,249,,
19078,itseidlaelextu,19078,249,,
19079,itseidlaelextu,19079,249,,
19080,iltetqelnoarur,19080,1790,10.493343137146132,1.1763377370103414
19081,saqeipfoquaadvyn,19081,1790,7.650659554358017,5.084677324026668
19082,iltetqelnoarur,19082,1790,7.295377199927446,1.629260629551148
19083,wawaseguadtimuj,19083,1790,,
19084,saqeipfoquaadvyn,19084,1790,,
19085,enylnanodeiqvosu,19085,1790,9.083888280531886,2.110833098109736
19086,intaokbere,19086,1790,6.473335304982976,1.3031903805807004
19087,wawaseguadtimuj,19087,1790,,
19088,wawaseguadtimuj,19088,1790,6.050930438470068,2.240872264495893
19089,iltetqelnoarur,19089,1790,9.104748220825837,1.5902703629601769
19090,enylnanodeiqvosu,19090,1790,9.116153024958791,2.1632830331828496
19091,ottowyc,19091,1790,,
19092,itseidlaelextu,19092,1790,,
19093,itseidlaelextu,19093,1790,,
19094,itseidlaelextu,19094,1790,,
19095,itseidlaelextu,19095,1790,,
19096,itseidlaelextu,19096,1790,,
19097,itseidlaelextu,19097,1790,,
19098,itseidlaelextu,19098,1790,,
19099,itseidlaelextu,19099,1790,,
19100,iltetqelnoarur,19100,1467,11.674614332946891,3.327185563229142
19101,saqeipfoquaadvyn,19101,1467,,
19102,iltetqelnoarur,19102,1467,7.880091201679484,2.472915518117952
19103,wawaseguadtimuj,19103,1467,6.943837300188909,2.442268354129347
19104,saqeipfoquaadvyn,19104,1467,23.75829444277283,7.617108534261288
19105,enylnanodeiqvosu,19105,1467,8.633940302825383,2.066186324773641
19106,intaokbere,19106,1467,7.384366148886986,1.7463343219990797
19107,wawaseguadtimuj,19107,1467,6.719591330428585,2.3510523793388507
19108,wawaseguadtimuj,19108,1467,7.912480980041274,2.167705431400555
19109,iltetqelnoarur,19109,1467,9.874377468835345,1.869931772260594
19110,enylnanodeiqvosu,19110,1467,8.688330011821353,2.962644982996367
19111,ottowyc,19111,1467,,
19112,itseidlaelextu,19112,1467,,
19113,itseidlaelextu,19113,1467,,
19114,itseidlaelextu,19114,1467,,
19115,itseidlaelextu,19115,1467,,
19116,itseidlaelextu,19116,1467,,
19117,itseidlaelextu,19117,1467,,
19118,itseidlaelextu,19118,1467,,
19119,itseidlaelextu,19119,1467,,
19120,iltetqelnoarur,19120,949,19.58980826106436,6.973744240826665
19121,saqeipfoquaadvyn,19121,949,,
19122,iltetqelnoarur,19122,949,23.71601726118462,7.749131022394533
19123,wawaseguadtimuj,19123,949,,
19124,saqeipfoquaadvyn,19124,949,,
19125,enylnanodeiqvosu,19125,949,23.358827340484243,7.610533726100467
19126,intaokbere,19126,949,17.237292441380884,6.416797550199518
19127,wawaseguadtimuj,19127,949,,
19128,wawaseguadtimuj,19128,949,,
19129,iltetqelnoarur,19129,949,30.280150090794542,7.787780294692835
19130,enylnanodeiqvosu,19130,949,24.999816025969192,8.173539402002728
19131,ottowyc,19131,949,15.194509222127191,7.150980494415667
19132,itseidlaelextu,19132,949,,
19133,itseidlaelextu,19133,949,,
19134,itseidlaelextu,19134,949,,
19135,itseidlaelextu,19135,949,,
19136,itseidlaelextu,19136,949,,
19137,itseidlaelextu,19137,949,,
19138,itseidlaelextu,19138,949,,
19139,itseidlaelextu,19139,949,,
19140,iltetqelnoarur,19140,2069,,
19141,saqeipfoquaadvyn,19141,2069,,
19142,iltetqelnoarur,19142,2069,7.504203592488705,2.2883936237004017
19143,wawaseguadtimuj,19143,2069,,
19144,saqeipfoquaadvyn,19144,2069,,
19145,enylnanodeiqvosu,19145,2069,,
19146,intaokbere,19146,2069,,
19147,wawaseguadtimuj,19147,2069,,
19148,wawaseguadtimuj,19148,2069,,
19149,iltetqelnoarur,19149,2069,8.227514569955572,2.2926881913732253
19150,enylnanodeiqvosu,19150,2069,,
19151,ottowyc,19151,2069,,
19152,itseidlaelextu,19152,2069,,
19153,itseidlaelextu,19153,2069,,
19154,itseidlaelextu,19154,2069,,
19155,itseidlaelextu,19155,2069,,
19156,itseidlaelextu,19156,2069,,
19157,itseidlaelextu,19157,2069,,
19158,itseidlaelextu,19158,2069,,
19159,itseidlaelextu,19159,2069,,
19160,itseidlaelextu,19160,2018,,
19161,itseidlaelextu,19161,2018,,
19162,itseidlaelextu,19162,2018,,
19163,itseidlaelextu,19163,2018,,
19164,itseidlaelextu,19164,2018,,
19165,itseidlaelextu,19165,2018,,
19166,itseidlaelextu,19166,2018,,
19167,itseidlaelextu,19167,2018,,
19168,itseidlaelextu,19168,2018,,
19169,itseidlaelextu,19169,2018,,
19170,itseidlaelextu,19170,2018,,
19171,itseidlaelextu,19171,2018,,
19172,quozagchofuquuri,19172,2018,,
19173,itseidlaelextu,19173,2018,,
19174,itseidlaelextu,19174,2018,,
19175,itseidlaelextu,19175,2018,,
19176,itseidlaelextu,19176,2018,,
19177,itseidlaelextu,19177,2018,,
19178,wawaseguadtimuj,19178,2018,,
19179,enylnanodeiqvosu,19179,2018,20.465908385128312,7.601226503658698
19180,itseidlaelextu,19180,777,,
19181,itseidlaelextu,19181,777,,
19182,itseidlaelextu,19182,777,,
19183,itseidlaelextu,19183,777,,
19184,itseidlaelextu,19184,777,,
19185,itseidlaelextu,19185,777,,
19186,itseidlaelextu,19186,777,,
19187,itseidlaelextu,19187,777,,
19188,itseidlaelextu,19188,777,,
19189,itseidlaelextu,19189,777,,
19190,itseidlaelextu,19190,777,,
19191,itseidlaelextu,19191,777,,
19192,quozagchofuquuri,19192,777,,
19193,itseidlaelextu,19193,777,,
19194,itseidlaelextu,19194,777,,
19195,itseidlaelextu,19195,777,,
19196,itseidlaelextu,19196,777,,
19197,itseidlaelextu,19197,777,,
19198,wawaseguadtimuj,19198,777,,
19199,enylnanodeiqvosu,19199,777,22.077733505598125,6.514551260181874
19200,itseidlaelextu,19200,562,,
19201,itseidlaelextu,19201,562,,
19202,itseidlaelextu,19202,562,,
19203,itseidlaelextu,19203,562,,
19204,itseidlaelextu,19204,562,,
19205,itseidlaelextu,19205,562,,
19206,itseidlaelextu,19206,562,,
19207,itseidlaelextu,19207,562,,
19208,itseidlaelextu,19208,562,,
19209,itseidlaelextu,19209,562,,
19210,itseidlaelextu,19210,562,,
19211,itseidlaelextu,19211,562,,
19212,quozagchofuquuri,19212,562,,
19213,itseidlaelextu,19213,562,,
19214,itseidlaelextu,19214,562,,
19215,itseidlaelextu,19215,562,,
19216,itseidlaelextu,19216,562,,
19217,itseidlaelextu,19217,562,,
19218,wawaseguadtimuj,19218,562,,
19219,enylnanodeiqvosu,19219,562,15.479838360090646,2.824261652927313
19220,itseidlaelextu,19220,1066,,
19221,itseidlaelextu,19221,1066,,
19222,itseidlaelextu,19222,1066,,
19223,itseidlaelextu,19223,1066,,
19224,itseidlaelextu,19224,1066,,
19225,itseidlaelextu,19225,1066,,
19226,itseidlaelextu,19226,1066,,
19227,itseidlaelextu,19227,1066,,
19228,itseidlaelextu,19228,1066,,
19229,itseidlaelextu,19229,1066,,
19230,itseidlaelextu,19230,1066,,
19231,itseidlaelextu,19231,1066,,
19232,quozagchofuquuri,19232,1066,,
19233,itseidlaelextu,19233,1066,,
19234,itseidlaelextu,19234,1066,,
19235,itseidlaelextu,19235,1066,,
19236,itseidlaelextu,19236,1066,,
19237,itseidlaelextu,19237,1066,,
19238,wawaseguadtimuj,19238,1066,42.9668905070009,14.845377444499851
19239,enylnanodeiqvosu,19239,1066,20.84430676611501,8.292816300154726
19240,itseidlaelextu,19240,567,,
19241,itseidlaelextu,19241,567,,
19242,itseidlaelextu,19242,567,,
19243,itseidlaelextu,19243,567,,
19244,itseidlaelextu,19244,567,,
19245,itseidlaelextu,19245,567,,
19246,itseidlaelextu,19246,567,,
19247,itseidlaelextu,19247,567,,
19248,itseidlaelextu,19248,567,,
19249,itseidlaelextu,19249,567,,
19250,itseidlaelextu,19250,567,,
19251,itseidlaelextu,19251,567,,
19252,quozagchofuquuri,19252,567,,
19253,itseidlaelextu,19253,567,,
19254,itseidlaelextu,19254,567,,
19255,itseidlaelextu,19255,567,,
19256,itseidlaelextu,19256,567,,
19257,itseidlaelextu,19257,567,,
19258,wawaseguadtimuj,19258,567,,
19259,enylnanodeiqvosu,19259,567,14.375388626441856,4.411651318683465
19260,ottowyc,19260,1887,16.691831214549055,9.301688284009757
19261,quozagchofuquuri,19261,1887,,
19262,ottowyc,19262,1887,14.79735358125105,7.621613738192568
19263,obtaochronbi,19263,1887,18.169372159952985,8.748364736320504
19264,quozagchofuquuri,19264,1887,,
19265,ajrepaqutatelsoem,19265,1887,23.75829444277282,6.965602453102396
19266,ajrepaqutatelsoem,19266,1887,23.75829444277282,7.845234497527902
19267,ottowyc,19267,1887,19.35271733900093,8.875160448941891
19268,ottowyc,19268,1887,19.472042783345078,8.730296534012664
19269,rivelyefuvutycceb,19269,1887,23.75829444277282,9.2753114870313
19270,iltetqelnoarur,19270,1887,23.75829444277282,7.819857748966611
19271,ottowyc,19271,1887,15.592730468734093,7.622692419290508
19272,iltetqelnoarur,19272,1887,20.793188740932077,7.077138136803519
19273,gonettos,19273,1887,20.986935152248,10.228956293779516
19274,ajrepaqutatelsoem,19274,1887,23.75829444277282,6.487349907586268
19275,wawaseguadtimuj,19275,1887,21.45422807481725,7.626620610184586
19276,pagwiusquech,19276,1887,21.54160418008001,9.4030931883108
19277,intaokbere,19277,1887,21.07303949340891,5.794389187170751
19278,quozagchofuquuri,19278,1887,,
19279,ajrepaqutatelsoem,19279,1887,23.75829444277282,5.617693678125771
19280,ottowyc,19280,402,10.84749769773979,4.712366301663999
19281,quozagchofuquuri,19281,402,,
19282,ottowyc,19282,402,9.626795038268456,3.785536019818466
19283,obtaochronbi,19283,402,7.025709758818475,2.1844043388582643
19284,quozagchofuquuri,19284,402,,
19285,ajrepaqutatelsoem,19285,402,17.778883135757418,4.642684475956812
19286,ajrepaqutatelsoem,19286,402,16.005551672083694,2.7505093894945563
19287,ottowyc,19287,402,9.01705438068947,3.9861638590173376
19288,ottowyc,19288,402,9.41011682931061,3.954676889657808
19289,rivelyefuvutycceb,19289,402,9.9752157553985,2.730036985133453
19290,iltetqelnoarur,19290,402,12.48028436823374,3.515236377074625
19291,ottowyc,19291,402,9.993919339135214,4.80544513039047
19292,iltetqelnoarur,19292,402,15.517197008555112,2.6557016814378565
19293,gonettos,19293,402,12.906768611653115,4.99511562789828
19294,ajrepaqutatelsoem,19294,402,23.75829444277283,4.304619733791159
19295,wawaseguadtimuj,19295,402,,
19296,pagwiusquech,19296,402,5.175886042877396,1.7871496158257123
19297,intaokbere,19297,402,13.00218904681825,2.141296540560011
19298,quozagchofuquuri,19298,402,,
19299,ajrepaqutatelsoem,19299,402,17.95918441090856,4.667914928568004
19300,ottowyc,19300,1485,30.882611857763216,21.39200005972629
19301,quozagchofuquuri,19301,1485,,
19302,ottowyc,19302,1485,30.882611857763216,20.33258693625596
19303,obtaochronbi,19303,1485,29.151538617835023,18.313285578050536
19304,quozagchofuquuri,19304,1485,,
19305,ajrepaqutatelsoem,19305,1485,57.38220235402519,23.75829444277282
19306,ajrepaqutatelsoem,19306,1485,63.69528609776498,23.7582944427728
19307,ottowyc,19307,1485,32.12097261708362,21.136411968951847
19308,ottowyc,19308,1485,33.57995354213744,21.331242439592767
19309,rivelyefuvutycceb,19309,1485,63.08849336268496,16.370744580282622
19310,iltetqelnoarur,19310,1485,79.74472904549897,19.500902637040625
19311,ottowyc,19311,1485,30.351369671916537,19.83482442376983
19312,iltetqelnoarur,19312,1485,59.637562050233086,16.641437612566133
19313,gonettos,19313,1485,50.49201079282024,22.64454499954425
19314,ajrepaqutatelsoem,19314,1485,49.57009812012747,23.75829444277283
19315,wawaseguadtimuj,19315,1485,40.55416064814423,16.878421769589558
19316,pagwiusquech,19316,1485,32.304075054843324,18.847809562305667
19317,intaokbere,19317,1485,51.94996749096568,16.20241837313868
19318,quozagchofuquuri,19318,1485,,
19319,ajrepaqutatelsoem,19319,1485,62.44515127581656,23.75829444277282
19320,leojsakpib,19320,1263,12.899392693137768,4.629335265995972
19321,tayteg,19321,1263,,
19322,intaokbere,19322,1263,13.144320316772175,3.2051364434908964
19323,ebhoinseselocool,19323,1263,,
19324,fireolalixfetnerat,19324,1263,12.4194128340832,2.9108068187150624
19325,ixkecyn,19325,1263,11.860955045767344,4.034070899436555
19326,quozagchofuquuri,19326,1263,15.448295581106924,4.295400879146729
19327,ebhoinseselocool,19327,1263,,
19328,fireolalixfetnerat,19328,1263,13.368700297128832,3.772473625997376
19329,xivyxgic,19329,1263,,
19330,xivyxgic,19330,1263,,
19331,fireolalixfetnerat,19331,1263,11.91209160587348,3.4002424639776523
19332,fiqesjearcat,19332,1263,,
19333,reuxto,19333,1263,15.78015842194642,9.28233257427063
19334,ebhoinseselocool,19334,1263,23.75829444277282,14.236629930012716
19335,ditlietan,19335,1263,10.366295175804066,3.5064320080594333
19336,ditlietan,19336,1263,11.445533974381036,3.470456356588682
19337,ebhoinseselocool,19337,1263,23.75829444277282,9.974861829862634
19338,rivelyefuvutycceb,19338,1263,17.0795678186299,4.670528320501066
19339,ixkecyn,19339,1263,15.630963820661018,3.295884575487366
19340,leojsakpib,19340,879,19.089358674604927,3.884882812495252
19341,tayteg,19341,879,23.75829444277282,23.75829444277282
19342,intaokbere,19342,879,23.75829444277282,1.619253490462258
19343,ebhoinseselocool,19343,879,23.75829444277282,23.7582944427728
19344,fireolalixfetnerat,19344,879,21.32393697849933,1.9488759942313716
19345,ixkecyn,19345,879,15.975059046689926,2.47611946959226
19346,quozagchofuquuri,19346,879,,
19347,ebhoinseselocool,19347,879,23.75829444277282,23.75829444277282
19348,fireolalixfetnerat,19348,879,19.68571444169317,2.8302403796869897
19349,xivyxgic,19349,879,13.555795068799853,4.178133161799767
19350,xivyxgic,19350,879,14.940308612795029,4.218785516847131
19351,fireolalixfetnerat,19351,879,22.129514518875236,2.2117456177942896
19352,fiqesjearcat,19352,879,21.44827730337325,2.96027786250799
19353,reuxto,19353,879,13.35744121157756,7.146729245224487
19354,ebhoinseselocool,19354,879,23.75829444277282,6.638643281703228
19355,ditlietan,19355,879,17.840243323279292,2.560347092351397
19356,ditlietan,19356,879,18.883926924625616,2.8369354636747306
19357,ebhoinseselocool,19357,879,23.75829444277282,6.456668105736465
19358,rivelyefuvutycceb,19358,879,23.112702495524207,3.5144331297321405
19359,ixkecyn,19359,879,18.5242840957108,2.7504284410924025
19360,leojsakpib,19360,394,5.725243486369849,0.5718437796463919
19361,tayteg,19361,394,,
19362,intaokbere,19362,394,5.101570411944086,0.4353905503461331
19363,ebhoinseselocool,19363,394,,
19364,fireolalixfetnerat,19364,394,5.3789699223192695,0.6280023086291224
19365,ixkecyn,19365,394,6.454166314494414,0.6994293400360543
19366,quozagchofuquuri,19366,394,4.367531454639934,0.6990093884370061
19367,ebhoinseselocool,19367,394,,
19368,fireolalixfetnerat,19368,394,3.360848459846172,0.4700513354724908
19369,xivyxgic,19369,394,4.234781183549225,1.8130049887620792
19370,xivyxgic,19370,394,,
19371,fireolalixfetnerat,19371,394,3.4525496992612656,0.6530479459498316
19372,fiqesjearcat,19372,394,5.954041997890916,0.517045552857187
19373,fiqesjearcat,19373,394,,
19374,ebhoinseselocool,19374,394,23.75829444277282,5.245720050322129
19375,ditlietan,19375,394,,
19376,ditlietan,19376,394,,
19377,ebhoinseselocool,19377,394,9.389600888174115,2.908181051865446
19378,rivelyefuvutycceb,19378,394,5.976828200371935,0.5311263055304469
19379,ixkecyn,19379,394,6.039078049047272,0.8737617355514612
19380,sombapul,19380,1445,12.6137200156932,6.196172308481813
19381,rivelyefuvutycceb,19381,1445,19.546478879435384,7.58653179907114
19382,rivelyefuvutycceb,19382,1445,17.210109758578824,7.922757689341268
19383,itseidlaelextu,19383,1445,,
19384,itseidlaelextu,19384,1445,,
19385,itseidlaelextu,19385,1445,,
19386,itseidlaelextu,19386,1445,,
19387,itseidlaelextu,19387,1445,,
19388,itseidlaelextu,19388,1445,,
19389,itseidlaelextu,19389,1445,,
19390,itseidlaelextu,19390,1445,,
19391,itseidlaelextu,19391,1445,,
19392,itseidlaelextu,19392,1445,,
19393,itseidlaelextu,19393,1445,,
19394,itseidlaelextu,19394,1445,,
19395,itseidlaelextu,19395,1445,,
19396,itseidlaelextu,19396,1445,,
19397,itseidlaelextu,19397,1445,,
19398,itseidlaelextu,19398,1445,,
19399,itseidlaelextu,19399,1445,,
19400,sombapul,19400,1295,,
19401,rivelyefuvutycceb,19401,1295,27.919567683224383,5.829895129059711
19402,rivelyefuvutycceb,19402,1295,,
19403,itseidlaelextu,19403,1295,,
19404,itseidlaelextu,19404,1295,,
19405,itseidlaelextu,19405,1295,,
19406,itseidlaelextu,19406,1295,,
19407,itseidlaelextu,19407,1295,,
19408,itseidlaelextu,19408,1295,,
19409,itseidlaelextu,19409,1295,,
19410,itseidlaelextu,19410,1295,,
19411,itseidlaelextu,19411,1295,,
19412,itseidlaelextu,19412,1295,,
19413,itseidlaelextu,19413,1295,,
19414,itseidlaelextu,19414,1295,,
19415,itseidlaelextu,19415,1295,,
19416,itseidlaelextu,19416,1295,,
19417,itseidlaelextu,19417,1295,,
19418,itseidlaelextu,19418,1295,,
19419,itseidlaelextu,19419,1295,,
19420,sombapul,19420,1103,5.862874084973146,2.767690656841064
19421,rivelyefuvutycceb,19421,1103,16.625377776206996,2.7996701799536554
19422,rivelyefuvutycceb,19422,1103,14.36574356836472,2.903856286264768
19423,itseidlaelextu,19423,1103,,
19424,itseidlaelextu,19424,1103,,
19425,itseidlaelextu,19425,1103,,
19426,itseidlaelextu,19426,1103,,
19427,itseidlaelextu,19427,1103,,
19428,itseidlaelextu,19428,1103,,
19429,itseidlaelextu,19429,1103,,
19430,itseidlaelextu,19430,1103,,
19431,itseidlaelextu,19431,1103,,
19432,itseidlaelextu,19432,1103,,
19433,itseidlaelextu,19433,1103,,
19434,itseidlaelextu,19434,1103,,
19435,itseidlaelextu,19435,1103,,
19436,itseidlaelextu,19436,1103,,
19437,itseidlaelextu,19437,1103,,
19438,itseidlaelextu,19438,1103,,
19439,itseidlaelextu,19439,1103,,
19440,sombapul,19440,146,9.39810321674646,4.007451272773427
19441,rivelyefuvutycceb,19441,146,15.370402269478715,4.368633194892006
19442,rivelyefuvutycceb,19442,146,13.59471564168132,3.7787419112249614
19443,itseidlaelextu,19443,146,,
19444,itseidlaelextu,19444,146,,
19445,itseidlaelextu,19445,146,,
19446,itseidlaelextu,19446,146,,
19447,itseidlaelextu,19447,146,,
19448,itseidlaelextu,19448,146,,
19449,itseidlaelextu,19449,146,,
19450,itseidlaelextu,19450,146,,
19451,itseidlaelextu,19451,146,,
19452,itseidlaelextu,19452,146,,
19453,itseidlaelextu,19453,146,,
19454,itseidlaelextu,19454,146,,
19455,itseidlaelextu,19455,146,,
19456,itseidlaelextu,19456,146,,
19457,itseidlaelextu,19457,146,,
19458,itseidlaelextu,19458,146,,
19459,itseidlaelextu,19459,146,,
19460,sombapul,19460,479,9.348969420660978,5.09038624426798
19461,rivelyefuvutycceb,19461,479,15.35899566133932,5.599340359938281
19462,rivelyefuvutycceb,19462,479,18.03554513715722,5.213335465258454
19463,itseidlaelextu,19463,479,,
19464,itseidlaelextu,19464,479,,
19465,itseidlaelextu,19465,479,,
19466,itseidlaelextu,19466,479,,
19467,itseidlaelextu,19467,479,,
19468,itseidlaelextu,19468,479,,
19469,itseidlaelextu,19469,479,,
19470,itseidlaelextu,19470,479,,
19471,itseidlaelextu,19471,479,,
19472,itseidlaelextu,19472,479,,
19473,itseidlaelextu,19473,479,,
19474,itseidlaelextu,19474,479,,
19475,itseidlaelextu,19475,479,,
19476,itseidlaelextu,19476,479,,
19477,itseidlaelextu,19477,479,,
19478,itseidlaelextu,19478,479,,
19479,itseidlaelextu,19479,479,,
19480,sombapul,19480,1915,5.605187114611857,2.0055774713408625
19481,rivelyefuvutycceb,19481,1915,7.616297813184887,2.134573175925916
19482,rivelyefuvutycceb,19482,1915,7.097189020601952,1.870381820845164
19483,itseidlaelextu,19483,1915,,
19484,itseidlaelextu,19484,1915,,
19485,itseidlaelextu,19485,1915,,
19486,itseidlaelextu,19486,1915,,
19487,itseidlaelextu,19487,1915,,
19488,itseidlaelextu,19488,1915,,
19489,itseidlaelextu,19489,1915,,
19490,itseidlaelextu,19490,1915,,
19491,itseidlaelextu,19491,1915,,
19492,itseidlaelextu,19492,1915,,
19493,itseidlaelextu,19493,1915,,
19494,itseidlaelextu,19494,1915,,
19495,itseidlaelextu,19495,1915,,
19496,itseidlaelextu,19496,1915,,
19497,itseidlaelextu,19497,1915,,
19498,itseidlaelextu,19498,1915,,
19499,itseidlaelextu,19499,1915,,
19500,itseidlaelextu,19500,1154,,
19501,itseidlaelextu,19501,1154,,
19502,itseidlaelextu,19502,1154,,
19503,itseidlaelextu,19503,1154,,
19504,itseidlaelextu,19504,1154,,
19505,itseidlaelextu,19505,1154,,
19506,itseidlaelextu,19506,1154,,
19507,itseidlaelextu,19507,1154,,
19508,rivelyefuvutycceb,19508,1154,7.584221813110386,3.4149193688021
19509,dorigivnyursuez,19509,1154,,
19510,ditlietan,19510,1154,,
19511,edlenyredagadne,19511,1154,,
19512,rivelyefuvutycceb,19512,1154,9.368059670301797,2.4195753918988263
19513,pagwiusquech,19513,1154,,
19514,rivelyefuvutycceb,19514,1154,8.702631830769343,2.391206491931157
19515,ditlietan,19515,1154,,
19516,alzunderet,19516,1154,,
19517,enzeobrunelic,19517,1154,6.227494738095197,1.4055598378598024
19518,gonettos,19518,1154,,
19519,wawaseguadtimuj,19519,1154,,
19520,itseidlaelextu,19520,1834,,
19521,itseidlaelextu,19521,1834,,
19522,itseidlaelextu,19522,1834,,
19523,itseidlaelextu,19523,1834,,
19524,itseidlaelextu,19524,1834,,
19525,itseidlaelextu,19525,1834,,
19526,itseidlaelextu,19526,1834,,
19527,itseidlaelextu,19527,1834,,
19528,rivelyefuvutycceb,19528,1834,10.56499556565219,2.729438944167662
19529,dorigivnyursuez,19529,1834,11.059214402177654,3.501866552428293
19530,ditlietan,19530,1834,8.252080832693728,2.3510825254048973
19531,edlenyredagadne,19531,1834,,
19532,rivelyefuvutycceb,19532,1834,12.422454146129642,2.723651111671442
19533,pagwiusquech,19533,1834,,
19534,rivelyefuvutycceb,19534,1834,11.55991761058886,3.059992897612643
19535,ditlietan,19535,1834,8.938704319218763,2.4743722812456634
19536,alzunderet,19536,1834,,
19537,enzeobrunelic,19537,1834,9.013008743676988,2.74198320855312
19538,gonettos,19538,1834,11.34648732640572,4.721548417490741
19539,wawaseguadtimuj,19539,1834,14.10373284479368,2.7995010500840816
19540,itseidlaelextu,19540,297,,
19541,itseidlaelextu,19541,297,,
19542,itseidlaelextu,19542,297,,
19543,itseidlaelextu,19543,297,,
19544,itseidlaelextu,19544,297,,
19545,itseidlaelextu,19545,297,,
19546,itseidlaelextu,19546,297,,
19547,itseidlaelextu,19547,297,,
19548,rivelyefuvutycceb,19548,297,23.75829444277282,6.967280924714386
19549,dorigivnyursuez,19549,297,42.8482607336256,7.837720694882143
19550,ditlietan,19550,297,23.440011741607087,8.010181878617429
19551,edlenyredagadne,19551,297,,
19552,rivelyefuvutycceb,19552,297,36.95796281070787,5.879860836613437
19553,pagwiusquech,19553,297,18.516189848966413,6.457636388476909
19554,rivelyefuvutycceb,19554,297,32.590513605642805,7.439060742442868
19555,ditlietan,19555,297,29.700441232240408,6.885866148667212
19556,alzunderet,19556,297,23.75829444277282,23.7582944427728
19557,enzeobrunelic,19557,297,24.680908210316318,6.109619223047946
19558,gonettos,19558,297,29.680008324953125,10.427008948139685
19559,wawaseguadtimuj,19559,297,,
19560,itseidlaelextu,19560,1450,,
19561,itseidlaelextu,19561,1450,,
19562,itseidlaelextu,19562,1450,,
19563,itseidlaelextu,19563,1450,,
19564,itseidlaelextu,19564,1450,,
19565,itseidlaelextu,19565,1450,,
19566,itseidlaelextu,19566,1450,,
19567,itseidlaelextu,19567,1450,,
19568,rivelyefuvutycceb,19568,1450,7.900417697837581,2.9377640141564254
19569,dorigivnyursuez,19569,1450,,
19570,ditlietan,19570,1450,,
19571,edlenyredagadne,19571,1450,,
19572,rivelyefuvutycceb,19572,1450,8.602699826840556,2.685179075966793
19573,pagwiusquech,19573,1450,,
19574,rivelyefuvutycceb,19574,1450,8.220048032210928,3.483827904337839
19575,ditlietan,19575,1450,,
19576,alzunderet,19576,1450,,
19577,enzeobrunelic,19577,1450,5.641452538954911,1.2311624124101843
19578,gonettos,19578,1450,,
19579,wawaseguadtimuj,19579,1450,,
19580,itseidlaelextu,19580,1816,,
19581,itseidlaelextu,19581,1816,,
19582,itseidlaelextu,19582,1816,,
19583,itseidlaelextu,19583,1816,,
19584,itseidlaelextu,19584,1816,,
19585,itseidlaelextu,19585,1816,,
19586,itseidlaelextu,19586,1816,,
19587,itseidlaelextu,19587,1816,,
19588,rivelyefuvutycceb,19588,1816,16.51208293384552,5.614092859574077
19589,dorigivnyursuez,19589,1816,15.58099858709036,5.892848625726037
19590,ditlietan,19590,1816,15.310336149127355,5.881825536577877
19591,edlenyredagadne,19591,1816,10.912633032316377,4.610921526161891
19592,rivelyefuvutycceb,19592,1816,18.5747199181717,7.606403059156865
19593,pagwiusquech,19593,1816,13.829703172723992,5.257499792283357
19594,rivelyefuvutycceb,19594,1816,16.05875856068057,6.920669386855018
19595,ditlietan,19595,1816,12.667972889443805,5.506351644576195
19596,alzunderet,19596,1816,,
19597,enzeobrunelic,19597,1816,16.058604444058,5.659961310390257
19598,gonettos,19598,1816,18.80958642503456,6.547609584131713
19599,wawaseguadtimuj,19599,1816,,
19600,pagwiusquech,19600,1921,,
19601,wawaseguadtimuj,19601,1921,,
19602,tamabupvamcojota,19602,1921,,
19603,itseidlaelextu,19603,1921,,
19604,itseidlaelextu,19604,1921,,
19605,itseidlaelextu,19605,1921,,
19606,pagwiusquech,19606,1921,,
19607,itseidlaelextu,19607,1921,,
19608,itseidlaelextu,19608,1921,,
19609,itseidlaelextu,19609,1921,,
19610,pagwiusquech,19610,1921,,
19611,itseidlaelextu,19611,1921,,
19612,itseidlaelextu,19612,1921,,
19613,pagwiusquech,19613,1921,,
19614,pagwiusquech,19614,1921,,
19615,ixkecyn,19615,1921,,
19616,pagwiusquech,19616,1921,,
19617,pagwiusquech,19617,1921,,
19618,pagwiusquech,19618,1921,,
19619,pagwiusquech,19619,1921,,
19620,pagwiusquech,19620,792,17.426542874540814,7.802697190681973
19621,wawaseguadtimuj,19621,792,,
19622,tamabupvamcojota,19622,792,23.75829444277281,3.575752639267689
19623,itseidlaelextu,19623,792,,
19624,itseidlaelextu,19624,792,,
19625,itseidlaelextu,19625,792,,
19626,pagwiusquech,19626,792,21.01887735174192,7.621527051841044
19627,itseidlaelextu,19627,792,,
19628,itseidlaelextu,19628,792,,
19629,itseidlaelextu,19629,792,,
19630,pagwiusquech,19630,792,21.174710242654843,7.938351286025716
19631,itseidlaelextu,19631,792,,
19632,itseidlaelextu,19632,792,,
19633,pagwiusquech,19633,792,15.517197008614964,6.1311489478844905
19634,pagwiusquech,19634,792,17.062550374843383,5.857989373687766
19635,ixkecyn,19635,792,20.416795843953505,3.453846520761648
19636,pagwiusquech,19636,792,14.000724988090903,6.4158931235653
19637,pagwiusquech,19637,792,,
19638,pagwiusquech,19638,792,,
19639,pagwiusquech,19639,792,23.75829444277282,5.325096269364017
19640,pagwiusquech,19640,1650,20.11962917152833,7.0908273355322455
19641,wawaseguadtimuj,19641,1650,,
19642,tamabupvamcojota,19642,1650,25.40370627482766,3.709565983885468
19643,itseidlaelextu,19643,1650,,
19644,itseidlaelextu,19644,1650,,
19645,itseidlaelextu,19645,1650,,
19646,pagwiusquech,19646,1650,20.29805987179658,8.027614503143061
19647,itseidlaelextu,19647,1650,,
19648,itseidlaelextu,19648,1650,,
19649,itseidlaelextu,19649,1650,,
19650,pagwiusquech,19650,1650,13.525950633434444,7.1786136039131625
19651,itseidlaelextu,19651,1650,,
19652,itseidlaelextu,19652,1650,,
19653,pagwiusquech,19653,1650,18.454695628459493,6.707815100714646
19654,pagwiusquech,19654,1650,14.47652071810168,5.332810609891892
19655,ixkecyn,19655,1650,14.446821554557548,3.732200405096166
19656,pagwiusquech,19656,1650,23.75829444277282,8.339707813528728
19657,pagwiusquech,19657,1650,,
19658,pagwiusquech,19658,1650,,
19659,pagwiusquech,19659,1650,20.787627518786696,7.086881839456377
19660,pagwiusquech,19660,702,10.905232564957716,4.643949254139629
19661,wawaseguadtimuj,19661,702,15.018341423702822,5.864323813630839
19662,tamabupvamcojota,19662,702,29.18279288465872,4.103399924620839
19663,itseidlaelextu,19663,702,,
19664,itseidlaelextu,19664,702,,
19665,itseidlaelextu,19665,702,,
19666,pagwiusquech,19666,702,17.778883135754192,6.429677166532273
19667,itseidlaelextu,19667,702,,
19668,itseidlaelextu,19668,702,,
19669,itseidlaelextu,19669,702,,
19670,pagwiusquech,19670,702,,
19671,itseidlaelextu,19671,702,,
19672,itseidlaelextu,19672,702,,
19673,pagwiusquech,19673,702,15.80622848611341,5.646525145357885
19674,pagwiusquech,19674,702,13.377403459725285,5.518178261954574
19675,ixkecyn,19675,702,20.41679584399217,3.3763549517002933
19676,pagwiusquech,19676,702,14.007046943793798,5.358024725337619
19677,pagwiusquech,19677,702,,
19678,pagwiusquech,19678,702,23.75829444277283,23.7582944427728
19679,pagwiusquech,19679,702,16.903281544163978,6.23166628530464
19680,pagwiusquech,19680,245,,
19681,wawaseguadtimuj,19681,245,,
19682,tamabupvamcojota,19682,245,12.451914240818718,1.8990369770970843
19683,itseidlaelextu,19683,245,,
19684,itseidlaelextu,19684,245,,
19685,itseidlaelextu,19685,245,,
19686,pagwiusquech,19686,245,,
19687,itseidlaelextu,19687,245,,
19688,itseidlaelextu,19688,245,,
19689,itseidlaelextu,19689,245,,
19690,pagwiusquech,19690,245,,
19691,itseidlaelextu,19691,245,,
19692,itseidlaelextu,19692,245,,
19693,pagwiusquech,19693,245,,
19694,pagwiusquech,19694,245,,
19695,ixkecyn,19695,245,,
19696,pagwiusquech,19696,245,,
19697,pagwiusquech,19697,245,,
19698,pagwiusquech,19698,245,,
19699,pagwiusquech,19699,245,,
19700,pagwiusquech,19700,1708,,
19701,pagwiusquech,19701,1708,,
19702,qelaebwaxvaces,19702,1708,,
19703,xivyxgic,19703,1708,,
19704,xivyxgic,19704,1708,,
19705,edlenyredagadne,19705,1708,,
19706,enzeobrunelic,19706,1708,10.30381465876997,1.9158493427953125
19707,xivyxgic,19707,1708,,
19708,obtaochronbi,19708,1708,9.030022116608,2.681094085346351
19709,xivyxgic,19709,1708,,
19710,xivyxgic,19710,1708,,
19711,xivyxgic,19711,1708,,
19712,xivyxgic,19712,1708,,
19713,ixkecyn,19713,1708,,
19714,furuqzibumehew,19714,1708,,
19715,obtaochronbi,19715,1708,6.795191101079522,2.3992676302372797
19716,furuqzibumehew,19716,1708,,
19717,ixkecyn,19717,1708,,
19718,furuqzibumehew,19718,1708,,
19719,obtaochronbi,19719,1708,7.329599918498111,2.435767184612713
19720,pagwiusquech,19720,1922,,
19721,pagwiusquech,19721,1922,,
19722,qelaebwaxvaces,19722,1922,,
19723,xivyxgic,19723,1922,,
19724,xivyxgic,19724,1922,,
19725,edlenyredagadne,19725,1922,,
19726,enzeobrunelic,19726,1922,8.147744843674324,1.226742136209864
19727,xivyxgic,19727,1922,,
19728,obtaochronbi,19728,1922,,
19729,xivyxgic,19729,1922,,
19730,xivyxgic,19730,1922,,
19731,xivyxgic,19731,1922,,
19732,xivyxgic,19732,1922,,
19733,ixkecyn,19733,1922,,
19734,furuqzibumehew,19734,1922,,
19735,obtaochronbi,19735,1922,6.918365153695159,2.804845314026644
19736,furuqzibumehew,19736,1922,,
19737,ixkecyn,19737,1922,8.796940986165755,1.4814360016140464
19738,furuqzibumehew,19738,1922,,
19739,obtaochronbi,19739,1922,,
19740,hagusro,19740,752,,
19741,furuqzibumehew,19741,752,,
19742,obtaochronbi,19742,752,4.900860953752689,1.789038129874854
19743,ixkecyn,19743,752,,
19744,esleolrador,19744,752,,
19745,tehsidetegenichurgew,19745,752,8.008396919443317,1.809600585998742
19746,edlenyredagadne,19746,752,,
19747,ditlietan,19747,752,,
19748,obtaochronbi,19748,752,5.76699293736973,1.9219702828086156
19749,tehsidetegenichurgew,19749,752,,
19750,edlenyredagadne,19750,752,,
19751,edlenyredagadne,19751,752,4.316803450012524,0.8567345121578308
19752,ibteonqonor,19752,752,,
19753,irutorob,19753,752,5.0682625794867535,1.1622654000024388
19754,edlenyredagadne,19754,752,3.719900377510717,0.6995342144945186
19755,wawaseguadtimuj,19755,752,,
19756,ajrepaqutatelsoem,19756,752,19.315493381974303,1.0521484577881428
19757,edlenyredagadne,19757,752,,
19758,ajrepaqutatelsoem,19758,752,8.977703545628847,1.9992877003996796
19759,ditlietan,19759,752,,
19760,hagusro,19760,2304,44.925237057516775,14.810541393644709
19761,furuqzibumehew,19761,2304,26.62931346403537,15.631264388705796
19762,obtaochronbi,19762,2304,31.78056256378207,16.702136790840513
19763,ixkecyn,19763,2304,40.22272252019998,11.954899899081996
19764,esleolrador,19764,2304,39.45678057354824,16.66676175585462
19765,tehsidetegenichurgew,19765,2304,34.81225098183183,18.84599097675414
19766,edlenyredagadne,19766,2304,,
19767,ditlietan,19767,2304,29.972512569786623,14.014378174870435
19768,obtaochronbi,19768,2304,27.045995705160877,15.519604825822784
19769,tehsidetegenichurgew,19769,2304,30.64397280739348,18.51795002018975
19770,edlenyredagadne,19770,2304,28.50845371279749,14.745448630447632
19771,edlenyredagadne,19771,2304,31.26171703409575,13.882383961394824
19772,ibteonqonor,19772,2304,,
19773,irutorob,19773,2304,27.744763761913934,13.45238195928146
19774,edlenyredagadne,19774,2304,,
19775,wawaseguadtimuj,19775,2304,33.60137889584502,14.806826046901362
19776,ajrepaqutatelsoem,19776,2304,42.519008341925804,17.84767654261396
19777,edlenyredagadne,19777,2304,,
19778,ajrepaqutatelsoem,19778,2304,39.98224185598364,16.948002218436685
19779,ditlietan,19779,2304,31.458086152122565,14.76134848962458
19780,ditlietan,19780,1238,,
19781,wawaseguadtimuj,19781,1238,,
19782,ajrepaqutatelsoem,19782,1238,15.10914533986382,4.19356621125643
19783,edlenyredagadne,19783,1238,,
19784,wawaseguadtimuj,19784,1238,,
19785,enzeobrunelic,19785,1238,4.143978142644857,1.3450299415981293
19786,olepneet,19786,1238,,
19787,ditlietan,19787,1238,,
19788,wawaseguadtimuj,19788,1238,,
19789,wawaseguadtimuj,19789,1238,,
19790,ardoro,19790,1238,,
19791,wawaseguadtimuj,19791,1238,,
19792,ardoro,19792,1238,,
19793,wawaseguadtimuj,19793,1238,,
19794,gonettos,19794,1238,,
19795,itseidlaelextu,19795,1238,,
19796,itseidlaelextu,19796,1238,,
19797,itseidlaelextu,19797,1238,,
19798,itseidlaelextu,19798,1238,,
19799,itseidlaelextu,19799,1238,,
19800,ditlietan,19800,209,13.43859437606586,4.341914052894598
19801,wawaseguadtimuj,19801,209,12.74127103556082,3.706779842508368
19802,ajrepaqutatelsoem,19802,209,28.744258399479037,3.800342037986937
19803,edlenyredagadne,19803,209,10.389759874584731,3.1600033342444465
19804,wawaseguadtimuj,19804,209,13.753487327389314,5.540085100901846
19805,enzeobrunelic,19805,209,12.594298724711717,3.224118873373078
19806,olepneet,19806,209,11.261707271547252,3.150392740017534
19807,ditlietan,19807,209,10.464881489420865,3.7687394439445634
19808,wawaseguadtimuj,19808,209,12.51036418141129,3.681303390471809
19809,wawaseguadtimuj,19809,209,12.94229615512532,4.023101153888777
19810,ardoro,19810,209,15.910565720885772,5.349748838089902
19811,wawaseguadtimuj,19811,209,14.446821554615754,4.472759453626622
19812,ardoro,19812,209,14.314023435957854,5.284127277878676
19813,wawaseguadtimuj,19813,209,15.401265237583072,4.18338556308977
19814,gonettos,19814,209,15.568950969044046,4.268519214937915
19815,itseidlaelextu,19815,209,,
19816,itseidlaelextu,19816,209,,
19817,itseidlaelextu,19817,209,,
19818,itseidlaelextu,19818,209,,
19819,itseidlaelextu,19819,209,,
19820,ditlietan,19820,919,4.525003989736717,0.9645617300433152
19821,wawaseguadtimuj,19821,919,,
19822,ajrepaqutatelsoem,19822,919,7.888098745241977,1.521912902106745
19823,edlenyredagadne,19823,919,,
19824,wawaseguadtimuj,19824,919,,
19825,enzeobrunelic,19825,919,4.23103518499037,0.8649799876749448
19826,olepneet,19826,919,,
19827,ditlietan,19827,919,,
19828,wawaseguadtimuj,19828,919,,
19829,wawaseguadtimuj,19829,919,,
19830,ardoro,19830,919,,
19831,wawaseguadtimuj,19831,919,,
19832,ardoro,19832,919,6.223517862611576,1.6494365106565214
19833,wawaseguadtimuj,19833,919,,
19834,gonettos,19834,919,,
19835,itseidlaelextu,19835,919,,
19836,itseidlaelextu,19836,919,,
19837,itseidlaelextu,19837,919,,
19838,itseidlaelextu,19838,919,,
19839,itseidlaelextu,19839,919,,
19840,itseidlaelextu,19840,1474,,
19841,itseidlaelextu,19841,1474,,
19842,itseidlaelextu,19842,1474,,
19843,itseidlaelextu,19843,1474,,
19844,itseidlaelextu,19844,1474,,
19845,itseidlaelextu,19845,1474,,
19846,itseidlaelextu,19846,1474,,
19847,itseidlaelextu,19847,1474,,
19848,itseidlaelextu,19848,1474,,
19849,itseidlaelextu,19849,1474,,
19850,itseidlaelextu,19850,1474,,
19851,itseidlaelextu,19851,1474,,
19852,itintiwuletustyrec,19852,1474,,
19853,wawaseguadtimuj,19853,1474,80.86996469698475,40.140331854590464
19854,ottowyc,19854,1474,67.70948767215083,48.64616513801592
19855,tehsidetegenichurgew,19855,1474,,
19856,tayteg,19856,1474,,
19857,tayteg,19857,1474,,
19858,tayteg,19858,1474,,
19859,tayteg,19859,1474,,
19860,itseidlaelextu,19860,112,,
19861,itseidlaelextu,19861,112,,
19862,itseidlaelextu,19862,112,,
19863,itseidlaelextu,19863,112,,
19864,itseidlaelextu,19864,112,,
19865,itseidlaelextu,19865,112,,
19866,itseidlaelextu,19866,112,,
19867,itseidlaelextu,19867,112,,
19868,itseidlaelextu,19868,112,,
19869,itseidlaelextu,19869,112,,
19870,itseidlaelextu,19870,112,,
19871,itseidlaelextu,19871,112,,
19872,itintiwuletustyrec,19872,112,36.060218212967015,16.62576223234747
19873,wawaseguadtimuj,19873,112,41.84335635858782,15.183707376856685
19874,ottowyc,19874,112,25.382682977928138,14.887853095132163
19875,tehsidetegenichurgew,19875,112,27.608009218879165,16.877055392301408
19876,tayteg,19876,112,,
19877,tayteg,19877,112,,
19878,tayteg,19878,112,,
19879,tayteg,19879,112,,
19880,itseidlaelextu,19880,325,,
19881,itseidlaelextu,19881,325,,
19882,itseidlaelextu,19882,325,,
19883,itseidlaelextu,19883,325,,
19884,itseidlaelextu,19884,325,,
19885,itseidlaelextu,19885,325,,
19886,itseidlaelextu,19886,325,,
19887,itseidlaelextu,19887,325,,
19888,itseidlaelextu,19888,325,,
19889,itseidlaelextu,19889,325,,
19890,itseidlaelextu,19890,325,,
19891,itseidlaelextu,19891,325,,
19892,itintiwuletustyrec,19892,325,7.412375240718434,3.017887270957282
19893,wawaseguadtimuj,19893,325,,
19894,ottowyc,19894,325,12.561106634020192,5.826198336607868
19895,tehsidetegenichurgew,19895,325,13.456308486600594,5.34087086672737
19896,tayteg,19896,325,23.75829444277282,23.75829444277282
19897,tayteg,19897,325,23.75829444277282,23.75829444277282
19898,tayteg,19898,325,,
19899,tayteg,19899,325,,
19900,tayteg,19900,292,,
19901,tayteg,19901,292,,
19902,tayteg,19902,292,,
19903,tayteg,19903,292,,
19904,tayteg,19904,292,,
19905,tayteg,19905,292,,
19906,tayteg,19906,292,,
19907,tayteg,19907,292,,
19908,tayteg,19908,292,,
19909,tayteg,19909,292,,
19910,tayteg,19910,292,,
19911,tayteg,19911,292,,
19912,tayteg,19912,292,,
19913,ottowyc,19913,292,22.937743386291,15.121890006652077
19914,edlenyredagadne,19914,292,,
19915,nindudhevpertumneov,19915,292,,
19916,tayteg,19916,292,,
19917,tehsidetegenichurgew,19917,292,26.83485522914456,13.65816507752524
19918,inudkeda,19918,292,39.95808291719654,11.487605632786632
19919,edlenyredagadne,19919,292,,
19920,tayteg,19920,1802,,
19921,tayteg,19921,1802,,
19922,tayteg,19922,1802,,
19923,tayteg,19923,1802,,
19924,tayteg,19924,1802,,
19925,tayteg,19925,1802,,
19926,tayteg,19926,1802,,
19927,tayteg,19927,1802,,
19928,tayteg,19928,1802,,
19929,tayteg,19929,1802,,
19930,tayteg,19930,1802,,
19931,tayteg,19931,1802,,
19932,tayteg,19932,1802,,
19933,ottowyc,19933,1802,15.8074545455599,8.309195638711175
19934,edlenyredagadne,19934,1802,11.86449362375484,5.773070943040678
19935,nindudhevpertumneov,19935,1802,19.48288981810684,11.048065325079188
19936,tayteg,19936,1802,,
19937,tehsidetegenichurgew,19937,1802,,
19938,inudkeda,19938,1802,21.44371154276259,8.052533819573053
19939,edlenyredagadne,19939,1802,10.62892997970656,6.2656135819340975
19940,tayteg,19940,927,,
19941,tayteg,19941,927,,
19942,tayteg,19942,927,,
19943,tayteg,19943,927,,
19944,tayteg,19944,927,23.758294442772826,23.7582944427728
19945,tayteg,19945,927,,
19946,tayteg,19946,927,,
19947,tayteg,19947,927,,
19948,tayteg,19948,927,,
19949,tayteg,19949,927,23.75829444277282,23.75829444277282
19950,tayteg,19950,927,,
19951,tayteg,19951,927,,
19952,tayteg,19952,927,,
19953,ottowyc,19953,927,12.213830315201744,3.714179204380432
19954,edlenyredagadne,19954,927,,
19955,nindudhevpertumneov,19955,927,,
19956,tayteg,19956,927,,
19957,tehsidetegenichurgew,19957,927,13.633957133469774,5.260923690704936
19958,inudkeda,19958,927,10.892683372012836,3.9031751070303486
19959,edlenyredagadne,19959,927,,
19960,teamfinosakilechlun,19960,137,,
19961,qelaebwaxvaces,19961,137,,
19962,edlenyredagadne,19962,137,8.082510393082044,2.4312737526391084
19963,tehsidetegenichurgew,19963,137,,
19964,qelaebwaxvaces,19964,137,,
19965,teamfinosakilechlun,19965,137,,
19966,teamfinosakilechlun,19966,137,,
19967,teamfinosakilechlun,19967,137,,
19968,teamfinosakilechlun,19968,137,,
19969,teamfinosakilechlun,19969,137,,
19970,teamfinosakilechlun,19970,137,,
19971,teamfinosakilechlun,19971,137,,
19972,teamfinosakilechlun,19972,137,,
19973,teamfinosakilechlun,19973,137,,
19974,teamfinosakilechlun,19974,137,,
19975,teamfinosakilechlun,19975,137,,
19976,teamfinosakilechlun,19976,137,,
19977,teamfinosakilechlun,19977,137,,
19978,teamfinosakilechlun,19978,137,,
19979,teamfinosakilechlun,19979,137,,
19980,teamfinosakilechlun,19980,2165,,
19981,qelaebwaxvaces,19981,2165,23.75829444277283,8.419716485419283
19982,edlenyredagadne,19982,2165,12.616244519524166,6.17665043124157
19983,tehsidetegenichurgew,19983,2165,,
19984,qelaebwaxvaces,19984,2165,23.7582944427728,8.906346552697661
19985,teamfinosakilechlun,19985,2165,,
19986,teamfinosakilechlun,19986,2165,,
19987,teamfinosakilechlun,19987,2165,,
19988,teamfinosakilechlun,19988,2165,,
19989,teamfinosakilechlun,19989,2165,,
19990,teamfinosakilechlun,19990,2165,,
19991,teamfinosakilechlun,19991,2165,,
19992,teamfinosakilechlun,19992,2165,,
19993,teamfinosakilechlun,19993,2165,,
19994,teamfinosakilechlun,19994,2165,,
19995,teamfinosakilechlun,19995,2165,,
19996,teamfinosakilechlun,19996,2165,,
19997,teamfinosakilechlun,19997,2165,,
19998,teamfinosakilechlun,19998,2165,,
19999,teamfinosakilechlun,19999,2165,,
20000,teamfinosakilechlun,20000,1718,,
20001,qelaebwaxvaces,20001,1718,11.975023941618227,4.1880308878136265
20002,edlenyredagadne,20002,1718,9.004635912258507,1.8466832413126448
20003,tehsidetegenichurgew,20003,1718,12.61612613023972,4.906968544880564
20004,qelaebwaxvaces,20004,1718,13.991294413474735,4.241190252434237
20005,teamfinosakilechlun,20005,1718,,
20006,teamfinosakilechlun,20006,1718,,
20007,teamfinosakilechlun,20007,1718,,
20008,teamfinosakilechlun,20008,1718,,
20009,teamfinosakilechlun,20009,1718,,
20010,teamfinosakilechlun,20010,1718,,
20011,teamfinosakilechlun,20011,1718,,
20012,teamfinosakilechlun,20012,1718,,
20013,teamfinosakilechlun,20013,1718,,
20014,teamfinosakilechlun,20014,1718,,
20015,teamfinosakilechlun,20015,1718,,
20016,teamfinosakilechlun,20016,1718,,
20017,teamfinosakilechlun,20017,1718,,
20018,teamfinosakilechlun,20018,1718,,
20019,teamfinosakilechlun,20019,1718,,
20020,teamfinosakilechlun,20020,1159,23.75829444277282,23.75829444277282
20021,qelaebwaxvaces,20021,1159,36.61728923177501,15.37981994134248
20022,edlenyredagadne,20022,1159,,
20023,tehsidetegenichurgew,20023,1159,19.213720566679417,8.773837003794519
20024,qelaebwaxvaces,20024,1159,33.785076061833486,15.364209888453658
20025,teamfinosakilechlun,20025,1159,23.75829444277282,23.7582944427728
20026,teamfinosakilechlun,20026,1159,23.75829444277282,23.7582944427728
20027,teamfinosakilechlun,20027,1159,,
20028,teamfinosakilechlun,20028,1159,23.75829444277284,23.75829444277282
20029,teamfinosakilechlun,20029,1159,23.75829444277282,23.75829444277282
20030,teamfinosakilechlun,20030,1159,23.75829444277282,23.75829444277282
20031,teamfinosakilechlun,20031,1159,23.75829444277282,23.75829444277282
20032,teamfinosakilechlun,20032,1159,23.75829444277283,23.75829444277282
20033,teamfinosakilechlun,20033,1159,23.75829444277282,23.75829444277282
20034,teamfinosakilechlun,20034,1159,23.75829444277282,23.758294442772787
20035,teamfinosakilechlun,20035,1159,23.75829444277282,23.75829444277282
20036,teamfinosakilechlun,20036,1159,23.75829444277282,23.75829444277282
20037,teamfinosakilechlun,20037,1159,23.75829444277283,23.75829444277282
20038,teamfinosakilechlun,20038,1159,23.75829444277282,23.7582944427728
20039,teamfinosakilechlun,20039,1159,23.75829444277283,23.75829444277282
20040,teamfinosakilechlun,20040,92,,
20041,qelaebwaxvaces,20041,92,8.767676823233153,3.065358948477934
20042,edlenyredagadne,20042,92,6.245899089554796,1.166889938258387
20043,tehsidetegenichurgew,20043,92,11.663731079556095,2.775800586507918
20044,qelaebwaxvaces,20044,92,11.450465920491975,3.4050415755583296
20045,teamfinosakilechlun,20045,92,,
20046,teamfinosakilechlun,20046,92,,
20047,teamfinosakilechlun,20047,92,,
20048,teamfinosakilechlun,20048,92,,
20049,teamfinosakilechlun,20049,92,,
20050,teamfinosakilechlun,20050,92,,
20051,teamfinosakilechlun,20051,92,,
20052,teamfinosakilechlun,20052,92,,
20053,teamfinosakilechlun,20053,92,,
20054,teamfinosakilechlun,20054,92,,
20055,teamfinosakilechlun,20055,92,,
20056,teamfinosakilechlun,20056,92,,
20057,teamfinosakilechlun,20057,92,,
20058,teamfinosakilechlun,20058,92,,
20059,teamfinosakilechlun,20059,92,,
20060,teamfinosakilechlun,20060,240,,
20061,qelaebwaxvaces,20061,240,13.09129449907101,6.277721165266883
20062,edlenyredagadne,20062,240,10.837043559268142,5.2695950655163
20063,tehsidetegenichurgew,20063,240,16.079124434817547,7.327366122636979
20064,qelaebwaxvaces,20064,240,13.188882763220164,5.888761180866652
20065,teamfinosakilechlun,20065,240,,
20066,teamfinosakilechlun,20066,240,,
20067,teamfinosakilechlun,20067,240,,
20068,teamfinosakilechlun,20068,240,,
20069,teamfinosakilechlun,20069,240,,
20070,teamfinosakilechlun,20070,240,,
20071,teamfinosakilechlun,20071,240,,
20072,teamfinosakilechlun,20072,240,,
20073,teamfinosakilechlun,20073,240,,
20074,teamfinosakilechlun,20074,240,,
20075,teamfinosakilechlun,20075,240,,
20076,teamfinosakilechlun,20076,240,,
20077,teamfinosakilechlun,20077,240,,
20078,teamfinosakilechlun,20078,240,,
20079,teamfinosakilechlun,20079,240,,
20080,teamfinosakilechlun,20080,406,,
20081,ovaftequaat,20081,406,25.01112163751069,10.832748229236936
20082,teamfinosakilechlun,20082,406,,
20083,tehsidetegenichurgew,20083,406,21.32468898619241,10.336130606378982
20084,ovaftequaat,20084,406,24.114540444657862,10.243027190662596
20085,ovaftequaat,20085,406,22.47076491188905,11.244713726424518
20086,upzinicaropgyik,20086,406,,
20087,tehsidetegenichurgew,20087,406,21.269379405761526,12.626176856866358
20088,tehsidetegenichurgew,20088,406,23.15799882094973,10.992849035806747
20089,upzinicaropgyik,20089,406,,
20090,tehsidetegenichurgew,20090,406,25.86989180961525,12.307807453754936
20091,tehsidetegenichurgew,20091,406,24.825791349397555,13.240085370961124
20092,ardoro,20092,406,26.186937346286957,12.179169479048833
20093,ardoro,20093,406,24.917033226872327,11.06086646464689
20094,itseidlaelextu,20094,406,,
20095,tayteg,20095,406,23.758294442772826,23.75829444277282
20096,tayteg,20096,406,,
20097,tayteg,20097,406,23.75829444277282,23.75829444277282
20098,tayteg,20098,406,,
20099,tayteg,20099,406,23.75829444277282,23.75829444277282
20100,teamfinosakilechlun,20100,1845,,
20101,ovaftequaat,20101,1845,,
20102,teamfinosakilechlun,20102,1845,,
20103,tehsidetegenichurgew,20103,1845,,
20104,ovaftequaat,20104,1845,,
20105,ovaftequaat,20105,1845,,
20106,upzinicaropgyik,20106,1845,,
20107,tehsidetegenichurgew,20107,1845,,
20108,tehsidetegenichurgew,20108,1845,,
20109,upzinicaropgyik,20109,1845,23.75829444277282,1.1574647843721932
20110,tehsidetegenichurgew,20110,1845,,
20111,tehsidetegenichurgew,20111,1845,,
20112,ardoro,20112,1845,,
20113,ardoro,20113,1845,,
20114,itseidlaelextu,20114,1845,,
20115,tayteg,20115,1845,,
20116,tayteg,20116,1845,,
20117,tayteg,20117,1845,,
20118,tayteg,20118,1845,,
20119,tayteg,20119,1845,,
20120,teamfinosakilechlun,20120,1135,,
20121,ovaftequaat,20121,1135,15.6213848848547,4.119744352336566
20122,teamfinosakilechlun,20122,1135,,
20123,tehsidetegenichurgew,20123,1135,13.529884863526783,6.014790628203381
20124,ovaftequaat,20124,1135,14.873477696393632,4.556983686345326
20125,ovaftequaat,20125,1135,15.805188118615936,5.066311356420781
20126,upzinicaropgyik,20126,1135,,
20127,tehsidetegenichurgew,20127,1135,13.842591547754324,6.125602840203244
20128,tehsidetegenichurgew,20128,1135,13.752697351081595,5.951850474503035
20129,upzinicaropgyik,20129,1135,,
20130,tehsidetegenichurgew,20130,1135,15.287277301540396,5.436152880849031
20131,tehsidetegenichurgew,20131,1135,14.663911370381566,5.868631508144019
20132,ardoro,20132,1135,19.88144701558816,5.627247280127084
20133,ardoro,20133,1135,18.33648474312896,4.977123424831517
20134,itseidlaelextu,20134,1135,,
20135,tayteg,20135,1135,,
20136,tayteg,20136,1135,,
20137,tayteg,20137,1135,,
20138,tayteg,20138,1135,,
20139,tayteg,20139,1135,,
20140,tayteg,20140,603,,
20141,tayteg,20141,603,,
20142,tayteg,20142,603,,
20143,tayteg,20143,603,,
20144,tayteg,20144,603,,
20145,tayteg,20145,603,,
20146,tayteg,20146,603,,
20147,tayteg,20147,603,,
20148,tayteg,20148,603,,
20149,ottowyc,20149,603,12.057680601054688,4.952238939179126
20150,quozagchofuquuri,20150,603,,
20151,gelerutec,20151,603,,
20152,gelerutec,20152,603,,
20153,gelerutec,20153,603,,
20154,gelerutec,20154,603,,
20155,gelerutec,20155,603,,
20156,gelerutec,20156,603,,
20157,gelerutec,20157,603,,
20158,gelerutec,20158,603,,
20159,gelerutec,20159,603,,
20160,tayteg,20160,1786,,
20161,tayteg,20161,1786,,
20162,tayteg,20162,1786,,
20163,tayteg,20163,1786,,
20164,tayteg,20164,1786,,
20165,tayteg,20165,1786,,
20166,tayteg,20166,1786,,
20167,tayteg,20167,1786,,
20168,tayteg,20168,1786,,
20169,ottowyc,20169,1786,20.60335417136973,10.650192538747344
20170,quozagchofuquuri,20170,1786,,
20171,gelerutec,20171,1786,,
20172,gelerutec,20172,1786,,
20173,gelerutec,20173,1786,,
20174,gelerutec,20174,1786,,
20175,gelerutec,20175,1786,,
20176,gelerutec,20176,1786,,
20177,gelerutec,20177,1786,,
20178,gelerutec,20178,1786,,
20179,gelerutec,20179,1786,,
20180,tayteg,20180,9,,
20181,tayteg,20181,9,23.75829444277282,23.7582944427728
20182,tayteg,20182,9,,
20183,tayteg,20183,9,,
20184,tayteg,20184,9,,
20185,tayteg,20185,9,,
20186,tayteg,20186,9,,
20187,tayteg,20187,9,,
20188,tayteg,20188,9,,
20189,ottowyc,20189,9,22.59247009524016,13.834740634328105
20190,quozagchofuquuri,20190,9,,
20191,gelerutec,20191,9,,
20192,gelerutec,20192,9,,
20193,gelerutec,20193,9,,
20194,gelerutec,20194,9,,
20195,gelerutec,20195,9,,
20196,gelerutec,20196,9,,
20197,gelerutec,20197,9,,
20198,gelerutec,20198,9,,
20199,gelerutec,20199,9,,
20200,tayteg,20200,207,,
20201,tayteg,20201,207,,
20202,tayteg,20202,207,,
20203,tayteg,20203,207,,
20204,tayteg,20204,207,,
20205,tayteg,20205,207,,
20206,tayteg,20206,207,,
20207,tayteg,20207,207,,
20208,tayteg,20208,207,,
20209,ottowyc,20209,207,11.53782947198618,4.494780181971172
20210,quozagchofuquuri,20210,207,19.340199932135608,4.020748725658966
20211,gelerutec,20211,207,,
20212,gelerutec,20212,207,,
20213,gelerutec,20213,207,,
20214,gelerutec,20214,207,,
20215,gelerutec,20215,207,,
20216,gelerutec,20216,207,,
20217,gelerutec,20217,207,,
20218,gelerutec,20218,207,,
20219,gelerutec,20219,207,,
20220,tayteg,20220,1331,23.75829444277282,23.75829444277282
20221,tayteg,20221,1331,23.75829444277282,23.75829444277282
20222,tayteg,20222,1331,23.75829444277282,23.75829444277282
20223,tayteg,20223,1331,23.75829444277282,23.75829444277282
20224,tayteg,20224,1331,23.75829444277283,23.75829444277282
20225,tayteg,20225,1331,23.75829444277282,23.75829444277282
20226,tayteg,20226,1331,23.75829444277282,23.75829444277282
20227,tayteg,20227,1331,23.75829444277282,23.75829444277282
20228,tayteg,20228,1331,23.75829444277282,23.75829444277282
20229,ottowyc,20229,1331,12.106743001266231,5.486157614879205
20230,quozagchofuquuri,20230,1331,,
20231,gelerutec,20231,1331,,
20232,gelerutec,20232,1331,,
20233,gelerutec,20233,1331,,
20234,gelerutec,20234,1331,,
20235,gelerutec,20235,1331,,
20236,gelerutec,20236,1331,,
20237,gelerutec,20237,1331,,
20238,gelerutec,20238,1331,,
20239,gelerutec,20239,1331,,
20240,tayteg,20240,1501,23.75829444277282,23.75829444277282
20241,tayteg,20241,1501,23.75829444277282,23.75829444277281
20242,tayteg,20242,1501,23.75829444277282,23.7582944427728
20243,tayteg,20243,1501,23.75829444277283,23.7582944427728
20244,tayteg,20244,1501,23.75829444277282,23.7582944427728
20245,tayteg,20245,1501,23.75829444277283,23.75829444277282
20246,tayteg,20246,1501,23.75829444277282,23.75829444277282
20247,tayteg,20247,1501,23.75829444277283,23.7582944427728
20248,tayteg,20248,1501,23.75829444277284,23.75829444277282
20249,ottowyc,20249,1501,15.350657228588751,8.071162000841836
20250,quozagchofuquuri,20250,1501,,
20251,gelerutec,20251,1501,,
20252,gelerutec,20252,1501,,
20253,gelerutec,20253,1501,,
20254,gelerutec,20254,1501,,
20255,gelerutec,20255,1501,,
20256,gelerutec,20256,1501,,
20257,gelerutec,20257,1501,,
20258,gelerutec,20258,1501,,
20259,gelerutec,20259,1501,,
20260,gelerutec,20260,57,,
20261,gelerutec,20261,57,,
20262,gelerutec,20262,57,,
20263,gelerutec,20263,57,,
20264,gelerutec,20264,57,,
20265,gelerutec,20265,57,,
20266,gelerutec,20266,57,,
20267,gelerutec,20267,57,,
20268,gelerutec,20268,57,,
20269,gelerutec,20269,57,,
20270,gelerutec,20270,57,,
20271,gelerutec,20271,57,,
20272,gelerutec,20272,57,,
20273,gelerutec,20273,57,,
20274,gelerutec,20274,57,,
20275,gelerutec,20275,57,,
20276,quozagchofuquuri,20276,57,9.903758052151542,2.0076452297897167
20277,ottowyc,20277,57,,
20278,quozagchofuquuri,20278,57,10.384539678403367,2.063432891318817
20279,genoqudeimsibensoet,20279,57,,
20280,gelerutec,20280,2248,,
20281,gelerutec,20281,2248,,
20282,gelerutec,20282,2248,,
20283,gelerutec,20283,2248,,
20284,gelerutec,20284,2248,,
20285,gelerutec,20285,2248,,
20286,gelerutec,20286,2248,,
20287,gelerutec,20287,2248,,
20288,gelerutec,20288,2248,,
20289,gelerutec,20289,2248,,
20290,gelerutec,20290,2248,,
20291,gelerutec,20291,2248,,
20292,gelerutec,20292,2248,,
20293,gelerutec,20293,2248,,
20294,gelerutec,20294,2248,,
20295,gelerutec,20295,2248,,
20296,quozagchofuquuri,20296,2248,,
20297,ottowyc,20297,2248,18.38679651521084,9.83336620825724
20298,quozagchofuquuri,20298,2248,,
20299,genoqudeimsibensoet,20299,2248,17.238811960688,9.28789850830455
20300,gelerutec,20300,423,,
20301,gelerutec,20301,423,,
20302,gelerutec,20302,423,,
20303,gelerutec,20303,423,,
20304,gelerutec,20304,423,,
20305,gelerutec,20305,423,,
20306,gelerutec,20306,423,,
20307,gelerutec,20307,423,,
20308,gelerutec,20308,423,,
20309,gelerutec,20309,423,,
20310,gelerutec,20310,423,,
20311,gelerutec,20311,423,,
20312,gelerutec,20312,423,,
20313,gelerutec,20313,423,,
20314,gelerutec,20314,423,,
20315,gelerutec,20315,423,,
20316,quozagchofuquuri,20316,423,12.935586006486629,4.5000451532436845
20317,ottowyc,20317,423,10.687108394808398,5.177871281645575
20318,quozagchofuquuri,20318,423,13.90608393963525,4.942742786720079
20319,genoqudeimsibensoet,20319,423,9.987100459449977,4.8468186456832045
20320,gelerutec,20320,1132,,
20321,gelerutec,20321,1132,,
20322,gelerutec,20322,1132,,
20323,gelerutec,20323,1132,,
20324,gelerutec,20324,1132,,
20325,gelerutec,20325,1132,,
20326,gelerutec,20326,1132,,
20327,gelerutec,20327,1132,,
20328,gelerutec,20328,1132,,
20329,gelerutec,20329,1132,,
20330,gelerutec,20330,1132,,
20331,gelerutec,20331,1132,,
20332,gelerutec,20332,1132,,
20333,gelerutec,20333,1132,,
20334,gelerutec,20334,1132,,
20335,gelerutec,20335,1132,,
20336,quozagchofuquuri,20336,1132,,
20337,ottowyc,20337,1132,12.722162903564024,5.118323382380336
20338,quozagchofuquuri,20338,1132,,
20339,genoqudeimsibensoet,20339,1132,10.66512564504464,4.669015647918672
20340,ditlietan,20340,2316,13.141138139088389,3.512476425569961
20341,ditlietan,20341,2316,10.66929841033153,2.984737918908426
20342,genoqudeimsibensoet,20342,2316,8.063700412508354,2.7297189247411127
20343,quozagchofuquuri,20343,2316,,
20344,itseidlaelextu,20344,2316,,
20345,teamfinosakilechlun,20345,2316,,
20346,teamfinosakilechlun,20346,2316,,
20347,teamfinosakilechlun,20347,2316,,
20348,teamfinosakilechlun,20348,2316,,
20349,teamfinosakilechlun,20349,2316,,
20350,teamfinosakilechlun,20350,2316,,
20351,quozagchofuquuri,20351,2316,,
20352,esleolrador,20352,2316,16.582306365468355,2.526016662571568
20353,esleolrador,20353,2316,18.98265700942213,4.302614266247609
20354,ditlietan,20354,2316,13.345574196128696,3.083256591005376
20355,teamfinosakilechlun,20355,2316,,
20356,teamfinosakilechlun,20356,2316,23.75829444277281,23.7582944427728
20357,teamfinosakilechlun,20357,2316,,
20358,teamfinosakilechlun,20358,2316,,
20359,teamfinosakilechlun,20359,2316,,
20360,ditlietan,20360,843,12.80029735431691,4.671860619512221
20361,ditlietan,20361,843,14.328629989071093,4.988868643580923
20362,genoqudeimsibensoet,20362,843,,
20363,quozagchofuquuri,20363,843,12.582752419615217,3.507835915242952
20364,itseidlaelextu,20364,843,,
20365,teamfinosakilechlun,20365,843,,
20366,teamfinosakilechlun,20366,843,,
20367,teamfinosakilechlun,20367,843,,
20368,teamfinosakilechlun,20368,843,,
20369,teamfinosakilechlun,20369,843,,
20370,teamfinosakilechlun,20370,843,,
20371,quozagchofuquuri,20371,843,13.272785227711235,2.4699451906559644
20372,esleolrador,20372,843,13.260224290509193,5.334957618207398
20373,esleolrador,20373,843,11.41024461829632,3.3013404630558387
20374,ditlietan,20374,843,,
20375,teamfinosakilechlun,20375,843,,
20376,teamfinosakilechlun,20376,843,,
20377,teamfinosakilechlun,20377,843,,
20378,teamfinosakilechlun,20378,843,,
20379,teamfinosakilechlun,20379,843,,
20380,ditlietan,20380,918,10.328969285578076,3.520986579493976
20381,ditlietan,20381,918,,
20382,genoqudeimsibensoet,20382,918,,
20383,quozagchofuquuri,20383,918,,
20384,itseidlaelextu,20384,918,,
20385,teamfinosakilechlun,20385,918,,
20386,teamfinosakilechlun,20386,918,,
20387,teamfinosakilechlun,20387,918,,
20388,teamfinosakilechlun,20388,918,,
20389,teamfinosakilechlun,20389,918,,
20390,teamfinosakilechlun,20390,918,,
20391,quozagchofuquuri,20391,918,,
20392,esleolrador,20392,918,,
20393,esleolrador,20393,918,,
20394,ditlietan,20394,918,,
20395,teamfinosakilechlun,20395,918,,
20396,teamfinosakilechlun,20396,918,,
20397,teamfinosakilechlun,20397,918,,
20398,teamfinosakilechlun,20398,918,,
20399,teamfinosakilechlun,20399,918,,
20400,ditlietan,20400,90,9.706893321110584,4.652895576864927
20401,ditlietan,20401,90,15.681207011478046,5.040528128516247
20402,genoqudeimsibensoet,20402,90,10.735678513462233,4.578134370740714
20403,quozagchofuquuri,20403,90,,
20404,itseidlaelextu,20404,90,,
20405,teamfinosakilechlun,20405,90,23.75829444277283,23.75829444277279
20406,teamfinosakilechlun,20406,90,,
20407,teamfinosakilechlun,20407,90,,
20408,teamfinosakilechlun,20408,90,,
20409,teamfinosakilechlun,20409,90,23.75829444277282,23.75829444277279
20410,teamfinosakilechlun,20410,90,23.75829444277282,23.7582944427728
20411,quozagchofuquuri,20411,90,,
20412,esleolrador,20412,90,21.46836503424843,5.299448456103313
20413,esleolrador,20413,90,17.83546531194853,3.713487376042532
20414,ditlietan,20414,90,12.841682976659625,3.9408481260739463
20415,teamfinosakilechlun,20415,90,,
20416,teamfinosakilechlun,20416,90,23.758294442772844,23.7582944427728
20417,teamfinosakilechlun,20417,90,23.75829444277282,23.75829444277282
20418,teamfinosakilechlun,20418,90,23.75829444277282,23.7582944427728
20419,teamfinosakilechlun,20419,90,23.75829444277282,23.7582944427728
20420,ditlietan,20420,1007,,
20421,ditlietan,20421,1007,,
20422,genoqudeimsibensoet,20422,1007,,
20423,quozagchofuquuri,20423,1007,,
20424,itseidlaelextu,20424,1007,,
20425,teamfinosakilechlun,20425,1007,,
20426,teamfinosakilechlun,20426,1007,,
20427,teamfinosakilechlun,20427,1007,,
20428,teamfinosakilechlun,20428,1007,,
20429,teamfinosakilechlun,20429,1007,,
20430,teamfinosakilechlun,20430,1007,,
20431,quozagchofuquuri,20431,1007,,
20432,esleolrador,20432,1007,,
20433,esleolrador,20433,1007,,
20434,ditlietan,20434,1007,,
20435,teamfinosakilechlun,20435,1007,,
20436,teamfinosakilechlun,20436,1007,,
20437,teamfinosakilechlun,20437,1007,,
20438,teamfinosakilechlun,20438,1007,,
20439,teamfinosakilechlun,20439,1007,,
20440,ditlietan,20440,389,6.771332364679162,2.271136166769063
20441,ditlietan,20441,389,,
20442,genoqudeimsibensoet,20442,389,6.9800047370951175,2.9500098624907523
20443,quozagchofuquuri,20443,389,,
20444,itseidlaelextu,20444,389,,
20445,teamfinosakilechlun,20445,389,,
20446,teamfinosakilechlun,20446,389,,
20447,teamfinosakilechlun,20447,389,,
20448,teamfinosakilechlun,20448,389,,
20449,teamfinosakilechlun,20449,389,,
20450,teamfinosakilechlun,20450,389,,
20451,quozagchofuquuri,20451,389,,
20452,esleolrador,20452,389,,
20453,esleolrador,20453,389,,
20454,ditlietan,20454,389,,
20455,teamfinosakilechlun,20455,389,,
20456,teamfinosakilechlun,20456,389,,
20457,teamfinosakilechlun,20457,389,,
20458,teamfinosakilechlun,20458,389,,
20459,teamfinosakilechlun,20459,389,,
20460,teamfinosakilechlun,20460,1995,,
20461,teamfinosakilechlun,20461,1995,,
20462,teamfinosakilechlun,20462,1995,,
20463,teamfinosakilechlun,20463,1995,,
20464,teamfinosakilechlun,20464,1995,,
20465,teamfinosakilechlun,20465,1995,,
20466,teamfinosakilechlun,20466,1995,,
20467,teamfinosakilechlun,20467,1995,,
20468,teamfinosakilechlun,20468,1995,,
20469,teamfinosakilechlun,20469,1995,,
20470,teamfinosakilechlun,20470,1995,,
20471,ditlietan,20471,1995,36.40925956231491,13.39295839408586
20472,neecygiw,20472,1995,13.553712682719857,3.408093710019913
20473,olepneet,20473,1995,28.42698235192823,13.453055342502743
20474,neecygiw,20474,1995,34.242208500070994,14.920616969694525
20475,itseidlaelextu,20475,1995,,
20476,itseidlaelextu,20476,1995,,
20477,itseidlaelextu,20477,1995,,
20478,itseidlaelextu,20478,1995,,
20479,itseidlaelextu,20479,1995,,
20480,teamfinosakilechlun,20480,803,,
20481,teamfinosakilechlun,20481,803,,
20482,teamfinosakilechlun,20482,803,,
20483,teamfinosakilechlun,20483,803,23.75829444277282,23.75829444277282
20484,teamfinosakilechlun,20484,803,,
20485,teamfinosakilechlun,20485,803,,
20486,teamfinosakilechlun,20486,803,,
20487,teamfinosakilechlun,20487,803,,
20488,teamfinosakilechlun,20488,803,,
20489,teamfinosakilechlun,20489,803,,
20490,teamfinosakilechlun,20490,803,,
20491,ditlietan,20491,803,5.789129849322352,1.4728648308339911
20492,neecygiw,20492,803,10.499069481869524,2.8734133080442965
20493,olepneet,20493,803,7.043679449617774,0.8396579955760057
20494,neecygiw,20494,803,11.73478601124497,3.0571096964422204
20495,itseidlaelextu,20495,803,,
20496,itseidlaelextu,20496,803,,
20497,itseidlaelextu,20497,803,,
20498,itseidlaelextu,20498,803,,
20499,itseidlaelextu,20499,803,,
20500,teamfinosakilechlun,20500,1276,,
20501,teamfinosakilechlun,20501,1276,,
20502,teamfinosakilechlun,20502,1276,,
20503,teamfinosakilechlun,20503,1276,,
20504,teamfinosakilechlun,20504,1276,,
20505,teamfinosakilechlun,20505,1276,,
20506,teamfinosakilechlun,20506,1276,,
20507,teamfinosakilechlun,20507,1276,,
20508,teamfinosakilechlun,20508,1276,,
20509,teamfinosakilechlun,20509,1276,,
20510,teamfinosakilechlun,20510,1276,,
20511,ditlietan,20511,1276,34.657247756407045,11.809373588600788
20512,neecygiw,20512,1276,37.56775949930506,14.482182010647966
20513,olepneet,20513,1276,22.45757913177903,11.524243873753552
20514,neecygiw,20514,1276,36.91837209612316,16.042883580146608
20515,itseidlaelextu,20515,1276,,
20516,itseidlaelextu,20516,1276,,
20517,itseidlaelextu,20517,1276,,
20518,itseidlaelextu,20518,1276,,
20519,itseidlaelextu,20519,1276,,
