,task_id,subject_id,airway_id,generation,inner1,outer1,inner2,outer2
0,275,4,76,6,9.1317,27.191,7.7356,25.305
1,778,8,104,8,3.4867,18.623,2.5654,13.498
2,1354,18,43,6,4.83,17.848,5.1610000000000005,16.451
3,426,5,56,7,2.8406,14.951,0.93857,9.0357
4,1420,18,116,6,4.7073,15.617,2.9099,11.935
5,13,1,28,5,2.9248,7.6628,2.2763,14.486
6,254,4,49,4,8.3387,28.324,9.0511,22.279
7,2098,28,29,5,3.8564,31.1,4.3043,24.48
8,2246,41,23,5,8.8012,23.279,9.0109,20.333
9,1970,25,113,9,1.3052,9.8773,1.8675,8.9309
10,1469,18,172,10,1.8852,8.5892,0.76646,7.7566
11,281,4,82,5,3.3536,15.862,3.5104,13.118
12,1022,11,119,8,3.8127,15.785,2.7161,11.668
13,1255,13,165,10,2.0258,8.5323,0.6963199999999999,6.7125
14,656,7,149,6,2.8379,9.6703,1.0961,8.7787
15,1433,18,131,8,3.4134,13.386,2.9863,13.05
16,911,10,148,8,2.1108,10.501,0.90081,12.89
17,979,11,68,6,4.3713,14.571,3.1226,13.018
18,1351,18,38,5,1.6621,7.5629,1.48,9.9481
19,2269,41,49,6,1.0386,8.8281,2.0918,13.855
20,1038,11,137,8,3.6549,10.552,1.2715,10.136
21,850,10,79,7,6.6474,21.003,5.1539,19.048
22,1939,25,77,7,1.2347,9.8773,1.1551,6.3029
23,2253,41,32,5,1.8265,9.8488,1.6972,10.103
24,34,1,52,6,2.9381,10.733,2.4475,17.721
25,2378,41,197,7,0.77895,6.5092,0.54405,4.5343
26,964,11,53,6,6.4962,18.214,4.6542,16.163
27,576,7,62,5,14.309,39.349,11.944,30.578000000000003
28,56,1,76,7,4.5262,13.036,3.3919,14.035
29,200,3,56,6,3.0652,12.84,2.6234,14.050999999999998
30,1964,25,107,8,1.9825,7.7607,1.7056,8.9278
31,1991,26,12,4,5.4975,27.796,5.0304,19.635
32,1424,18,120,7,1.8294,9.0465,0.94784,7.7309
33,345,4,159,7,0.71377,7.2397,0.94611,9.2124
34,2270,41,50,6,3.7694,18.802,3.5199,15.79
35,1376,18,68,6,4.3615,14.501,2.9234,13.147
36,2336,41,127,7,2.2294,11.639,2.1346,7.664
37,318,4,123,6,1.4389,9.2111,1.3431,9.0019
38,1542,19,124,7,1.5994,12.968,1.9208,9.8084
39,1134,13,20,4,7.1977,29.792,5.7765,19.165
40,1296,16,45,6,4.5873,15.136,3.3801,13.918
41,1055,12,8,3,5.7513,19.832,5.3369,13.416
42,537,7,16,4,11.924,39.349,12.508,34.89
43,531,6,83,10,3.1893,9.7086,2.3098,10.588
44,772,8,93,7,5.0903,21.727,5.4116,19.619
45,1773,21,35,5,4.2586,15.717,3.996,12.41
46,1363,18,52,6,0.5465800000000001,4.8858,1.271,7.1829
47,754,8,71,6,0.73458,8.8977,0.5925699999999999,5.8938
48,11,1,26,5,3.1366,13.235,3.2546,15.091
49,256,4,52,5,3.263,27.191,4.6639,24.543000000000003
50,1622,19,247,8,2.6541,14.697,1.9151,11.895
51,670,7,165,8,3.2552,10.779000000000002,2.0077,8.9745
52,2275,41,55,6,3.3844,14.326,3.2768,11.148
53,1145,13,34,5,1.7637,14.3,1.3543,9.076
54,358,4,174,8,1.3709,9.8002,0.91654,7.7405
55,1920,25,56,6,1.0301,4.9668,0.77154,4.5497
56,2000,26,26,5,13.574000000000002,33.973,12.767,30.395
57,664,7,157,8,3.5652,14.309,2.4513,9.6606
58,1333,18,17,4,9.08,26.771,9.3427,21.464
59,1252,13,162,9,2.3714,14.3,2.1292,12.389
60,1097,12,62,6,2.0516,10.258,1.4952,6.8632
61,206,3,62,6,3.2216,13.887,2.8789,14.36
62,188,3,41,5,7.0845,28.15,6.8963,25.514
63,661,7,154,7,4.3403,13.116,3.6743,12.196
64,995,11,87,7,6.8362,25.499,6.1582,17.351
65,120,2,66,7,1.169,8.2048,0.71608,7.9549
66,1179,13,72,5,1.2274,9.6525,0.66232,8.4818
67,2306,41,87,7,0.7610399999999999,6.5181,1.7329,6.7999
68,951,11,35,5,6.3747,20.642,5.3169,17.594
69,1473,18,177,10,0.937,5.8228,0.45819,5.1939
70,65,1,90,8,2.8851,7.901,1.3254,8.5662
71,1567,19,166,7,1.8155,10.374,1.6811,8.1777
72,1956,25,99,7,0.83957,4.5506,0.82376,4.7973
73,1033,11,132,8,6.3869,21.856,6.4503,18.404
74,31,1,49,6,4.9365,15.880999999999998,4.1057,14.992
75,268,4,68,7,2.8664,15.862,2.6458,13.476
76,50,1,69,6,2.8587,9.3039,1.314,9.6931
77,1551,19,144,7,10.374,31.123,10.129,23.14
78,1409,18,103,6,4.7073,15.617,2.9099,11.935
79,1078,12,41,5,5.1221,17.097,4.1209,12.5
80,1504,19,65,6,2.6368,12.104,2.5855,10.34
81,2215,28,175,9,1.6483,8.4591,0.87734,6.0593
82,421,5,49,7,3.2464,20.29,4.2241,17.729
83,221,3,80,6,2.3928,14.419,2.7697,14.655
84,1500,19,58,6,3.7175,18.155,4.8841,16.418
85,1789,21,59,6,1.3322,8.2328,1.0105,6.8045
86,235,4,24,4,8.0214,38.521,9.7861,28.768
87,460,5,108,9,3.3318,11.747,2.8792,13.484000000000002
88,1136,13,22,5,2.7289,21.45,2.5073,11.915
89,1442,18,140,9,3.0006,10.34,2.0714,9.0824
90,285,4,86,6,5.8688,20.393,7.1053,19.179
91,326,4,133,7,6.1067,23.792,5.7798,20.235
92,1996,26,18,4,3.8452,13.929,2.0288,10.334
93,1814,21,96,9,0.94303,6.9979,0.69262,4.6239
94,1151,13,41,5,3.7657,21.45,2.4713,13.568
95,2061,27,65,7,4.5061,14.273,4.441,12.164
96,642,7,134,7,6.3793,19.078,5.7966,15.595
97,1461,18,162,9,3.0006,10.34,2.0714,9.0824
98,18,1,34,5,3.9704,18.528,4.14,15.466
99,2235,28,203,10,1.4306,10.325,1.228,7.2027
100,321,4,126,7,3.9994,16.995,3.8113,15.106
101,2008,26,38,6,1.1582,8.863999999999999,0.91291,5.7917
102,2199,28,152,9,1.7105,11.403,1.7484,8.9449
103,1129,12,107,10,3.3372,14.361,3.3412,11.327
104,643,7,135,7,3.7441,11.53,3.2559,12.338
105,1489,19,41,5,8.5071,23.343000000000004,8.9492,22.343000000000004
106,746,8,61,6,2.1003,13.45,1.1706,7.6781
107,1328,17,38,7,2.5666,23.485,2.8718,20.028
108,252,4,45,5,1.8694,18.128,2.0093,13.993
109,864,10,95,7,2.3313,19.953,2.5087,13.653
110,1588,19,188,8,1.5648,10.374,0.66413,10.653
111,1517,19,88,6,1.5389,14.697,1.4751,11.875
112,1904,25,40,6,2.9138,11.994000000000002,3.247,12.101
113,566,7,52,6,4.7815,11.924,3.5041,11.83
114,1031,11,128,8,9.5075,19.428,7.3373,23.714
115,436,5,77,8,9.8887,26.697,9.8494,24.578000000000003
116,2003,26,30,6,1.745,6.841,1.1753,7.502000000000001
117,2225,28,188,10,2.094,8.3762,1.0851,8.69
118,434,5,73,8,1.3349,7.0267,0.71345,12.013
119,2214,28,174,9,1.3062,6.2718,0.80366,5.3543
120,134,2,81,6,2.2731,8.0424,0.72059,9.5383
121,845,10,73,6,2.9089,12.602,2.174,10.858
122,925,10,167,10,1.0081,7.75,0.82604,7.275
123,781,8,109,8,1.4588,8.8356,1.2302,8.2061
124,2054,27,55,6,2.2768,6.7966,1.655,6.9445
125,622,7,114,6,7.3451,25.04,4.5577,14.3
126,1657,19,318,9,7.02,20.749,6.2024,18.03
127,276,4,77,6,5.8688,20.393,7.1053,19.179
128,1530,19,105,7,2.7060000000000004,13.833,1.8724,10.617
129,618,7,110,6,3.0406,13.116,2.6659,10.29
130,673,7,168,8,4.4476,13.116,4.0522,12.236
131,55,1,75,7,1.7602,6.8158,1.0933,7.4251
132,929,10,171,11,2.7724,10.344,1.6572,10.543
133,1974,25,119,10,0.8254600000000001,6.2438,0.60516,5.3424
134,2282,41,62,6,1.0117,11.639,1.3241,8.7101
135,1980,25,125,9,1.3052,9.8773,1.8675,8.9309
136,1590,19,192,8,4.9797,16.426,5.2576,20.441
137,2314,41,97,7,1.2266,7.4403,0.96564,5.5634
138,590,7,77,6,4.4357,15.501,3.3049,12.226
139,2016,26,47,8,3.49,13.682,2.0869,9.7781
140,1341,18,26,5,3.0564,10.296,1.7968,8.6414
141,2050,27,50,6,4.3566,14.952,3.8275,12.751
142,2111,28,46,5,5.629,19.696,5.0628,15.845999999999998
143,295,4,97,6,2.5605,8.8032,1.5373,11.142
144,1165,13,57,6,3.9087,16.683,3.5195,13.392
145,893,10,129,9,4.4211,15.752,3.1548,13.71
146,833,10,61,6,1.6907,13.652,1.3726,9.6547
147,1293,16,40,6,3.7723,17.464000000000002,2.2696,11.101
148,69,1,96,8,3.3351,15.880999999999998,2.4319,15.794
149,718,8,25,4,3.8798,18.623,3.7702,16.559
150,1624,19,249,8,4.1238,18.155,3.3796,14.666
151,1577,19,177,8,1.1844,8.2218,1.1126,7.7586
152,1448,18,148,6,2.0748,5.9009,1.3931,9.3714
153,1737,19,460,11,0.8904700000000001,9.5099,0.8097,6.4926
154,415,5,41,6,3.2891,22.426,2.9312,15.194
155,1595,19,197,8,1.0634,5.533,2.1987,11.661
156,159,2,118,9,2.8793,15.154000000000002,2.4509,13.247
157,1966,25,109,8,5.3267,19.755,6.2223,17.02
158,2363,41,169,10,1.0476,8.9535,0.91433,6.0884
159,1525,19,98,7,2.1613,17.291,3.0913,12.185
160,1262,13,174,11,2.574,11.917,1.6714,9.1346
161,1486,19,38,5,6.1642,19.884,5.856,15.952
162,2296,41,77,7,3.277,14.326,3.4936,11.086
163,2006,26,36,6,3.1039,12.941,1.543,9.2919
164,551,7,34,5,8.5614,28.617,6.7371,24.92
165,623,7,115,7,2.7306,8.5375,1.6411,7.3367
166,153,2,110,7,3.5612,11.907,2.3318,11.042
167,1221,13,126,7,1.5134,9.5929,1.0644,8.0435
168,113,2,59,5,9.6011,34.638000000000005,9.3814,28.192
169,1933,25,69,6,1.8485,9.1717,1.6848,8.4359
170,202,3,58,6,3.6126,14.935,3.1347,13.527
171,874,10,107,7,1.9848,6.9834,1.1427,8.7644
172,452,5,97,9,1.5484,6.7171,0.8134899999999999,7.7693
173,1143,13,31,5,6.0298,19.067,5.0222,16.5
174,2028,27,26,4,14.952,34.662,14.224,25.972
175,725,8,35,5,1.1588,7.6458,1.2193,7.0839
176,1371,18,62,6,3.3687,12.27,2.7539,12.934
177,1638,19,270,9,3.8818,19.884,3.2857,12.348
178,462,5,110,9,1.5484,6.7171,0.8134899999999999,7.7693
179,774,8,98,7,0.807,11.380999999999998,0.3563699999999999,4.6157
180,540,7,19,4,8.2275,26.233,6.1231,18.465
181,111,2,57,5,2.9009,10.813,2.2349,10.967
182,999,11,91,7,2.2828,9.2646,1.7501,8.8142
183,666,7,159,7,1.3593,4.4238,1.4616,10.649
184,121,2,67,7,4.0699,23.813,2.0488,10.014
185,442,5,85,8,3.0008,14.951,2.369,11.175999999999998
186,2161,28,105,7,5.0278,10.253,1.3495,7.9767
187,213,3,72,6,2.3928,14.419,2.7697,14.655
188,799,10,21,4,3.1189,16.802,2.678,14.722
189,552,7,35,5,7.0947,26.233,6.5227,25.367
190,247,4,40,6,6.0161,22.659,6.0647,20.345
191,1855,23,55,7,4.5516,13.139,3.1896,11.505999999999998
192,181,3,32,5,3.9567,17.203,2.8224,12.111
193,384,4,210,10,1.1783,15.862,1.0873,10.865
194,194,3,49,6,1.9549,12.292,7.3185,22.33
195,1396,18,89,7,2.1306,10.798,1.248,8.3018
196,612,7,102,6,7.2617,25.04,5.9369,16.192
197,2274,41,54,6,1.4594,13.43,1.5452,9.3492
198,1838,23,31,5,4.8613,14.077,3.2489,11.311
199,2017,26,48,9,3.0885,11.041,1.8034,10.054
200,1781,21,45,5,0.8756700000000001,5.6731,0.6390399999999999,5.0886
201,631,7,123,8,1.5382,6.1289,1.5652,12.584
202,875,10,108,7,2.3733,10.186,1.1985,8.2159
203,443,5,86,7,2.3173,13.883,1.6705,10.357
204,1256,13,168,10,4.2542,20.258,4.1187,14.908
205,1895,25,24,5,4.7058,18.343,4.9875,13.66
206,2247,41,24,5,2.5428,16.116,3.2715,12.929
207,280,4,81,5,7.0924,33.989000000000004,8.201,26.811
208,1913,25,49,6,2.3705,9.8773,2.2824,8.0385
209,645,7,137,7,3.3625,11.924,2.5337,9.9132
210,1191,13,86,7,3.5631,19.067,2.3141,11.720999999999998
211,2257,41,36,5,3.4202,20.593000000000004,3.5244,14.492
212,371,4,191,10,0.98568,9.5623,0.92952,7.8735
213,1101,12,71,7,2.5918,10.258,2.0848,7.6284
214,400,5,22,5,5.8307,25.629,11.421,26.84
215,1754,21,12,3,8.9812,26.195,8.9157,22.836
216,589,7,76,6,1.9436,11.924,1.8512,9.7033
217,1854,23,54,7,5.34,14.077,4.1582,13.29
218,1126,12,104,10,1.7233,9.5741,1.2048,5.8757
219,1558,19,151,7,2.4034,12.968,2.0958,9.761
220,2193,28,145,8,5.0278,15.55,3.9887,13.536
221,1282,16,29,5,3.912,12.807,2.508,14.037
222,1287,16,34,5,3.7839,10.839,2.2538,11.247
223,1096,12,61,6,2.3046,8.2063,1.4314,7.2929
224,694,7,191,7,6.1766,15.501,5.1275,15.492
225,266,4,65,7,4.5545,22.659,4.6343,14.078
226,2188,28,138,8,2.0111,9.7549,0.89915,7.8694
227,352,4,168,7,1.6655,15.862,1.6313,10.317
228,1346,18,33,5,6.7932,23.425,6.2374,19.196
229,1836,23,29,5,4.4953,15.954,4.3203,13.565
230,41,1,60,6,1.5219999999999998,8.4172,1.125,8.2025
231,1709,19,406,9,2.6109,11.239,1.02,7.0944
232,514,6,65,7,2.4272,9.6735,1.244,7.1852
233,721,8,30,5,2.7004,9.2909,2.0047,10.337
234,2081,27,89,8,2.6439,9.5152,1.6345,7.9917
235,825,10,52,6,12.602,36.755,12.524,33.094
236,1301,16,50,6,2.8525,12.807,1.8144,11.265999999999998
237,22,1,38,5,3.666,12.467,3.045,13.868
238,1428,18,126,7,1.6844,7.5741,0.97702,6.622999999999999
239,2113,28,48,5,0.88116,11.403,1.7519999999999998,9.5112
240,1212,13,114,7,1.5372,5.0765,1.6965,12.986
241,2307,41,88,7,1.2714,9.8488,1.2145,7.733
242,570,7,56,5,8.1321,28.617,6.7444,24.217
243,1658,19,319,9,1.6945,12.968,1.4228,9.09
244,182,3,34,5,4.9732,17.203,4.0639,16.718
245,1763,21,23,5,1.3622,11.227,1.4746,6.4368
246,2289,41,69,6,1.352,5.962999999999999,1.0299,5.4995
247,1898,25,30,5,2.9138,12.699000000000002,2.6559,9.3481
248,1635,19,266,9,2.1613,9.5099,2.7025,9.6326
249,274,4,75,5,7.0924,33.989000000000004,8.201,26.811
250,1877,24,37,6,2.4511,9.7072,2.5104,8.3836
251,2254,41,33,5,1.8802,8.9535,2.53,8.8349
252,585,7,72,5,17.886,48.888000000000005,16.641,36.628
253,157,2,116,7,1.537,8.1398,0.6946100000000001,7.8981
254,380,4,204,11,2.2999,18.128,2.8891,14.145
255,2106,28,40,5,3.0478,14.513,3.1939,12.997
256,730,8,43,5,3.8177,16.554000000000002,4.5293,16.893
257,1181,13,74,6,0.70308,7.8769,0.36923,5.9561
258,1170,13,63,6,1.2989,13.108,0.8607600000000001,8.6376
259,720,8,27,5,11.380999999999998,35.177,9.8213,34.227
260,1425,18,121,7,6.4474,17.848,6.2159,17.767
261,1311,17,15,4,7.314,35.228,6.9846,36.73
262,767,8,85,7,1.4899,8.0183,0.94248,10.08
263,1571,19,171,8,8.1094,23.343000000000004,7.5049,18.765
264,356,4,172,8,3.9994,15.862,2.9532,13.107
265,1907,25,43,6,16.932000000000002,38.804,15.24,31.508000000000003
266,947,11,31,5,2.2949,10.637,2.4078,14.564
267,265,4,64,7,2.9457,15.862,3.1757,13.292
268,1250,13,158,9,2.0973,11.845,1.4561,9.3558
269,1772,21,34,5,2.5372,11.227,2.5126,10.429
270,1178,13,71,6,1.7756,11.13,1.471,8.1875
271,1912,25,48,6,1.1359,6.4484,0.96774,5.6856
272,873,10,105,8,2.1318,19.953,2.0319,16.682000000000002
273,788,8,117,10,1.4692,12.415,1.1079,8.0764
274,299,4,102,8,15.862,37.388000000000005,14.415,30.976
275,141,2,90,7,3.3988,16.236,1.3233,11.645
276,983,11,72,6,4.007,13.357,2.0833,11.679
277,1232,13,139,8,4.3377,17.875,4.0959,15.32
278,1858,24,9,4,4.9264,19.414,5.0251,14.014
279,493,6,41,6,2.99,14.07,2.8445,12.534
280,2093,28,24,4,5.1003,19.696,5.6255,16.78
281,665,7,158,8,2.8856,7.4167,2.2687,10.255
282,679,7,174,8,4.8411,13.116,3.9679,12.361
283,1081,12,44,6,2.7628,8.8902,2.2522,9.2648
284,236,4,25,4,13.595999999999998,64.579,13.88,40.549
285,762,8,79,6,1.7795,8.1321,1.4609,7.9922
286,629,7,121,6,2.6710000000000003,11.733,2.6311,9.9512
287,835,10,63,6,1.1762,10.312,1.2624,7.7962
288,881,10,114,8,4.022,15.752,2.8673,14.514
289,385,4,211,10,0.98568,9.5623,0.92952,7.8735
290,962,11,51,6,4.9419,14.571,3.0731,13.271
291,183,3,35,5,10.791,34.406,11.265,31.233
292,251,4,44,5,4.1807,22.659,3.9958,19.144
293,1777,21,40,5,2.2528,9.7296,1.8176,8.451
294,2023,27,17,4,12.234000000000002,33.303000000000004,13.045,24.556
295,787,8,116,9,7.1906,27.935,6.7683,18.793
296,768,8,86,7,3.9005,14.485,3.3751,12.728
297,559,7,45,6,5.6042,19.078,5.0512,15.193
298,195,3,50,6,2.424,13.168,1.1614,9.1293
299,1521,19,94,7,4.9192,19.884,4.697,15.0
300,2292,41,73,5,6.4913,17.907,6.3991,16.766
301,1717,19,425,11,1.5475,6.3544,1.0202,12.552
302,1509,19,75,6,2.0922,12.104,1.3878,9.6651
303,2027,27,25,4,3.6226,14.273,3.2697,12.772
304,935,11,18,4,12.13,33.999,11.207,27.599
305,2190,28,142,9,2.3117,9.9,1.4983,8.7519
306,804,10,26,5,4.3791,21.003,4.3802,15.991
307,806,10,28,5,1.7222,11.550999999999998,1.0131,9.6096
308,1391,18,84,7,1.1266,8.1876,1.0218,7.7991
309,516,6,67,7,12.898,32.831,11.550999999999998,26.193
310,101,2,47,5,2.5978,8.2806,0.95054,7.1987
311,2340,41,132,9,4.0111,17.907,3.918,14.966
312,1112,12,88,10,1.8396,10.258,1.6324,8.867
313,1245,13,152,9,2.4548,14.3,2.1452,10.996
314,2195,28,147,8,0.92262,7.9408,0.80074,5.6703
315,1984,25,129,9,2.6669,10.583,1.9919,7.9008
316,1487,19,39,5,11.239,35.446,11.773,30.5
317,2164,28,108,7,4.5302,16.586,4.3677,13.144
318,160,2,119,9,1.9484,10.824000000000002,2.0129,11.706
319,369,4,189,7,1.2916,8.2254,0.89936,6.7972
320,1248,13,155,8,2.431,9.5333,0.71024,8.7361
321,1900,25,33,5,9.1717,21.871,8.8383,22.885
322,797,10,17,4,2.2998,9.7138,1.6037,9.9772
323,1798,21,72,7,3.3680000000000003,14.22,3.7897,7.9784
324,91,2,33,4,3.8859,17.319000000000003,3.4189,14.204
325,1686,19,369,10,3.7867,13.833,3.5609,11.788
326,1478,19,21,4,7.0287,45.82,9.1597,29.811
327,1394,18,87,6,3.0564,10.452,2.1832,10.868
328,1488,19,40,5,5.8529,23.343000000000004,6.1377,18.677
329,1792,21,62,6,1.9983,9.7296,1.6565,8.0873
330,988,11,77,6,2.6713,8.4754,1.3655,8.4424
331,1788,21,58,6,1.669,12.723,1.7933,9.3165
332,44,1,63,6,1.2705,13.235,2.4272,12.681
333,1479,19,25,4,12.104,38.904,12.43,30.229
334,632,7,124,8,2.6352,8.6687,1.6609,9.168
335,2124,28,59,5,2.8508,13.477,3.0779,11.502
336,871,10,102,7,2.3628,22.053,2.5493,15.984000000000002
337,1453,18,154,8,1.6621,8.1653,1.2541,7.9359
338,770,8,90,7,1.0553,9.3219,0.73934,5.4046
339,2037,27,37,5,4.5333,17.671,4.276,15.116
340,578,7,64,6,2.3013,7.9055,1.5617,8.762
341,37,1,56,6,1.7073,8.9466,1.2469,9.2757
342,977,11,66,6,3.5456,12.142,1.7597,11.481
343,1457,18,158,9,1.082,6.1909,0.58746,6.9766
344,1963,25,106,8,3.0831,9.1717,2.1965,8.7567
345,1385,18,77,6,4.4173,16.732,4.0482,14.262
346,604,7,94,7,3.3745,13.116,2.4813,10.577
347,1260,13,172,8,3.3009,10.761,1.6453,11.413
348,476,6,18,5,7.5981,24.623,7.5667,20.786
349,351,4,166,8,3.4556,21.526,2.1015,14.361
350,509,6,60,7,3.3066,12.898,3.1194,12.398
351,1637,19,269,9,5.1786,16.426,4.6425,14.109000000000002
352,2364,41,170,10,1.1908,7.7985,0.7653,5.5244
353,1400,18,93,7,2.0971,9.6712,1.0292,7.0809
354,1001,11,93,7,1.7971,11.827,0.95793,8.9398
355,837,10,65,6,4.4316,28.354,4.8653,22.276
356,1048,11,155,8,4.7234,15.785,2.9367,13.333
357,131,2,78,7,0.90924,6.5920000000000005,0.65087,6.5743
358,474,6,16,4,4.4322,17.588,2.8618,12.844
359,1480,19,31,5,8.6454,30.259,8.8924,23.378
360,944,11,28,5,8.0018,31.57,7.981,24.671
361,1123,12,100,10,2.2636,9.5741,1.3009,7.0175
362,1918,25,54,6,5.8911,16.932000000000002,5.1479,13.704
363,437,5,78,8,2.3707,11.747,1.7752,9.4875
364,1184,13,78,7,0.77458,4.3257,0.8005899999999999,7.1123
365,308,4,112,8,1.8581,9.5056,1.4362,9.1975
366,1890,25,17,4,7.7607,27.515,8.2056,19.679
367,1321,17,29,6,2.2311,15.416,2.0189,15.196
368,855,10,86,7,5.0932,17.852,2.8601,12.657
369,1193,13,88,6,1.6564,10.141,1.5895,9.5835
370,342,4,156,10,7.8515,26.058000000000003,9.3688,25.91
371,197,3,52,6,3.5344,17.203,3.489,15.541
372,302,4,105,8,5.2343,15.862,2.5037,12.726
373,648,7,140,7,9.0502,23.848000000000003,7.4659,18.378
374,1241,13,148,9,2.3714,14.3,2.1292,12.389
375,1115,12,91,7,4.7186,12.31,3.4235,11.692
376,1882,24,46,6,9.7072,23.459,7.8078,18.645
377,2143,28,84,6,0.75676,5.1729,0.85826,5.7618
378,303,4,106,8,1.5522,7.7722,1.5918,9.5841
379,1888,25,15,4,8.4662,23.988000000000003,8.1533,18.424
380,339,4,152,7,1.6655,15.862,1.6313,10.317
381,1246,13,153,9,2.0377,11.214,1.9095,9.6325
382,1497,19,54,6,1.7723,11.239,2.2233,9.806
383,1641,19,276,8,3.536,16.426,3.2432,13.925999999999998
384,1561,19,158,7,1.1153,7.6252,0.8673799999999999,8.8155
385,868,10,99,7,2.6358,12.602,1.7862,9.9535
386,1073,12,36,5,2.4072,10.258,2.3738,9.3832
387,210,3,68,7,3.8003,13.403,3.5704,16.172
388,1477,19,20,4,11.239,35.446,12.243,31.043000000000003
389,1676,19,352,10,4.9365,17.291,5.1119,16.898
390,313,4,117,8,1.5975,11.194,1.1484,7.7426
391,1568,19,167,7,3.3198,14.697,3.7923,13.36
392,897,10,133,8,4.3476,16.802,2.8114,11.568
393,1093,12,57,6,2.3046,8.2063,1.4314,7.2929
394,211,3,69,7,3.8159,17.203,3.5458,13.916
395,461,5,109,9,2.7765,12.815,2.6114,12.207
396,1875,24,35,6,5.6221,18.605,5.6643,17.514
397,2217,28,177,9,1.8867,7.9822,1.0223,6.4689
398,12,1,27,5,8.6289,25.146,8.2086,23.295
399,542,7,21,5,6.6535,23.848000000000003,6.8639,19.469
400,1434,18,132,8,2.1529,7.5406,1.5398,8.4484
401,163,2,124,10,2.6628,10.11,1.8804,10.627
402,1627,19,253,8,6.5359,22.478,6.2115,17.766
403,749,8,66,6,2.1003,13.45,1.1706,7.6781
404,652,7,145,8,1.6932,8.5614,0.77566,6.1457
405,546,7,29,5,6.272,28.617,6.8984,21.174
406,39,1,58,6,3.0042,14.558,1.9631,10.359000000000002
407,184,3,36,5,9.9777,29.714,10.501,28.543000000000003
408,459,5,107,10,1.3562,6.1511,0.99285,8.061
409,1767,21,29,5,1.5268,9.7296,1.777,7.6289
410,2322,41,109,8,1.8534,8.273,1.7127,8.0603
411,286,4,87,5,4.9624,28.324,6.1131,19.716
412,1069,12,32,5,1.6618,6.0453,0.74078,5.1304
413,1026,11,123,8,9.0704,25.499,7.5752,20.765
414,1815,21,97,9,1.2723,6.2719,0.41828,4.7809
415,1929,25,65,6,4.085,11.288,4.162,13.755999999999998
416,144,2,93,7,1.5479,9.5145,0.81991,6.8849
417,520,6,72,8,10.553,26.968000000000004,10.983,25.312
418,561,7,47,6,3.6010000000000004,13.116,2.4205,9.7613
419,926,10,168,10,3.0559,10.501,2.2544,12.318
420,1660,19,321,9,1.4006,6.8644,0.74378,6.5866
421,1702,19,396,10,1.8847,11.239,1.5728,11.411
422,2091,28,22,4,8.2829,29.026,8.4433,22.584
423,1199,13,95,6,2.2761,10.725,1.3687,8.8579
424,1605,19,213,8,5.8875,21.613000000000003,4.3387,14.084
425,596,7,84,7,2.6233,11.185,1.7344,8.1429
426,1510,19,76,6,13.833,37.175,13.598,28.655
427,392,4,227,8,2.13,11.33,1.9285,14.295
428,2,1,13,4,8.6289,25.146,11.390999999999998,27.362
429,1395,18,88,7,1.6063,8.2657,1.6541,8.9459
430,717,8,23,4,7.0147,22.762,7.2938,20.815
431,733,8,46,5,2.1624,14.485,1.6952,9.5274
432,1339,18,24,5,7.1614,22.31,6.0284,18.39
433,1976,25,121,9,3.3159,12.699000000000002,3.1546,10.265
434,417,5,43,6,2.7445,14.951,3.6562,16.197
435,307,4,111,7,4.3619,20.393,5.2684,18.638
436,1421,18,117,6,3.3353,10.285,2.0999,10.27
437,1465,18,166,8,1.7625,5.8451,0.8825200000000001,10.122
438,484,6,30,5,3.8108,14.07,2.9991,13.372
439,35,1,53,6,12.507,33.086,11.924,27.026
440,1402,18,95,7,7.6968,23.425,7.3831,19.941
441,2368,41,177,8,1.0655,7.7895,0.75088,5.6034
442,1940,25,78,7,1.3828,9.1717,1.1663,7.3659
443,130,2,77,7,1.2123,8.6053,1.0184,11.746
444,975,11,64,6,2.0885,12.142,1.2416,8.3184
445,282,4,83,6,9.1317,27.191,7.7356,25.305
446,587,7,74,7,2.3967,9.9565,1.7241,7.5779
447,2174,28,118,6,1.2544,7.4432,0.78828,6.6969
448,1482,19,34,5,10.374,29.394,9.2061,22.051
449,2136,28,76,6,8.7079,25.916,8.9519,20.494
450,1017,11,113,7,3.3756,15.785,2.4554,12.355
451,1744,19,483,12,2.4726,10.374,2.8882,12.807
452,2085,28,6,3,6.2199,23.843000000000004,7.9798,24.55
453,877,10,110,8,3.8015,15.752,2.8694,11.556
454,1653,19,306,9,3.8299,14.697,3.0346,14.339
455,2135,28,75,6,3.8667,14.513,3.4818,12.382
456,458,5,106,10,3.6095,20.29,4.5363,15.148
457,1743,19,482,13,1.8674,8.6454,1.8529,10.51
458,338,4,148,8,1.6088,12.463,1.2954,9.3993
459,1867,24,24,5,2.9122,10.515999999999998,2.1477,11.911
460,1230,13,137,8,1.8352,7.9007,0.94563,7.4779
461,1393,18,86,6,2.8445,13.386,2.6587,11.614
462,1586,19,186,8,1.3573,7.3486,1.3442,7.273
463,2001,26,27,5,15.442,38.606,12.467,30.046
464,891,10,126,9,2.4468,19.953,2.733,13.361
465,1306,16,55,8,1.9793,8.6157,1.2412,9.1129
466,1654,19,307,8,2.4899,10.374,1.1946,11.991
467,1574,19,174,8,5.9048,16.426,5.6336,14.955
468,152,2,109,8,2.0566,10.824000000000002,2.1826,13.86
469,1190,13,85,7,3.9206,16.683,3.0551,13.911
470,560,7,46,6,4.3999,15.501,3.2268,12.455
471,2078,27,86,7,1.271,5.3965,0.35436,5.0716
472,579,7,65,6,5.5685,16.692999999999998,4.8082,15.244000000000002
473,2349,41,142,7,1.352,8.5505,1.1489,7.1259
474,177,3,27,5,5.0357,25.022,5.0807,22.652
475,2204,28,162,9,2.177,8.6146,1.3951,9.51
476,2150,28,91,7,2.2288,10.367,1.8904,8.0796
477,1034,11,133,8,4.8205,18.214,3.7675,14.784
478,880,10,113,8,5.4712,16.802,5.0532,20.903
479,1565,19,163,7,1.5648,11.239,1.8633,9.9154
480,63,1,88,7,6.0085,18.528,4.4606,16.2
481,1583,19,183,8,2.1354,9.5099,1.4539,7.7195
482,2324,41,112,8,6.7957,22.384,6.7507,16.996
483,1291,16,38,5,5.5187,23.286,4.7745,16.697
484,602,7,92,7,2.9094,8.5971,1.9265,8.7355
485,2375,41,191,12,0.91325,6.9747,0.6946899999999999,5.7903
486,1625,19,250,8,8.0575,23.343000000000004,7.7575,20.103
487,2365,41,171,8,2.1936,10.744000000000002,2.5455,8.7691
488,1418,18,114,7,1.9186,8.1653,0.58637,6.9288
489,2084,27,94,8,1.2302,6.7966,0.9442,5.9504
490,2326,41,114,7,2.2473,8.8102,0.8796799999999999,6.9053
491,1460,18,161,9,3.7703,14.501,3.3065,11.939
492,2097,28,28,5,6.8523,24.88,6.0726,20.679
493,1121,12,98,7,1.6481,7.5225,1.6777,7.119
494,4,1,17,4,2.8984,14.558,2.307,11.18
495,2359,41,158,8,1.0655,7.7895,0.75088,5.6034
496,727,8,37,5,3.9626,15.519,0.8904799999999999,6.3412
497,2059,27,62,6,2.4332,9.5152,1.7604,8.2425
498,264,4,63,7,4.8831,21.526,4.4828,14.9
499,117,2,63,7,2.6195,14.072,2.2415,10.045
500,2355,41,151,9,1.8713,8.7744,1.479,6.7187
501,1327,17,37,7,2.5666,23.485,5.4791,52.278
502,2348,41,141,9,1.8265,11.639,1.9627,8.241
503,683,7,178,8,3.0406,14.309,2.8361,12.555
504,1176,13,69,6,0.89375,8.7111,0.61421,6.2913
505,1023,11,120,8,1.8214,9.3982,1.0396,11.351
506,1274,16,20,4,2.2238,8.3945,2.2036,11.041
507,1051,11,161,10,2.3799,7.1883,1.7307,9.8214
508,611,7,101,6,3.9707,14.309,3.5688,12.364
509,1656,19,309,9,2.2997,8.6454,1.5879,7.9339
510,1905,25,41,6,2.3353,14.11,2.8639,9.9046
511,783,8,111,8,0.65181,4.3454,0.72292,4.7716
512,396,5,18,4,1.8902,13.883,1.6645,11.345999999999998
513,1859,24,10,4,8.8982,23.459,8.6552,21.17
514,1220,13,125,8,2.2046,11.214,1.1840000000000002,7.9208
515,2119,28,54,6,4.9448,17.623,4.2336,12.572
516,435,5,74,8,4.4852,18.154,2.5633,12.821
517,1228,13,134,7,2.5859,9.9027,2.4928,11.037
518,2376,41,192,10,1.2445,7.2881,0.68998,8.2465
519,1513,19,80,6,8.6454,25.936,8.9854,21.656
520,2331,41,121,9,1.8265,11.639,1.9627,8.241
521,2140,28,81,6,1.8141,8.6146,0.8314,5.9958
522,811,10,36,5,6.8889,33.604,6.6801,22.974
523,312,4,116,7,3.9994,16.995,3.8113,15.106
524,1817,21,100,9,1.1077,8.2328,1.2781,7.4564
525,2361,41,166,10,2.1488,10.744000000000002,4.1568,9.6946
526,1269,16,12,4,6.0892,26.778,5.9379,17.695999999999998
527,76,1,105,10,5.6644,15.880999999999998,4.9564,14.295
528,1738,19,463,11,1.7896,12.104,2.0469,9.6698
529,1540,19,122,7,0.95964,9.5099,0.95706,6.2052
530,2196,28,148,8,1.8971,10.367,2.6008,9.9496
531,2145,28,86,6,0.91226,6.9456,0.88325,5.954
532,1314,17,18,5,3.9757,25.163,2.8872,18.5
533,1690,19,373,10,1.4784,9.5099,1.446,8.7101
534,1344,18,31,5,4.9862,15.617,4.7691,17.227999999999998
535,1889,25,16,4,7.7607,21.871,7.4117,18.969
536,1377,18,69,6,3.8819,12.27,3.4457,13.797
537,1783,21,49,6,1.2125,7.1999,0.84962,6.0289
538,87,2,27,5,4.0483,18.401,3.3972,17.07
539,466,5,114,11,2.029,11.747,1.7056,9.3245
540,106,2,52,6,2.1973,8.1507,2.2021,12.713
541,633,7,125,8,1.8482,6.2362,1.1805,8.578
542,813,10,39,5,9.9658,34.654,10.597,28.313
543,1006,11,99,7,2.9385,11.22,1.8925,10.727
544,1985,25,130,10,0.8254600000000001,6.2438,0.60516,5.3424
545,49,1,68,6,3.3086,10.985,3.0206,12.486
546,1787,21,56,6,1.1676,6.7509,0.76802,5.6664
547,1899,25,31,5,2.3,11.994000000000002,2.4049,9.1281
548,1752,21,10,3,8.2328,31.434,9.1408,25.609
549,1965,25,108,8,5.6653,18.343,6.0543,15.151
550,1077,12,40,5,9.5741,28.038,9.1076,23.101
551,225,3,86,9,3.1747,15.295,2.5449,15.355
552,1381,18,73,6,4.1607,15.617,3.926,12.983
553,1823,23,16,4,3.6976,13.139,3.3279,13.309
554,630,7,122,8,3.2195,13.116,2.5767,11.539
555,2251,41,29,5,15.220999999999998,43.872,10.97,26.971
556,250,4,43,6,9.2564,41.92,7.3212,30.687
557,1280,16,26,5,6.1008,22.121,5.6808,20.12
558,2228,28,192,10,3.5868,14.513,2.5078,10.249
559,2178,28,122,7,1.5964,9.2884,1.2344,7.7695
560,170,3,14,4,5.9741,25.022,4.1098,15.986
561,174,3,22,5,3.3311,11.776,2.7910000000000004,19.445
562,2115,28,50,5,1.9282,8.8116,1.5836,8.1999
563,1045,11,149,8,15.785,37.641,17.082,34.595
564,2276,41,56,6,2.5428,8.855,1.7869,8.6287
565,682,7,177,8,2.2894,10.314,2.9286,10.544
566,904,10,141,9,2.5203,21.003,1.9312,14.219
567,1701,19,395,10,2.4639,8.1785,1.9662,8.4726
568,393,4,229,14,1.8128,10.605,1.0364,7.8458
569,72,1,101,9,2.1705,9.3701,1.0763,7.7365
570,2049,27,49,6,5.7159,16.312,5.6285,14.144
571,1451,18,152,8,4.83,12.27,3.4416,12.247
572,940,11,24,5,7.6133,24.285,5.6897,17.326
573,634,7,126,8,5.95,20.271,5.1868,15.377
574,93,2,35,4,3.3555,14.072,2.6854,12.422
575,1779,21,43,5,1.6989,8.9812,0.36945,5.6973
576,1265,16,8,3,9.3725,27.943,8.4974,29.728
577,1219,13,124,8,2.0735,13.108,0.7975,8.1737
578,2258,41,37,5,5.4527,17.907,4.7494,13.962
579,1392,18,85,7,5.5104,21.194000000000003,5.3002,16.005
580,916,10,154,9,2.2263,8.7686,3.1508,9.3351
581,1052,11,162,10,3.7763,12.142,2.9131,12.485
582,2194,28,146,8,3.2136,13.477,2.489,10.651
583,557,7,41,5,3.2433,10.565,2.3873,11.469
584,1043,11,147,9,3.2663,9.2161,2.2078,12.464
585,1646,19,290,9,1.7982,12.104,2.4363,11.894
586,1431,18,129,7,2.3313,6.9829,1.5739,9.7055
587,1896,25,25,5,2.0742,10.583,1.6407,8.5128
588,2187,28,137,8,1.6897,10.128,0.8101,6.2587
589,1471,18,174,9,1.6286,6.8936,0.62203,6.0695
590,73,1,102,9,2.0249,9.5156,5.3749,15.659
591,1226,13,132,7,1.2989,6.9355,0.55014,7.5885
592,1015,11,111,7,5.3184,15.785,4.1621,15.128
593,2024,27,19,4,6.7966,21.749,6.5193,17.06
594,1286,16,33,5,3.6209,9.2793,1.6097,9.5808
595,2075,27,81,7,0.95832,4.5265,0.36561,5.2082
596,1765,21,25,5,3.6673,15.717,3.0610000000000004,12.675
597,535,7,14,4,7.9652,28.617,6.8383,21.496
598,97,2,41,6,0.81182,8.0641,0.59523,6.4045
599,1729,19,446,13,1.4178,8.5157,0.60411,7.3308
600,355,4,171,8,3.2403,18.128,2.4624,13.111
601,739,8,52,5,1.8106,10.305,1.9004,9.9478
602,1785,21,51,6,11.227,32.183,8.5938,23.429
603,135,2,82,5,2.3164,11.907,0.99308,9.516
604,1075,12,38,5,2.1747,10.942,2.4559,9.7737
605,684,7,179,8,5.2107,16.692999999999998,4.3026,14.109000000000002
606,1454,18,155,7,1.8517,10.787,1.6431,9.5131
607,1562,19,159,7,3.3717,13.833,2.2430000000000003,12.89
608,1841,23,38,5,8.6247,20.647,7.5537,18.86
609,1589,19,189,8,1.8933,12.104,1.6425,9.6361
610,517,6,68,7,4.0922,12.898,3.404,12.248
611,1758,21,18,4,7.2972,22.453000000000003,5.2075,15.192
612,1835,23,28,5,1.4828,14.077,2.2102,11.464
613,655,7,148,6,2.8856,9.2172,1.4592,8.5248
614,1466,18,167,8,1.7736,6.9717,0.65179,6.3673
615,291,4,92,6,1.7334,19.261,2.418,14.519
616,1688,19,371,10,1.7377,10.374,2.0594,10.326
617,1842,23,41,5,3.4536,14.077,2.4267,11.092
618,204,3,60,6,2.0956,11.526,4.8445,13.947
619,1925,25,61,6,6.8506,23.988000000000003,7.5702,18.385
620,1463,18,164,8,2.3648,8.2322,1.0755,8.2172
621,1325,17,35,7,2.7008,18.453,2.3458,16.81
622,1795,21,65,6,9.7296,32.183,10.025,24.342
623,1959,25,102,8,4.218999999999999,14.11,4.2724,11.615
624,1365,18,54,6,1.3051,5.622000000000001,0.7255699999999999,5.3875
625,478,6,20,5,4.5964,15.243,3.7436,13.919
626,2183,28,127,6,1.7623,5.5254,2.3884,12.07
627,1555,19,148,7,11.239,31.123,11.355,27.452
628,179,3,30,5,3.5031,21.895,2.8605,18.176
629,261,4,59,5,1.9261,10.616,1.7145,9.4862
630,223,3,83,7,2.424,13.168,1.0199,7.9759
631,1049,11,159,10,2.6106,10.722,1.8455,8.7471
632,830,10,57,6,1.3232,12.602,1.0692,9.2735
633,1382,18,74,6,6.9271,24.54,5.1541,15.919
634,234,4,22,5,9.6416,37.388000000000005,8.7711,30.767
635,1615,19,238,8,7.9797,21.613000000000003,8.7246,21.663
636,1271,16,16,4,4.0983,16.3,2.412,13.155
637,2222,28,184,9,2.177,8.6146,1.3951,9.51
638,2108,28,42,5,2.0526,8.8945,1.2923,6.8578
639,1942,25,80,7,0.98773,7.0552,0.6735399999999999,4.6389
640,980,11,69,6,4.3834,18.214,3.3762,14.123
641,1564,19,162,7,1.902,10.374,2.3078,12.372
642,378,4,199,9,1.3709,10.514,1.2386,7.8494
643,593,7,81,5,9.1337,29.81,8.3122,24.759
644,675,7,170,7,4.6145,14.309,3.6894,13.115
645,441,5,84,7,9.2693,24.562,9.6021,24.262
646,946,11,30,5,6.4112,19.428,5.3163,18.781
647,1064,12,25,5,4.363,15.045,3.6415,11.099
648,331,4,139,7,1.3822,9.9475,1.5408,8.5566
649,127,2,73,5,5.3472,19.484,4.6474,15.513
650,1044,11,148,9,3.9948,14.571,2.5785,11.666
651,1323,17,32,6,2.5163,25.163,1.9306,20.087
652,420,5,48,5,2.4028,12.815,2.8712,14.863
653,1133,13,19,4,3.7657,19.067,4.1562,17.011
654,109,2,55,7,1.169,8.2048,0.71608,7.9549
655,2329,41,119,7,0.68942,7.4403,0.48862,4.588
656,427,5,59,7,0.98246,8.7781,0.99513,7.83
657,1071,12,34,5,3.05,15.045,3.3399,12.646
658,794,10,14,4,3.7385,28.354,3.6771,18.189
659,2353,41,147,10,1.1908,7.7985,0.7653,5.5244
660,1919,25,55,6,0.7760699999999999,4.0638,0.46846,5.7562
661,1830,23,23,5,2.5339,12.2,2.5878,10.307
662,1340,18,25,5,3.0564,12.27,2.4663,10.909
663,1257,13,169,10,1.0725,5.3744,0.52974,6.0927
664,2029,27,27,4,9.5152,19.03,8.4493,19.144
665,1681,19,358,10,2.4639,8.1785,1.9662,8.4726
666,1386,18,78,6,5.4435,14.501,3.9698,13.812
667,902,10,139,9,1.6067,12.602,0.79896,8.3471
668,1227,13,133,7,2.3595,9.7955,1.003,8.5139
669,2105,28,39,5,8.0652,27.99,8.955,26.122
670,1319,17,26,5,3.3551,16.775,3.1464,18.767
671,293,4,95,6,9.9248,30.59,8.2546,24.618
672,1780,21,44,5,2.4249,8.9812,1.6626,7.6102
673,1602,19,209,7,0.75215,4.6599,0.8545299999999999,6.337999999999999
674,573,7,59,5,2.0867,11.518,2.2645,12.3
675,1843,23,42,6,1.6048,7.4046,1.0022,6.85
676,1512,19,78,6,8.2304,35.446,8.1797,28.359
677,2219,28,180,8,1.4513,8.427999999999999,0.71124,7.2357
678,1989,26,6,2,8.3389,29.341,7.3542,24.412
679,1870,24,28,5,3.891,13.752,3.3236,10.765999999999998
680,2278,41,58,6,3.08,11.639,3.4267,10.925999999999998
681,974,11,63,6,3.8613,12.057,1.9629,10.414
682,521,6,73,8,4.8309,19.933,4.6414,18.927
683,2149,28,90,7,2.5709,14.513,2.2209,9.7448
684,1943,25,81,7,2.1871,9.1717,0.75773,6.9009
685,1751,19,496,14,3.4236,11.239,2.4626,12.41
686,2319,41,102,6,1.2535,8.9535,1.1428,8.6393
687,1057,12,17,4,2.7423,11.626,2.4169,9.1278
688,744,8,58,6,0.92081,10.345999999999998,1.2305,9.2763
689,1994,26,16,4,7.4124,23.164,6.6743,18.839
690,1528,19,102,7,4.8501,19.884,3.9096,14.271
691,217,3,76,7,2.3302,10.619000000000002,1.7698,9.6367
692,1747,19,487,13,2.3688,9.5099,2.5551,12.8
693,1114,12,90,7,1.2378,8.2063,0.87072,6.1787
694,1839,23,32,5,7.9489,19.708,5.428,15.656
695,272,4,72,7,2.7644,10.911,1.3188,7.9014
696,498,6,48,6,4.8543,17.588,3.7504,13.537
697,438,5,80,7,3.1396,12.815,2.0597,10.297
698,1851,23,51,7,5.34,14.077,4.1582,13.29
699,1427,18,125,7,2.2533,7.6522,1.3173,9.6485
700,1628,19,254,8,7.7635,23.343000000000004,6.0668,15.984000000000002
701,729,8,42,5,4.0764,20.692,3.3391,14.646
702,1435,18,133,8,1.584,7.7191,1.0802,8.6424
703,840,10,68,6,2.0058,14.702,2.1519,10.158
704,836,10,64,6,7.917999999999999,34.654,8.8083,26.88
705,992,11,83,6,7.8075,21.856,7.064,20.455
706,361,4,177,10,1.9827,11.33,1.0977,7.7387
707,1990,26,11,4,10.501,38.606,9.2566,33.333
708,2233,28,201,11,3.5972,16.586,2.5982,12.465
709,192,3,46,6,3.6752,17.203,2.4571,13.739
710,1441,18,139,7,1.6844,7.5741,0.97702,6.622999999999999
711,758,8,75,6,0.93116,8.3183,0.62102,5.6697
712,1503,19,64,6,1.9193,14.697,2.4565,9.8584
713,735,8,48,5,4.9765,27.935,5.0799,17.692999999999998
714,2171,28,115,7,3.5143,13.477,3.0232,10.776
715,2371,41,181,10,1.5758,8.9355,1.8343,9.5802
716,1680,19,356,10,1.2795,7.6339,0.80706,6.8715
717,1348,18,35,5,7.9422,22.31,6.3249,20.337
718,158,2,117,7,0.81182,7.327999999999999,0.60517,6.154
719,639,7,131,7,3.6726,10.636,2.5867,10.319
720,1762,21,22,5,3.6374,16.465999999999998,3.5229,11.25
721,2369,41,178,8,1.8713,6.724,0.97412,7.0302
722,1410,18,104,7,2.0971,9.6712,1.0292,7.0809
723,869,10,100,7,1.6697,9.6718,1.2815,8.8004
724,1213,13,115,7,1.2989,6.9355,0.55014,7.5885
725,605,7,95,6,4.6622,17.886,4.2485,14.31
726,94,2,37,6,3.7668,16.236,2.5701,13.733
727,1164,13,56,6,2.2522,19.067,2.5644,15.866
728,2036,27,35,5,10.195,29.225,10.411,21.862
729,2176,28,120,8,1.6586,6.872999999999999,0.9483,6.992000000000001
730,300,4,103,8,9.6303,41.92,8.6419,28.625
731,1724,19,439,12,2.4726,10.374,2.8882,12.807
732,1691,19,374,10,2.7579,14.697,2.7643,10.991
733,978,11,67,6,3.3513,11.499,1.5566,9.5172
734,547,7,30,5,6.4747,22.655,7.0901,19.807
735,1608,19,220,8,1.1066,8.4206,1.0142,7.8818
736,2308,41,89,7,1.2266,7.4403,0.96564,5.5634
737,2372,41,182,10,2.2294,11.639,1.9034,10.084
738,626,7,118,6,3.1598,9.5033,2.5095,13.088
739,801,10,23,5,4.169,21.003,3.194,22.076
740,1643,19,280,9,3.0864,11.239,2.0722,13.108
741,2293,41,74,6,1.352,5.962999999999999,1.0299,5.4995
742,1778,21,42,5,2.9713,14.22,3.2458,10.392
743,525,6,77,9,3.799,11.725,3.4196,12.831
744,1149,13,39,5,4.0159,21.45,3.7728,14.924
745,449,5,93,9,1.7193,9.2693,0.93035,8.9516
746,2263,41,43,6,5.0945,15.220999999999998,4.646,12.611
747,1537,19,119,7,6.3544,26.801,4.7546,17.493
748,1727,19,443,11,2.8097,12.968,2.0455,8.7252
749,226,4,9,4,13.595999999999998,43.053,15.09,36.358
750,2103,28,34,5,3.1618,16.586,3.584,14.796
751,1596,19,198,8,5.0316,23.343000000000004,2.6046,12.529000000000002
752,246,4,39,6,4.6339,20.393,4.7864,16.291
753,84,2,24,5,5.0333,20.566,5.2529,22.579
754,2144,28,85,6,1.9282,9.1226,1.3191,7.8369
755,2309,41,90,7,1.9966,7.0106,1.6662,7.6166
756,1776,21,39,5,2.0432,8.2328,1.4162,6.5767
757,1799,21,74,7,1.19,8.2328,0.96627,5.6983
758,580,7,66,6,4.1734,15.501,3.0742,12.043
759,2051,27,51,6,6.6606,19.71,6.9587,16.435
760,805,10,27,5,1.5962,9.6402,1.0789,7.4174
761,1053,11,164,9,7.2733,25.499,9.9534,26.193
762,1419,18,115,7,4.4173,13.386,3.0422,12.384
763,1416,18,111,6,1.3609,5.2539,0.77967,6.4682
764,1609,19,222,7,4.4178,16.426,4.2983,13.423
765,2379,41,198,13,1.7280000000000002,10.744000000000002,2.2267,8.5854
766,2147,28,88,7,2.1355,9.1744,1.4408,7.7313
767,513,6,64,8,4.2094,16.416,3.2742,11.473
768,523,6,75,8,9.0403,23.451,7.6922,19.303
769,2141,28,82,7,2.2288,10.367,1.8904,8.0796
770,483,6,29,5,3.8108,14.07,2.9991,13.372
771,1576,19,176,8,2.4034,12.104,1.9993,9.4559
772,398,5,20,4,2.2105,14.951,2.4103,14.889
773,856,10,87,7,4.2741,21.003,3.7997,13.79
774,1533,19,109,7,7.3918,23.343000000000004,2.3448,11.251
775,2185,28,131,8,2.0422,9.2262,1.8775,8.7751
776,1630,19,258,8,3.536,16.426,3.2432,13.925999999999998
777,2060,27,64,7,2.9429,12.234000000000002,2.9219,9.6741
778,599,7,89,6,6.9159,15.501,4.8303,14.895
779,545,7,24,5,6.5701,21.463,5.5619,15.957
780,1160,13,50,6,3.861,19.067,3.3629,14.199000000000002
781,1102,12,74,7,3.7612,11.626,1.3135,5.6129
782,1254,13,164,10,1.1082,8.4608,0.95231,7.9138
783,2268,41,48,6,1.531,8.7923,1.1594,6.9054
784,527,6,79,9,5.1592,17.588,3.88,13.851
785,1152,13,42,5,2.8242,16.683,2.8987,11.188
786,187,3,40,5,5.2547,18.767,2.1084,14.532
787,1111,12,86,10,2.2636,9.5741,1.3009,7.0175
788,212,3,71,6,2.5335,12.949000000000002,0.99826,8.309
789,724,8,34,5,2.1313,9.8496,2.1084,11.905
790,1770,21,32,5,1.8861,10.478,1.5443,7.8008
791,309,4,113,8,1.3709,7.4776,1.8048,10.992
792,36,1,54,6,6.7496,21.175,7.1888,20.45
793,606,7,96,6,5.4015,19.078,3.893,16.354
794,88,2,30,5,1.7752,18.401,2.1045,13.999
795,348,4,163,8,1.994,12.463,1.797,10.416
796,1459,18,160,9,1.8294,7.1502,1.2696,8.4568
797,887,10,122,8,3.8015,15.752,2.8694,11.556
798,1275,16,21,4,9.908,27.943,8.4653,22.887
799,142,2,91,6,2.8035,14.072,2.6414,11.15
800,640,7,132,7,1.9555,11.697,1.5863,8.9048
801,906,10,143,9,1.9638,10.291,1.3783,12.074000000000002
802,1923,25,59,6,1.4604,8.4662,1.3038,7.1667
803,674,7,169,8,1.6574,5.9858,1.1514,9.6311
804,334,4,142,9,1.3369,13.595999999999998,1.1017,9.0808
805,714,8,19,4,0.81735,8.4218,1.6099,8.9403
806,800,10,22,5,10.501,39.905,7.0734,23.731
807,2288,41,68,6,2.9367,14.326,2.7546,9.5771
808,1005,11,98,7,2.4285,10.625,1.0461,9.6364
809,1828,23,21,5,3.1158,13.139,2.6895,10.849
810,424,5,53,7,3.2464,20.29,4.2241,17.729
811,1629,19,255,8,4.8846,12.968,3.9676,14.992
812,1647,19,294,9,7.02,20.749,6.2024,18.03
813,171,3,15,4,2.424,11.463,2.1403,13.339
814,866,10,97,7,4.2741,21.003,3.7997,13.79
815,700,7,200,9,4.2091,10.994000000000002,3.17,10.687
816,2192,28,144,8,3.4624,12.44,2.846,10.24
817,2339,41,131,8,1.7996,8.9535,1.5056,7.3106
818,1061,12,21,4,9.5741,27.354,9.5552,22.692
819,1218,13,122,8,4.8024,20.258,5.2153,17.514
820,2335,41,125,6,1.6206,8.6222,1.2134,6.3902
821,1388,18,80,6,5.9566,17.848,3.12,13.038
822,32,1,50,6,2.5807,9.9127,1.016,9.4538
823,1278,16,24,5,1.9211,11.457,1.6152,10.777
824,2218,28,178,9,1.7105,11.403,1.7484,8.9449
825,1892,25,20,4,0.79018,6.3638,0.4051,6.6392
826,1016,11,112,7,3.3756,10.552,2.1426,9.8867
827,227,4,10,4,9.4037,30.59,11.354,24.089
828,1768,21,30,5,2.8066,11.975,2.9584,10.659
829,955,11,39,5,4.092,15.785,2.9112,12.91
830,337,4,147,8,3.4556,21.526,2.1015,14.361
831,2133,28,73,6,3.0063,12.44,1.6319,7.9834
832,1719,19,427,10,3.7867,13.833,3.5609,11.788
833,747,8,62,6,0.92081,10.345999999999998,1.2305,9.2763
834,333,4,141,9,5.6082,32.856,6.1084,24.821
835,2158,28,102,7,2.5191,10.367,1.9438,8.8866
836,1401,18,94,7,5.5104,21.194000000000003,5.3002,16.005
837,1107,12,82,8,3.8091,15.045,3.9663,12.165
838,1225,13,131,7,1.5372,5.0765,1.6965,12.986
839,921,10,163,9,1.0921,9.3567,0.71402,5.9084
840,2374,41,185,9,1.1908,5.1124,0.70991,4.8728
841,1999,26,25,5,4.6791,16.987000000000002,3.6697,12.878
842,1749,19,490,14,1.1498,5.9394,0.83914,6.739
843,771,8,92,7,1.5209,10.015,1.2884,8.7973
844,481,6,26,5,5.3585,17.588,4.4281,15.31
845,1947,25,89,7,0.83957,4.5506,0.82376,4.7973
846,2034,27,33,5,4.2343,14.952,2.2597,9.7906
847,1347,18,34,5,4.8412,15.617,5.1083,15.976
848,190,3,43,4,3.9097,25.022,3.9706,19.194000000000003
849,986,11,75,6,1.6514,7.9533,1.0374,7.1686
850,1438,18,136,8,2.7887,9.9947,2.2527,10.248
851,649,7,141,7,6.3674,17.886,5.52,15.969
852,408,5,34,6,2.2746,9.8673,1.929,12.853
853,154,2,111,7,0.8226399999999999,7.6419,0.35869,5.0836
854,1169,13,62,6,2.0139,11.583,1.5511,10.856
855,857,10,88,6,1.2812,9.0417,0.47885,7.972
856,1796,21,69,7,1.1077,5.9276,0.89086,6.1353
857,1403,18,97,7,5.8897,21.194000000000003,5.2928,16.171
858,2226,28,189,10,1.4617,8.6353,1.129,6.6073
859,2132,28,72,6,1.6275,7.4224,0.84377,6.0841
860,469,6,10,4,2.0754,8.3602,1.172,8.398
861,1422,18,118,7,2.1529,12.27,1.1658,11.698
862,627,7,119,6,3.0406,13.116,2.6659,10.29
863,2211,28,171,7,1.5031,6.562,0.95179,7.1176
864,28,1,45,5,5.2409,18.528,4.0817,15.563
865,376,4,197,8,1.8014,9.5056,1.3468,7.2908
866,1648,19,298,9,5.0575,19.02,4.644,13.8
867,216,3,75,7,1.3919,11.448,0.90284,8.412
868,132,2,79,7,1.3855,4.7518,0.76381,8.6721
869,110,2,56,5,2.5978,8.2806,0.95054,7.1987
870,1300,16,49,6,2.5381,11.643,2.2408,10.323
871,1206,13,105,6,4.0159,16.683,3.6097,14.991
872,1105,12,78,6,3.8433,14.361,3.2771,11.126
873,1356,18,45,6,2.4987,8.9461,2.3498,10.654000000000002
874,1273,16,18,4,4.1099,15.136,3.3645,13.324000000000002
875,2109,28,44,5,7.1011,27.99,5.7375,21.452
876,1196,13,91,6,4.5998,16.683,3.6287,14.626
877,1819,23,12,4,6.803999999999999,21.585,5.4044,16.456
878,1217,13,120,8,1.3347,8.7826,1.0367,8.8407
879,2177,28,121,8,1.5239,6.7072,1.3729,7.1486
880,1408,18,102,7,2.3313,6.8267,0.93902,7.4171
881,409,5,35,6,3.3532,12.815,2.0096,11.049
882,1949,25,92,7,2.5399,11.288,1.2204,7.185
883,2321,41,108,6,5.6675,19.698,5.7845,16.245
884,894,10,130,9,4.2846,10.501,2.5326,13.026
885,2271,41,51,6,1.531,8.7923,1.1594,6.9054
886,288,4,89,6,4.5885,33.989000000000004,4.5235,22.737
887,2239,41,15,4,2.1936,9.8488,2.0512,10.038
888,1518,19,90,7,5.7059,17.291,5.2352,14.774
889,703,7,204,9,3.6010000000000004,14.309,1.349,8.2801
890,336,4,144,9,4.6339,36.255,4.3191,23.111
891,2366,41,172,8,2.0862,13.43,1.8944,8.1201
892,2095,28,26,5,2.6538,15.55,3.2464,13.046
893,748,8,63,6,2.5245,16.554000000000002,2.4277,11.769
894,375,4,195,9,3.1836,12.463,1.8464,11.222
895,2055,27,57,6,5.9946,16.991,6.0484,14.944
896,1116,12,92,10,3.3372,14.361,3.3412,11.327
897,185,3,37,5,6.0366,21.895,3.4086,15.789
898,1406,18,100,7,1.8628,8.8123,1.3454,7.8983
899,1272,16,17,4,9.5238,23.286,9.0796,22.875
900,2107,28,41,5,3.3484,13.477,2.4292,10.806
901,2101,28,32,5,2.7886,10.159,2.7114,10.447
902,1167,13,60,6,3.9087,16.683,3.5195,13.392
903,2134,28,74,6,3.6387,13.477,2.0678,9.0459
904,621,7,113,7,0.81083,6.8801,0.70018,4.8144
905,494,6,43,6,2.99,14.07,2.8445,12.534
906,2328,41,116,7,1.4773,12.535,1.7564,8.4806
907,678,7,173,8,2.8856,7.4167,2.2687,10.255
908,258,4,56,5,4.7811,15.862,4.6407,15.428
909,1665,19,333,9,1.5043,8.6454,1.2137,6.1770000000000005
910,2252,41,31,5,1.8265,9.8488,1.6972,10.103
911,2237,41,12,4,8.4342,25.07,8.5766,19.619
912,1050,11,160,10,4.3348,14.571,3.1862,12.295
913,289,4,90,6,1.7448,12.463,1.3839,8.6307
914,451,5,96,9,2.7765,12.815,2.6114,12.207
915,1579,19,179,8,9.5099,28.53,9.1451,22.386
916,641,7,133,7,6.1647,19.078,4.9342,15.659
917,1603,19,210,8,2.1441,11.239,2.8374,13.585
918,704,7,205,9,4.7934,15.501,3.6745,12.827
919,2056,27,58,6,3.2624,11.554,3.3435,11.939
920,1173,13,66,6,1.4896,14.3,1.4281,8.9947
921,550,7,33,5,3.1241,13.116,4.4549,17.771
922,480,6,25,5,6.2848,16.416,5.9085,21.484
923,716,8,22,4,7.0768,25.865,8.5917,25.963
924,719,8,26,4,4.6247,24.831,4.3884,16.59
925,1809,21,90,8,3.1883,14.969,3.2341,10.838
926,2279,41,59,6,1.8176,7.4761,1.1901,6.39
927,595,7,83,7,2.3967,9.9565,1.7241,7.5779
928,1580,19,180,8,2.2392,12.104,1.8983,8.6372
929,397,5,19,4,5.2434,24.562,5.3001,22.932
930,1502,19,63,6,3.1901,11.239,1.9847,10.456
931,222,3,81,8,7.7882,20.331,6.6843,21.749
932,502,6,53,6,3.0603,10.33,1.4347,9.2506
933,1207,13,106,6,1.1917,8.3893,0.86077,8.3527
934,1024,11,121,8,2.5499,8.0868,1.9929,10.46
935,1430,18,128,7,0.8143,4.8412,0.55485,5.9972
936,1750,19,492,14,1.7723,8.6454,0.89444,7.9426
937,987,11,76,6,2.9385,11.062,1.4392,10.244000000000002
938,1822,23,15,4,3.7445,11.262,5.5681,14.394
939,1054,11,165,9,11.657,29.142,11.003,27.169
940,463,5,111,9,3.0008,14.951,2.1764,15.803
941,989,11,78,6,16.999000000000002,42.498000000000005,17.624000000000002,37.924
942,786,8,115,9,3.0728,13.45,3.4871,13.085
943,311,4,115,7,2.7078,13.595999999999998,2.7684,13.212
944,457,5,105,10,3.3318,12.815,1.8967,10.553
945,485,6,31,5,4.5143,17.588,3.7994,14.03
946,985,11,74,6,3.0235,10.236,1.5228,8.716000000000001
947,1494,19,49,6,8.4725,34.582,9.2306,26.192
948,1645,19,282,8,4.3313,16.426,4.1503,13.375
949,491,6,39,5,4.6667,15.243,2.3285,11.548
950,741,8,54,6,4.2937,20.692,3.333,16.407
951,1147,13,36,5,4.9335,21.45,4.7535,16.337
952,2337,41,128,8,1.4684,5.5511,0.87854,5.7075
953,301,4,104,8,6.7298,33.989000000000004,6.6023,25.538
954,116,2,62,7,1.4937,7.4146,0.57321,7.3141
955,2179,28,123,7,1.5446,7.0492,0.67975,5.3467
956,2045,27,45,5,1.2506,4.3022,0.67803,4.332
957,1177,13,70,6,2.4667,9.3427,1.1784,7.5089
958,1699,19,388,10,5.9307,18.155,4.9582,13.963
959,3,1,16,4,11.157,34.41,12.764,34.198
960,332,4,140,9,12.463,32.856,9.6729,24.629
961,2139,28,80,6,3.0685,12.44,2.4153,8.7846
962,1490,19,42,5,12.968,39.769,13.983,29.941
963,616,7,106,7,4.543,15.501,4.2452,13.501
964,237,4,30,4,6.3786,15.862,5.6475,16.023
965,472,6,13,4,8.0202,25.796,7.7315,21.337
966,907,10,144,9,2.1843,15.752,2.0897,12.264
967,750,8,67,6,1.0243,7.6355,1.0654,7.5927
968,1527,19,101,7,5.8702,23.343000000000004,5.7348,17.062
969,2260,41,39,4,3.2859,10.744000000000002,1.7772,7.4472
970,1852,23,52,8,3.8384,10.323,2.3017,11.091
971,1290,16,37,5,6.9741,23.286,6.4984,20.662
972,279,4,80,6,1.7448,12.463,1.3839,8.6307
973,1731,19,449,14,1.7723,8.6454,0.89444,7.9426
974,555,7,39,5,3.1956,13.116,2.4288,9.9096
975,1335,18,20,4,8.4665,20.079,6.4773,17.398
976,1455,18,156,7,1.584,7.2394,1.0697,9.6258
977,2116,28,51,6,0.8293200000000001,8.7597,0.53795,5.3657
978,1748,19,488,13,1.4178,8.5157,0.60411,7.3308
979,816,10,42,5,1.7327,11.550999999999998,1.4049,9.4329
980,138,2,86,8,1.5154,8.5403,1.6945,10.304
981,328,4,135,7,2.4359,15.862,2.1231,11.589
982,769,8,87,7,1.7589,9.2909,1.3812,8.9875
983,763,8,80,6,2.3175,12.415,2.3609,10.159
984,1611,19,226,8,4.3227,17.291,3.7925,13.333
985,556,7,40,5,3.9349,11.173,3.4333,13.06
986,518,6,69,9,12.898,28.141,11.758,24.262
987,594,7,82,7,2.7067,13.116,2.3793,11.029000000000002
988,1639,19,273,9,1.7982,12.104,2.4363,11.894
989,340,4,154,8,3.9994,15.862,2.9532,13.107
990,564,7,50,6,2.5994,9.9565,2.5047,10.925999999999998
991,1801,21,77,7,4.4232,17.962,4.2187,13.358
992,1,1,11,4,19.852,50.291,17.55,41.302
993,1791,21,61,6,1.5717,11.227,1.0906,5.4083
994,1619,19,242,8,13.833,45.82,9.0757,29.032
995,1831,23,24,4,12.2,30.97,10.694,23.88
996,815,10,41,5,5.2927,18.902,4.1737,17.512
997,848,10,77,7,5.0932,17.852,2.8601,12.657
998,228,4,11,4,6.7865,37.388000000000005,7.7386,28.789
999,203,3,59,6,2.9714,13.668,2.3061,15.366
1000,1251,13,161,9,3.2532,13.108,1.693,9.9298
1001,68,1,93,10,5.6644,15.880999999999998,4.9564,14.295
1002,67,1,92,9,3.3351,17.205,3.277,13.873
1003,519,6,71,9,6.8359,19.933,5.946000000000001,17.194000000000003
1004,1037,11,136,8,6.1562,19.428,4.6017,15.798
1005,1924,25,60,6,6.8506,23.988000000000003,7.5702,18.385
1006,689,7,186,8,4.7934,17.886,4.1246,13.244000000000002
1007,1153,13,43,5,3.7657,21.45,2.4713,13.568
1008,47,1,66,6,2.3955,11.461,2.7974,16.088
1009,6,1,20,4,4.2748,15.880999999999998,3.5610000000000004,16.824
1010,766,8,84,7,4.9041,23.796,6.1076,21.19
1011,1209,13,108,7,2.3237,15.492,2.1921,11.838
1012,1216,13,119,8,3.0149,14.3,2.1826,10.867
1013,1423,18,119,8,3.4134,13.386,2.9863,13.05
1014,1736,19,459,11,1.8069,9.5099,1.402,7.1279
1015,1387,18,79,6,15.617,36.811,14.328,32.123000000000005
1016,945,11,29,5,7.1276,21.856,5.1645,16.68
1017,1099,12,68,7,2.5029,8.8902,1.4308,6.9944
1018,644,7,136,7,1.9794,7.0351,1.7537,9.2806
1019,1916,25,52,6,5.8911,16.932000000000002,5.1479,13.704
1020,659,7,152,8,3.8872,11.924,2.5803,10.23
1021,1379,18,71,5,4.4396,14.501,4.5367,16.209
1022,558,7,42,5,5.0319,21.463,5.5047,16.145
1023,1726,19,442,11,4.2449,15.562,4.92,13.371
1024,1329,18,11,4,12.27,37.926,13.258,30.883000000000003
1025,1046,11,151,9,5.0027,16.999000000000002,3.7019,14.98
1026,1774,21,36,5,5.4636,19.459,5.5168,15.841
1027,2220,28,181,11,3.5972,16.586,2.5982,12.465
1028,1515,19,84,6,5.023,19.02,4.3502,15.383
1029,624,7,116,6,11.101,33.387,11.195,28.07
1030,2022,27,16,3,14.952,34.662,17.660999999999998,27.685
1031,122,2,68,7,0.77935,6.3971,0.43532,4.8642
1032,2122,28,57,6,3.5246,15.55,3.4809,12.257
1033,1805,21,82,8,0.8232799999999999,7.4843,0.57309,4.6187
1034,133,2,80,7,0.77935,6.3971,0.43532,4.8642
1035,691,7,188,8,5.6042,22.655,4.8566,15.859000000000002
1036,1080,12,43,5,2.8996,12.993,2.2546,9.4792
1037,737,8,50,5,1.8106,10.305,1.9004,9.9478
1038,802,10,24,5,2.8879,13.652,2.0559,9.7463
1039,1879,24,41,5,9.7072,27.504,11.189,31.137
1040,1194,13,89,6,1.5372,8.3417,1.1383,7.5381
1041,403,5,26,5,8.7033,32.037,9.5626,25.333
1042,453,5,100,8,4.058,16.018,2.8815,12.439
1043,1458,18,159,9,1.517,7.9087,0.6270100000000001,5.977
1044,1563,19,160,7,5.6973,21.613000000000003,5.0674,18.5
1045,2238,41,14,4,10.744000000000002,27.756,9.638,18.465
1046,650,7,142,7,5.0677,16.692999999999998,5.6977,19.126
1047,846,10,74,7,6.4688,23.103,5.8669,17.665
1048,957,11,43,5,38.856,80.14,10.833,37.938
1049,1100,12,70,7,1.6413,7.5225,0.91706,5.2568
1050,1240,13,147,7,2.2999,11.654000000000002,1.1336,8.2405
1051,619,7,111,7,1.8363,10.66,1.4135,8.475
1052,2070,27,75,7,1.9642,6.0829,0.50067,4.4028
1053,1447,18,147,6,1.7067,8.2657,0.6154,7.3026
1054,638,7,130,8,1.6932,8.5614,0.77566,6.1457
1055,1634,19,263,9,11.239,28.53,3.839,4.4334
1056,1631,19,259,8,3.1901,16.426,3.5722,13.227
1057,1997,26,19,4,3.876,13.867,2.478,12.292
1058,654,7,147,7,3.7918,14.309,1.9375,8.7159
1059,1869,24,26,5,3.1710000000000003,9.7072,2.8234,12.72
1060,1544,19,127,7,1.7723,15.562,2.2849,10.611
1061,1056,12,13,4,7.5225,25.303,9.7674,21.367
1062,505,6,56,6,3.459,10.975,2.6749,10.54
1063,413,5,39,6,5.7346,19.222,5.4864,15.467
1064,1390,18,83,7,1.6063,8.2657,1.6541,8.9459
1065,1546,19,138,7,11.239,31.123,10.355,22.342
1066,1203,13,99,6,3.8372,14.3,2.1881,10.733
1067,419,5,47,6,1.4523,8.4043,1.1682,7.4363
1068,373,4,193,10,1.5522,8.5313,0.70095,5.894
1069,1771,21,33,5,3.7871,14.969,3.6741,12.419
1070,1237,13,144,7,1.8232,9.3188,1.3513,8.7342
1071,2291,41,72,5,11.639,29.546,11.357,24.771
1072,1594,19,196,8,2.827,18.155,2.5828,12.776
1073,563,7,49,6,2.0509,13.116,2.2638,10.019
1074,696,7,193,9,2.8856,8.8952,2.2732,9.5324
1075,2173,28,117,6,2.5087,11.403,1.9231,9.3264
1076,710,8,15,4,4.004,23.796,5.017,17.368
1077,1935,25,71,7,1.5592,6.9211,1.7253,7.0546
1078,504,6,55,6,3.9749,15.243,2.4636,12.085
1079,322,4,129,9,4.6339,36.255,4.3191,23.111
1080,77,2,6,2,21.649,60.61600000000001,23.36,49.063
1081,189,3,42,5,4.2851,25.022,3.3925,15.25
1082,731,8,44,5,2.3382,13.45,2.5462,14.56
1083,1235,13,142,8,2.3237,14.3,1.3589,9.525
1084,1456,18,157,9,1.372,7.9422,0.90925,6.9971
1085,784,8,112,8,0.72423,5.1007,0.84685,6.8149
1086,1014,11,110,7,9.2889,24.285,7.7143,20.604
1087,314,4,119,7,4.3619,20.393,5.2684,18.638
1088,363,4,179,10,1.6995,22.659,2.1415,17.391
1089,353,4,169,8,4.0674,15.862,3.8001,12.922
1090,2066,27,71,7,2.9429,12.234000000000002,2.9219,9.6741
1091,2250,41,27,5,7.7,29.546,6.6125,21.567
1092,1222,13,127,8,2.1688,8.3059,1.8101,9.3168
1093,1128,12,106,10,4.1032,14.361,3.2596,9.9073
1094,660,7,153,7,8.3348,25.04,7.2924,20.02
1095,1148,13,38,5,3.575,22.642,3.6673,15.558
1096,1475,19,12,3,25.072,62.247,18.689,38.182
1097,2285,41,65,6,0.97593,9.8488,0.8282200000000001,7.3493
1098,538,7,17,4,7.1543,23.848000000000003,4.3239,16.269000000000002
1099,1684,19,364,10,2.9394,10.374,2.7999,13.422
1100,1694,19,382,11,3.9336,13.833,3.0593,11.681
1101,2167,28,111,8,1.5239,6.7072,1.3729,7.1486
1102,1404,18,98,6,2.3202,7.8306,2.0245,10.885
1103,1573,19,173,8,3.2507,13.833,3.2488,11.207
1104,917,10,155,9,1.8272,11.550999999999998,1.6688,9.1145
1105,2201,28,159,8,1.2233,9.164,1.3524,8.2857
1106,1880,24,42,5,5.0801,17.796,5.003,15.172
1107,705,7,206,9,1.7409,8.0009,1.5861,8.5978
1108,1597,19,199,8,2.1441,11.239,2.8374,13.585
1109,2313,41,95,6,1.0744,7.502999999999999,1.8568,12.312
1110,1962,25,105,8,9.1717,23.988000000000003,9.7288,21.084
1111,1914,25,50,6,3.7745,14.11,2.853,11.207
1112,62,1,87,7,2.4881,13.102,1.9693,10.874
1113,17,1,33,5,8.3907,27.793000000000003,6.2581,20.52
1114,1362,18,51,6,1.294,6.7821,0.66089,5.6565
1115,1375,18,67,6,1.3943,7.9868,0.7630100000000001,6.559
1116,1429,18,127,7,1.3943,5.5774,1.234,8.5845
1117,447,5,91,9,6.952000000000001,22.426,6.2237,19.908
1118,1188,13,83,7,1.9901,10.058,1.0238,7.5359
1119,1827,23,20,4,5.827999999999999,15.954,5.437,21.296
1120,42,1,61,6,2.8587,9.3039,1.314,9.6931
1121,751,8,68,6,1.1588,11.380999999999998,1.1932,8.0028
1122,1969,25,112,9,1.5945,8.4662,0.88575,7.2705
1123,1279,16,25,5,3.7723,17.464000000000002,3.4745,13.191
1124,401,5,23,5,5.8307,25.629,11.421,26.84
1125,508,6,59,7,3.9749,14.07,3.7745,12.953
1126,2009,26,39,6,2.7951,13.327,1.9776,10.567
1127,102,2,48,5,2.9009,10.813,2.2349,10.967
1128,1122,12,99,7,3.4945,11.626,1.8835,8.8112
1129,534,6,86,11,1.8878,9.521,1.5702,8.0766
1130,2015,26,46,7,2.8877,11.906,1.7876,9.4846
1131,2033,27,32,5,1.903,8.8355,1.4438,7.0217
1132,2312,41,94,7,0.7610399999999999,6.5181,1.7329,6.7999
1133,1074,12,37,5,4.6229,15.045,4.1137,12.612
1134,738,8,51,5,0.99323,7.0251,0.86334,8.4209
1135,1361,18,50,6,1.5728,6.269,0.57539,5.5531
1136,1345,18,32,5,6.7598,22.31,6.0485,18.116
1137,198,3,54,6,1.7203,11.495,1.0126,8.8334
1138,1496,19,53,6,2.2392,14.697,2.3655,10.642
1139,1239,13,146,7,3.7537,13.108,2.4767,12.781
1140,15,1,31,5,4.6983,17.205,5.6414,22.083
1141,791,10,10,4,7.2984,52.507,6.8194,33.675
1142,278,4,79,6,3.3989,29.457,2.9383,21.727
1143,912,10,149,9,4.4211,15.752,3.1548,13.71
1144,1307,16,56,7,1.7697,9.7916,1.0835,8.6236
1145,1284,16,31,5,6.2638,19.793,3.6767,13.692
1146,1117,12,93,9,3.3099,12.993,2.7004,9.551
1147,732,8,45,5,2.5555,14.485,2.6883,15.836
1148,1020,11,117,8,4.9662,14.571,3.42,12.6
1149,1277,16,23,4,6.1823,22.121,5.4647,17.89
1150,1616,19,239,8,8.6454,31.988000000000003,7.6364,18.648
1151,1353,18,42,6,5.2204,21.194000000000003,4.14,15.538
1152,470,6,11,4,5.9331,21.106,6.4966,19.259
1153,329,4,136,7,2.1753,11.284,1.1323,9.0863
1154,1384,18,76,5,4.4396,14.501,4.5367,16.209
1155,48,1,67,6,3.0837,15.880999999999998,2.3756,12.175999999999998
1156,692,7,189,8,6.7489,21.463,6.1383,16.227999999999998
1157,851,10,80,7,2.6463,15.752,2.3561,10.92
1158,1722,19,431,10,7.0114,22.478,6.5521,17.586
1159,1716,19,423,9,1.5389,7.2362,0.5940300000000001,7.1713
1160,1304,16,53,7,1.7697,9.7916,1.0835,8.6236
1161,1166,13,58,6,7.722,27.408,6.4134,23.463
1162,1732,19,452,11,2.1873,7.9624,1.7438,8.5863
1163,1462,18,163,8,3.2683,12.27,2.528,9.9431
1164,2290,41,70,5,3.3934,12.535,2.8969,10.662
1165,277,4,78,6,4.0107,14.729,3.6579,14.546
1166,888,10,123,8,2.7514,14.702,2.5416,11.646
1167,1626,19,251,8,3.3803,14.697,3.3551,10.388
1168,872,10,103,7,0.90312,6.5108,0.48566,6.105
1169,305,4,109,8,1.6428,10.072,1.0808,8.0777
1170,997,11,89,7,4.7841,14.571,3.185,14.064
1171,1138,13,25,5,2.5859,19.067,1.5421,17.572
1172,124,2,70,6,3.3555,10.824000000000002,2.1438,10.291
1173,1021,11,118,8,4.4077,11.851,2.2331,11.142
1174,863,10,94,7,1.4597,8.7896,0.87536,8.3561
1175,366,4,184,11,2.2999,18.128,2.7303,15.88
1176,162,2,123,10,2.3164,12.989,2.5782,12.054
1177,2169,28,113,7,2.1148,8.5939,1.1785,6.8155
1178,2236,41,10,4,8.1208,22.384,7.7302,17.991
1179,598,7,86,7,2.8856,9.0979,1.8474,8.7815
1180,828,10,55,6,1.3232,12.602,1.0692,9.2735
1181,914,10,151,6,1.3442,7.1094,0.98254,10.295
1182,431,5,68,6,2.5202,12.815,1.7083,11.015999999999998
1183,1292,16,39,5,6.1008,22.121,4.955,18.219
1184,838,10,66,6,1.1972,9.8188,0.96668,8.3828
1185,1850,23,50,6,2.487,9.0845,1.3764,8.2118
1186,1035,11,134,8,14.571,36.427,8.9682,15.005999999999998
1187,948,11,32,5,8.7182,25.499,8.8089,27.166
1188,1539,19,121,7,1.4957,12.104,0.96627,6.9934
1189,1818,23,8,3,10.323,29.093000000000004,11.475,25.775
1190,795,10,15,4,2.7409,18.902,2.6513,15.424
1191,96,2,40,6,1.6994,10.792,1.0538,9.1218
1192,1511,19,77,6,7.0546,25.936,6.9670000000000005,19.164
1193,70,1,97,8,12.533,27.793000000000003,10.969,26.898000000000003
1194,191,3,44,4,4.0818,17.203,4.1736,16.349
1195,2198,28,151,9,1.4617,6.9974,1.3597,9.9784
1196,439,5,81,7,1.1854,7.5073,2.5663,12.297
1197,712,8,17,4,4.0143,22.762,5.4158,17.962
1198,1514,19,82,6,5.4725,15.562,4.9407,14.318
1199,1231,13,138,8,0.8341700000000001,7.0666,0.66133,6.6885
1200,304,4,108,8,1.9147,8.8825,1.3328,6.9205
1201,2002,26,29,5,4.3857,18.531,3.4132,14.94
1202,1670,19,341,9,7.971,25.072,7.4346,17.712
1203,1174,13,67,6,2.7647,11.917,1.6785,9.5487
1204,471,6,12,4,10.295,18.761,8.033999999999999,19.992
1205,2209,28,169,10,2.9752,9.8171,2.6583,13.129
1206,905,10,142,9,6.1853,18.902,5.471,18.635
1207,1185,13,79,7,3.003,16.683,2.6776,12.285
1208,29,1,46,5,7.2658,22.499,5.3991,18.933
1209,1389,18,81,6,3.4357,9.7381,2.3765,10.467
1210,759,8,76,6,0.807,11.380999999999998,1.0789,6.4207
1211,668,7,161,8,3.0406,14.309,2.8361,12.555
1212,383,4,209,14,1.8128,10.605,1.0364,7.8458
1213,1439,18,137,8,3.5807,13.386,2.9212,13.556
1214,61,1,84,7,2.4881,8.3378,1.115,7.7484
1215,628,7,120,6,3.4699,15.501,4.9615,14.95
1216,1745,19,484,13,1.2017,8.6454,1.0378,9.8929
1217,456,5,104,10,2.1144,7.9345,1.265,10.191
1218,1687,19,370,9,2.3515,18.155,0.62937,6.3842
1219,1452,18,153,8,2.7329,9.4815,1.3296,11.098
1220,1807,21,87,8,0.77089,5.5459,0.41673,4.1027
1221,2096,28,27,5,2.2392,13.477,2.3554,10.724
1222,2346,41,139,9,4.7991,16.116,4.0545,11.427
1223,1378,18,70,6,6.9271,24.54,5.1541,15.919
1224,1253,13,163,7,0.69117,6.4112,0.56925,6.1341
1225,1927,25,63,6,5.6794,17.637999999999998,5.7224,15.288
1226,454,5,101,8,6.354,22.426,5.9215,17.449
1227,74,1,103,9,3.3351,17.205,3.277,13.873
1228,364,4,180,9,1.7221,8.8145,0.71699,6.6431
1229,196,3,51,6,1.1416,10.525,1.1784,9.5314
1230,2273,41,53,6,7.7,29.546,3.9108,15.854
1231,2160,28,104,7,3.5143,13.477,3.0232,10.776
1232,1613,19,232,8,3.3803,14.697,3.3551,10.388
1233,1086,12,49,6,4.1852,11.626,2.4283,9.8553
1234,2300,41,81,7,3.277,14.326,3.4936,11.086
1235,1649,19,299,9,1.5216,9.5099,2.1448,9.5912
1236,996,11,88,7,18.214,43.713,17.44,36.593
1237,1025,11,122,8,5.3062,12.13,2.8334,15.734000000000002
1238,1557,19,150,7,2.0144,7.9624,1.7098,7.7459
1239,1800,21,76,7,0.62868,5.6507,0.57723,3.9142
1240,2249,41,26,5,5.9093,21.488000000000003,6.1763,18.851
1241,1621,19,246,8,4.7117,16.426,2.0042,13.958
1242,651,7,143,7,10.815,27.425,9.7269,21.848000000000003
1243,1725,19,441,11,3.9336,13.833,3.0593,11.681
1244,757,8,74,6,1.345,9.6219,1.297,8.7251
1245,46,1,65,6,4.8438,15.880999999999998,5.1657,16.595
1246,1318,17,25,5,1.795,15.265,1.3673,11.112
1247,701,7,201,9,2.4563,8.5017,1.5186,8.635
1248,323,4,130,7,1.7674,18.128,1.262,10.949000000000002
1249,2302,41,83,7,2.9994,14.326,2.7775,11.757
1250,1042,11,145,9,2.3799,9.556,1.4253,8.4487
1251,952,11,36,5,5.6826,20.642,4.8773,16.734
1252,2030,27,28,5,12.234000000000002,33.303000000000004,13.057,24.452
1253,1163,13,55,5,5.4459,21.45,5.2155,18.433
1254,870,10,101,7,6.8154,24.153,5.794,18.119
1255,742,8,55,6,2.5452,15.519,2.0641,12.072
1256,330,4,137,7,6.2993,22.659,5.8823,18.817
1257,83,2,23,5,5.358,21.649,4.3061,16.42
1258,924,10,166,10,3.4234,16.802,3.7514,17.977
1259,156,2,113,7,2.7169,10.824000000000002,0.96767,7.5216
1260,2301,41,82,7,1.5669,8.6043,1.6668,9.6176
1261,1661,19,325,9,1.7464,11.239,1.961,10.702
1262,1098,12,65,7,1.6413,7.5225,0.91706,5.2568
1263,663,7,156,7,11.614,31.002,10.383,25.48
1264,1931,25,67,6,4.3037,16.227,4.395,14.117
1265,1757,21,17,4,3.5326,15.717,3.5723,13.776
1266,165,2,127,11,2.1216,10.554,0.72795,6.5855
1267,1266,16,9,3,16.3,39.586,13.655,30.132
1268,1806,21,83,8,3.5625,12.723,3.1841,9.5641
1269,2020,26,51,10,1.7141,8.2463,1.2895,8.086
1270,1449,18,149,7,1.5728,7.2171,0.79123,7.4192
1271,2311,41,93,7,2.3995,11.639,1.8148,8.1602
1272,1317,17,24,5,1.0065,11.055,0.8516799999999999,18.707
1273,953,11,37,5,6.0105,23.071,4.2766,16.534000000000002
1274,23,1,39,5,5.585,22.499,4.8472,19.775
1275,1118,12,94,9,2.6739,8.2063,2.01,10.111
1276,123,2,69,6,3.5395,17.319000000000003,2.8283,15.203
1277,2265,41,45,6,4.4409,15.220999999999998,3.8022,11.439
1278,515,6,66,7,4.6081,15.243,3.5677,12.593
1279,1337,18,22,5,4.4396,15.617,4.7048,16.965999999999998
1280,1211,13,111,8,2.0735,13.108,0.7975,8.1737
1281,2283,41,63,6,1.6385,11.639,4.1309,9.2237
1282,933,11,13,4,11.317,36.427,12.503,31.56
1283,1032,11,131,8,6.8362,24.285,6.7948,18.52
1284,1623,19,248,8,2.4294,13.833,2.2325,11.859000000000002
1285,1106,12,80,8,8.8902,23.251,8.3908,18.985
1286,2206,28,166,9,6.1577,20.733,5.8066,15.947
1287,2172,28,116,6,3.5557,15.55,3.8636,11.796
1288,753,8,70,6,0.807,11.380999999999998,1.0789,6.4207
1289,2344,41,137,9,1.0744,8.7207,0.9901,7.9899
1290,244,4,37,6,4.6565,20.393,5.2558,17.529
1291,1534,19,113,7,4.4178,18.155,4.0958,13.51
1292,1352,18,41,5,5.8228,16.732,5.263,15.462
1293,956,11,42,5,7.419,24.285,7.216,20.072
1294,2294,41,75,7,1.7012,8.0402,1.0303,6.4896
1295,1223,13,128,8,1.6922,10.01,0.93864,8.0938
1296,172,3,17,4,8.1166,31.278,7.2559,22.659
1297,817,10,43,5,3.8855,16.802,4.1926,19.275
1298,2264,41,44,6,5.0318,17.012,4.7552,13.958
1299,2004,26,32,6,1.745,6.841,1.1753,7.502000000000001
1300,2148,28,89,7,1.8038,6.8626,1.1886,6.5053
1301,126,2,72,6,2.4463,12.989,1.5171,9.5368
1302,779,8,107,9,0.58973,7.0147,0.84191,6.2927
1303,1865,24,22,5,7.5635,21.841,4.2629,11.488
1304,1766,21,28,5,2.1405,11.227,1.5033,8.2286
1305,85,2,25,5,6.1157,24.896,4.9769,21.678
1306,2229,28,194,10,1.1611,7.7542,0.96492,7.5936
1307,859,10,90,5,1.7327,8.1386,1.0637,8.8347
1308,2234,28,202,10,2.2599,12.44,2.7424,11.013
1309,635,7,127,8,2.1463,8.2394,1.4798,8.0348
1310,1158,13,48,6,5.8868,22.642,5.6296,19.004
1311,865,10,96,7,1.9848,6.9834,1.1427,8.7644
1312,1909,25,45,6,4.0779,16.227,3.4245,12.288
1313,1543,19,125,7,1.7723,15.562,2.2849,10.611
1314,1125,12,103,10,1.8396,10.258,1.6324,8.867
1315,1873,24,31,5,3.6887,12.134,3.4999,17.28
1316,1886,25,13,4,5.369,19.755,5.885,15.932
1317,199,3,55,6,2.424,13.168,1.1614,9.1293
1318,468,6,9,4,14.07,30.486,13.421,39.108
1319,1411,18,105,7,1.1824,6.4363,0.64027,6.4409
1320,844,10,72,6,3.3184,28.354,2.9186,15.834
1321,849,10,78,7,10.501,33.604,8.1369,24.957
1322,2266,41,46,6,8.3088,21.488000000000003,6.013999999999999,14.769
1323,1632,19,261,8,2.1959,9.5099,1.5155,9.5568
1324,698,7,196,9,1.8363,7.8459,1.2962,7.9101
1325,2162,28,106,7,2.3739,10.232,2.3932,9.5735
1326,568,7,54,6,2.7663,9.5272,2.5395,12.731
1327,1242,13,149,8,1.7517,10.999,1.2737,9.8391
1328,488,6,36,5,6.8242,18.761,4.4012,16.835
1329,405,5,28,5,6.7277,23.494,7.025,20.649
1330,175,3,24,5,3.4406,18.767,6.3596,20.029
1331,1343,18,29,5,5.4881,24.54,4.9464,16.815
1332,1764,21,24,5,14.969,35.176,15.966,32.251
1333,1060,12,20,4,5.9017,21.2,5.4342,15.628
1334,1677,19,353,10,5.9307,18.155,4.9582,13.963
1335,1972,25,115,8,0.8254600000000001,6.3214,0.9669,6.6655
1336,990,11,80,6,16.999000000000002,38.856,15.204,31.266
1337,379,4,201,7,3.0137,16.995,2.9689,15.49
1338,1697,19,386,10,2.2219,11.239,2.5407,14.437
1339,1675,19,351,10,2.438,13.833,2.1358,9.389
1340,1971,25,114,8,4.218999999999999,14.11,4.2724,11.615
1341,1874,24,33,5,2.9202,12.134,2.889,13.34
1342,243,4,36,6,6.117999999999999,26.058000000000003,5.2593,17.742
1343,2042,27,42,5,1.3865,4.8731,0.81465,5.4427
1344,1604,19,211,8,2.3515,18.155,2.1651,11.692
1345,2014,26,45,7,4.7717,16.987000000000002,2.6579,12.127
1346,1705,19,400,10,1.876,7.4955,1.8452,8.8499
1347,1526,19,100,7,3.6743,20.749,2.2567,10.393
1348,1202,13,98,7,7.6147,27.408,7.8129,23.758000000000003
1349,2345,41,138,9,1.352,9.8488,1.1356,7.2479
1350,1832,23,25,4,13.139,33.785,13.379,29.044
1351,1713,19,415,11,1.8069,9.5099,1.402,7.1279
1352,1426,18,124,7,2.3202,9.95,0.8375,6.5303
1353,390,4,224,12,1.4049,14.729,1.6559,12.602
1354,260,4,58,5,3.1723,14.729,2.0294,10.669
1355,229,4,13,3,8.3387,28.324,10.215,24.608
1356,1652,19,305,8,4.487,16.426,4.6802,15.991
1357,954,11,38,5,5.2698,23.071,5.0124,16.797
1358,600,7,90,6,3.6010000000000004,13.116,3.2867,12.084
1359,79,2,13,4,6.2781,20.566,5.7037,16.713
1360,1582,19,182,8,1.8155,12.104,2.1309,10.262
1361,1041,11,144,9,6.5205,23.071,6.3844,20.478
1362,646,7,138,7,4.1018,15.501,3.7401,12.718
1363,532,6,84,10,7.3753,16.416,6.2605,16.878
1364,1108,12,83,8,3.6313,12.31,2.9138,9.4902
1365,909,10,146,9,1.9638,13.652,1.2522,9.8453
1366,2082,27,90,8,1.8419,8.8355,1.3546,8.0972
1367,1884,24,48,7,3.9799,14.561,3.8685,16.032
1368,294,4,96,6,1.7561,12.463,1.471,9.303
1369,1679,19,355,10,2.3602,11.239,2.2152,8.5054
1370,58,1,78,7,3.5469,12.758,2.4653,11.333
1371,388,4,215,10,1.4275,9.2111,2.1373,10.791
1372,1236,13,143,8,2.2046,11.214,1.1840000000000002,7.9208
1373,1881,24,44,6,7.8709,18.605,6.1748,20.59
1374,2221,28,182,10,1.4306,10.325,1.228,7.2027
1375,625,7,117,6,5.795,23.848000000000003,6.001,16.957
1376,241,4,34,6,6.1407,23.792,5.3871,18.77
1377,1612,19,231,8,2.6541,14.697,1.9151,11.895
1378,1560,19,155,7,6.2765,20.749,6.1433,16.695999999999998
1379,1383,18,75,5,6.6817,21.194000000000003,6.4587,20.98
1380,1723,19,432,10,1.2795,11.239,2.2517,12.467
1381,1085,12,48,6,2.5987,9.5741,1.725,7.7426
1382,1601,19,207,8,1.876,11.239,1.8849,8.7379
1383,1119,12,96,9,8.2063,22.567,7.3984,17.378
1384,2102,28,33,5,3.846,18.66,4.9918,18.718
1385,973,11,62,6,2.1249,8.8882,1.366,9.3513
1386,2287,41,67,6,1.54,8.5326,1.5046,6.2236
1387,610,7,100,6,11.255999999999998,27.425,11.415,27.3
1388,105,2,51,6,2.0241,12.989,1.8933,10.402
1389,968,11,57,6,3.8491,16.999000000000002,3.2675,16.865
1390,607,7,97,6,6.9159,15.501,4.8303,14.895
1391,2063,27,67,6,4.9819,13.593,4.1045,11.352
1392,100,2,44,6,2.0241,12.989,1.8933,10.402
1393,2128,28,64,6,2.4569,12.44,2.0173,9.7465
1394,959,11,45,5,4.4077,13.357,3.6858,15.214
1395,1911,25,47,6,2.1024,9.8773,1.4848,7.6683
1396,1986,25,131,10,1.1853,7.0552,1.3197,6.8133
1397,287,4,88,5,10.412,28.324,9.9038,30.591
1398,601,7,91,6,11.255999999999998,27.425,11.415,27.3
1399,993,11,84,6,3.8491,13.357,3.3006,14.632
1400,2071,27,77,7,1.271,5.3965,0.35436,5.0716
1401,910,10,147,8,6.3848,19.953,3.3772,14.325
1402,95,2,39,6,1.1041,7.5553,0.30665,5.4415
1403,5,1,18,4,4.9365,15.880999999999998,3.3607,12.74
1404,2281,41,61,6,1.1013,17.012,1.4541,12.707
1405,1407,18,101,7,1.9409,5.8674,1.105,7.6476
1406,677,7,172,8,3.5652,14.309,2.4513,9.6606
1407,2086,28,10,3,5.1003,19.696,7.197,15.678
1408,263,4,62,7,11.307,47.585,12.392,36.995
1409,764,8,81,6,1.4174,11.380999999999998,1.1262,7.274
1410,343,4,157,8,3.0364,15.862,2.7965,11.877
1411,1305,16,54,6,3.9469,10.583,2.1369,10.505999999999998
1412,1366,18,56,6,5.5997,20.079,4.7171,15.062
1413,1998,26,24,5,6.6248,23.164,6.4769,20.935
1414,2182,28,126,6,1.5653,8.0237,1.1979,6.6098
1415,653,7,146,7,2.7425,10.827,1.7672,9.3029
1416,218,3,77,7,2.1895,8.8517,1.229,7.7347
1417,1137,13,23,5,2.8362,11.619000000000002,2.3906,12.285
1418,262,4,60,5,1.3936,7.9874,0.80424,6.7412
1419,1960,25,103,8,0.8254600000000001,6.3214,0.9669,6.6655
1420,1083,12,46,6,2.0242,9.5741,2.2469,8.6498
1421,1415,18,110,6,3.1679,12.27,1.994,11.647
1422,982,11,71,6,3.0477,9.9567,1.1503,10.222
1423,1491,19,44,5,6.1987,22.478,5.9997,17.371
1424,440,5,83,7,2.3280000000000003,13.883,0.90519,9.8611
1425,2330,41,120,8,4.3066,14.326,3.9565,11.398
1426,1244,13,151,9,2.4906,9.8193,1.1521,8.2936
1427,2362,41,168,10,1.531,8.6669,1.217,6.9982
1428,1436,18,134,8,5.3431,20.079,4.8205,14.987
1429,1210,13,110,7,1.7756,8.4608,0.60014,5.885
1430,173,3,21,5,4.6135,20.331,3.6496,18.118
1431,347,4,161,7,3.3083,16.995,5.2752,15.984000000000002
1432,1937,25,74,7,5.0727,15.521,3.656,12.129
1433,220,3,79,9,3.1747,15.295,2.5449,15.355
1434,658,7,151,8,1.9913,7.5478,1.3089,7.9374
1435,362,4,178,10,2.8098,21.526,2.5814,17.503
1436,1734,19,455,9,1.9366,9.5099,1.3225,7.7878
1437,1065,12,26,5,6.5788,24.619,6.5015,16.703
1438,2338,41,130,7,2.2473,8.8102,0.8796799999999999,6.9053
1439,2046,27,46,5,1.1826,3.6837,0.90535,5.8397
1440,233,4,20,5,9.4037,30.59,9.03,24.199
1441,1662,19,326,9,5.801,19.884,5.9771,17.436
1442,1399,18,92,7,2.3313,6.8267,0.93902,7.4171
1443,377,4,198,9,1.7221,8.8145,0.71699,6.6431
1444,354,4,170,8,5.0304,20.393,4.3886,18.087
1445,821,10,48,6,6.7944,32.554,6.8997,22.587
1446,2089,28,20,4,6.5931,22.806,6.0745,16.632
1447,43,1,62,6,2.4352,13.235,1.6975,10.094
1448,1360,18,49,6,4.038,16.732,3.7548,14.145
1449,231,4,18,5,6.2653,21.526,7.3555,21.59
1450,713,8,18,4,2.5555,13.45,2.8731,13.89
1451,2327,41,115,6,1.2535,8.9535,1.1428,8.6393
1452,936,11,19,5,7.9047,27.927,5.8342,19.738
1453,810,10,35,5,2.7514,13.652,2.3255,10.678
1454,847,10,75,7,2.2473,10.438,1.8821,10.204
1455,1893,25,21,4,2.4058,11.288,2.7808,11.007
1456,931,10,173,10,3.77,10.197,2.2175,12.743
1457,1864,24,20,5,3.4865,11.325,4.0222,13.319
1458,1891,25,18,4,18.343,46.56399999999999,17.393,32.741
1459,2039,27,39,5,4.3362,10.875,3.2361,10.897
1460,464,5,112,9,2.1358,13.883,1.9078,12.545
1461,790,10,8,3,5.6077,30.454,6.7407,23.129
1462,107,2,53,5,2.4679,11.907,1.4353,10.529000000000002
1463,1975,25,120,9,2.6104,11.288,2.8637,9.3323
1464,2146,28,87,7,2.2392,7.3291,1.4327,7.5385
1465,1109,12,84,7,2.3183,9.5741,1.4859,8.5817
1466,1683,19,361,9,5.1872,14.697,3.6624,15.741
1467,1288,16,35,5,3.5278,11.130999999999998,2.6335,12.024
1468,1968,25,111,9,3.3159,12.699000000000002,3.1546,10.265
1469,1857,23,57,8,3.8384,10.323,2.3017,11.091
1470,1139,13,27,5,1.8113,9.5929,1.6837,9.3394
1471,814,10,40,5,1.4177,17.852,2.1278,14.654000000000002
1472,900,10,136,6,1.5122,8.3486,0.79178,5.65
1473,755,8,72,6,1.6244,10.345999999999998,1.8032,8.2715
1474,1087,12,50,6,3.2825,13.677,3.1254,10.731
1475,756,8,73,6,2.5865,16.554000000000002,1.4117,8.0378
1476,1270,16,13,4,17.464000000000002,54.721,14.619000000000002,41.821000000000005
1477,1746,19,485,13,1.3141,8.3514,1.1073,7.3929
1478,2052,27,52,6,4.5741,22.429,5.2503,16.951
1479,1201,13,97,7,3.5988,16.683,3.3736,13.071
1480,166,3,8,3,8.1792,28.15,8.0278,31.233
1481,2216,28,176,9,1.4617,6.9974,1.3597,9.9784
1482,972,11,61,6,3.8613,12.057,1.9629,10.414
1483,1840,23,36,5,8.6247,20.647,7.5537,18.86
1484,796,10,16,4,2.2893,21.003,2.6298,15.203
1485,1146,13,35,5,2.2046,11.917,2.0375,11.094
1486,1063,12,24,5,3.7134,15.729,3.8566,12.921
1487,259,4,57,5,7.5343,24.925,5.8682,22.894
1488,1334,18,19,4,15.617,42.388000000000005,14.371,31.517
1489,1493,19,48,5,8.6454,28.53,8.4103,25.832
1490,1168,13,61,6,1.8828,7.6624,0.82645,7.7776
1491,1359,18,48,6,3.2126,11.155,2.0793,9.4249
1492,2072,27,78,7,2.7526,10.875,2.1743,8.011000000000001
1493,1127,12,105,11,2.4893,4.2399,0.5956,4.3101
1494,71,1,100,7,3.3483,13.235,3.6848,11.175999999999998
1495,1484,19,36,5,10.374,31.123,10.994000000000002,25.145
1496,2065,27,70,7,2.5147,12.234000000000002,1.335,7.9855
1497,676,7,171,8,1.4786,6.8682,0.98971,8.073
1498,374,4,194,9,1.3936,7.7835,4.1064,11.857
1499,324,4,131,7,6.0047,26.058000000000003,4.9124,19.321
1500,365,4,183,11,2.2999,18.128,2.8891,14.145
1501,2021,27,14,3,3.5410000000000004,10.875,6.0317,14.344
1502,1569,19,168,8,9.5099,28.53,9.1451,22.386
1503,1741,19,470,12,2.2564,10.374,2.445,9.5245
1504,1364,18,53,6,1.2605,5.0643,0.8376100000000001,6.5015
1505,145,2,94,7,0.95253,6.7327,0.5269699999999999,4.9307
1506,765,8,82,7,1.0553,9.3219,0.73934,5.4046
1507,1782,21,46,5,0.56133,5.1268,0.41573,4.0924
1508,903,10,140,9,3.3289,15.752,3.1358,15.548
1509,168,3,11,4,12.761,29.714,10.922,30.849
1510,685,7,182,8,5.175,19.078,6.1622,18.065
1511,1162,13,54,5,2.6574,15.492,2.8818,12.275
1512,1810,21,91,8,7.3496,23.201,7.539,18.468
1513,1988,25,134,10,1.5804,7.7607,1.4085,7.99
1514,976,11,65,6,7.5283,24.285,5.1953,16.829
1515,1150,13,40,5,3.1698,15.492,3.0535,12.522
1516,1010,11,103,6,2.8899,14.571,2.342,12.709
1517,2354,41,150,9,3.7157,13.43,5.6704,14.733
1518,1283,16,30,5,3.5394,13.970999999999998,2.9536,22.941
1519,1413,18,108,6,3.2460000000000004,12.27,2.8418,10.345
1520,1204,13,101,7,1.9067,14.3,1.8779,8.9858
1521,1826,23,19,4,8.9344,24.401,7.0602,20.17
1522,662,7,155,7,9.9445,34.579,8.8456,25.756
1523,706,7,207,9,3.4937,13.116,2.2624,10.235
1524,2261,41,41,4,5.8914,21.488000000000003,7.0134,17.458
1525,809,10,34,5,1.1446,11.550999999999998,1.1343,8.3954
1526,1182,13,75,6,2.2522,9.9623,0.97663,7.2189
1527,149,2,103,6,2.8035,14.072,2.6414,11.15
1528,510,6,61,7,17.588,37.521,15.187,34.484
1529,699,7,197,9,1.8482,5.5446,1.1192,7.4879
1530,2358,41,157,7,1.6832,8.9355,1.4276,6.8693
1531,1951,25,94,7,3.0126,14.816,2.7751,10.678
1532,33,1,51,6,8.2848,22.499,5.8186,16.183
1533,1229,13,136,8,2.431,9.5333,0.71024,8.7361
1534,486,6,32,5,3.8459,9.9549,2.3906,11.339
1535,1028,11,125,8,13.357,24.285,10.074,25.08
1536,2126,28,62,6,6.7797,20.733,6.3818,19.049
1537,1437,18,135,8,10.307,25.656,9.7125,23.099
1538,1040,11,143,9,9.556,21.856,6.8995,18.777
1539,1234,13,141,8,7.2572,27.408,7.4056,20.661
1540,341,4,155,7,2.2999,11.33,2.9346,13.693
1541,360,4,176,10,7.8515,26.058000000000003,9.3688,25.91
1542,51,1,71,6,2.3955,11.461,2.7974,16.088
1543,789,8,118,10,1.4485,8.7529,1.2497,7.8538
1544,10,1,25,5,3.8645,15.880999999999998,3.7856,16.936
1545,1575,19,175,8,1.2622,6.4322,0.81818,5.5285
1546,492,6,40,6,3.0017,8.1492,2.9012,14.429
1547,832,10,60,6,4.4316,28.354,4.8653,22.276
1548,52,1,72,6,3.0837,15.880999999999998,2.3756,12.175999999999998
1549,2048,27,48,5,2.9089,8.8355,1.8626,7.1584
1550,544,7,23,5,6.8324,19.078,5.8291,16.934
1551,1019,11,116,7,8.6575,20.642,7.8726,29.208
1552,208,3,65,7,12.714,35.97,13.185,31.156
1553,2318,41,101,8,1.2983,7.4135,0.98512,6.2786
1554,822,10,49,6,2.0478,9.9553,1.0942,8.3517
1555,1029,11,126,8,8.2568,20.642,7.7855,20.983
1556,1322,17,31,6,2.2311,15.416,2.0189,15.196
1557,1374,18,66,6,3.2126,10.608,2.072,11.179
1558,418,5,44,6,5.6171,23.494,6.0779,21.506
1559,615,7,105,6,6.3077,17.886,6.8404,17.619
1560,1004,11,97,7,11.499,30.356,11.129,25.993
1561,1559,19,154,7,13.833,38.904,11.788,31.824
1562,507,6,58,7,2.0754,8.5947,1.2472,7.7205
1563,885,10,120,8,4.2425,15.752,3.1543,12.978
1564,1883,24,47,6,7.8709,18.605,6.1748,20.59
1565,740,8,53,5,2.2762,16.554000000000002,2.1561,10.933
1566,1607,19,216,8,9.5099,29.394,8.685,19.509
1567,2077,27,83,8,1.8419,8.8355,1.3546,8.0972
1568,575,7,61,5,15.501,44.118,13.268,36.746
1569,1644,19,281,8,2.2046,10.374,1.6022,9.226
1570,1948,25,91,7,2.2365,12.699000000000002,8.2448,19.516
1571,255,4,50,4,7.8628,38.521,7.6155,29.102
1572,205,3,61,6,3.9879,14.873,3.4597,15.137
1573,1505,19,66,6,4.9711,21.613000000000003,5.2343,14.522
1574,25,1,42,5,2.8851,12.877,2.3606,12.236
1575,2057,27,59,6,2.3516,8.8355,1.5976,6.8205
1576,444,5,88,7,3.1396,12.815,2.0597,10.297
1577,1860,24,12,4,6.8274,21.032,6.659,18.087
1578,1755,21,13,4,7.4843,29.937,7.3448,26.763
1579,1620,19,243,8,6.631,20.749,5.9344,15.050999999999998
1580,1545,19,135,7,13.833,39.769,9.305,23.413
1581,2227,28,191,10,2.9752,9.8171,2.6583,13.129
1582,1664,19,331,8,0.8558899999999999,9.5099,0.65761,9.4983
1583,930,10,172,11,3.896,15.752,3.1418,14.662
1584,98,2,42,6,1.4937,9.8717,0.46707,5.7445
1585,2155,28,96,6,0.8085899999999999,7.6712,0.61407,6.8149
1586,298,4,100,6,4.9964,23.792,3.7166,15.890999999999998
1587,1175,13,68,6,2.0139,11.583,1.5511,10.856
1588,2323,41,110,8,2.507,14.326,3.2085,11.588
1589,136,2,83,5,1.2773,9.7851,1.0245,7.8366
1590,760,8,77,6,1.645,14.485,1.8695,10.615
1591,2156,28,97,7,5.8156,16.586,5.1421,14.031
1592,1554,19,147,7,5.6973,21.613000000000003,5.0674,18.5
1593,1198,13,94,6,3.4439,13.108,2.9852,12.045
1594,1703,19,397,10,3.2334,11.239,3.1736,12.569
1595,852,10,81,7,1.7852,10.501,0.7789699999999999,6.9206
1596,387,4,214,10,2.0847,14.729,2.5538,10.172
1597,1011,11,104,7,15.785,37.641,16.857,36.81
1598,1720,19,428,10,1.1325,7.0892,0.5159,5.0911
1599,432,5,70,6,1.997,14.951,2.5169,11.673
1600,1926,25,62,6,10.583,32.454,11.528,24.582
1601,1088,12,51,6,4.1237,15.729,4.2497,13.52
1602,1692,19,375,10,1.1325,6.0172,0.58229,5.3613
1603,636,7,128,7,2.3967,8.3706,1.3932,9.1697
1604,2092,28,23,4,5.0381,20.733,4.7452,16.881
1605,54,1,74,6,3.3086,10.985,3.0206,12.486
1606,1380,18,72,6,5.4435,14.501,3.9698,13.812
1607,1946,25,87,7,2.2647,10.583,1.9917,8.1606
1608,1140,13,28,5,5.1837,27.408,5.3459,21.219
1609,723,8,32,5,2.4624,14.485,3.3656,12.706
1610,2153,28,94,6,3.7942,20.733,4.5085,17.101
1611,1067,12,29,5,6.7018,21.884,7.5075,19.643
1612,59,1,81,7,1.3367,11.223,0.8865799999999999,9.9729
1613,1059,12,19,4,4.1647,15.729,3.4774,11.847
1614,1825,23,18,4,9.0282,20.647,8.1377,20.375
1615,1636,19,268,9,1.098,10.374,0.7864300000000001,6.5804
1616,1258,13,170,10,2.4667,11.797,1.0904,8.363999999999999
1617,219,3,78,7,5.2391,20.331,4.6154,18.567
1618,473,6,15,4,3.7639,11.655,2.8186,12.922
1619,2099,28,30,5,4.4369,18.66,4.2841,14.92
1620,1094,12,58,6,1.7986,8.2063,1.2678,6.0727
1621,1208,13,107,7,4.5402,13.108,3.8406,15.661
1622,853,10,82,7,3.623,16.802,4.0119,15.754
1623,482,6,27,5,6.8476,19.933,8.1791,22.129
1624,1813,21,95,9,1.1451,7.2448,0.91591,5.6034
1625,2125,28,60,6,2.7782,8.2518,2.2929,9.339
1626,1058,12,18,4,2.2226,8.8902,1.702,7.0451
1627,2163,28,107,6,1.2544,7.4432,0.78828,6.6969
1628,1183,13,77,7,2.9077,9.7836,1.3751,10.269
1629,169,3,12,4,5.8959,23.458,6.4772,26.557
1630,489,6,37,5,4.4791,16.416,5.4396,17.97
1631,1811,21,92,8,0.8232799999999999,7.4843,0.57309,4.6187
1632,1522,19,95,7,2.8962,16.426,1.7345,8.9553
1633,1398,18,91,7,1.9521,7.4737,1.0598,7.4795
1634,889,10,124,9,2.5203,21.003,1.9312,14.219
1635,1587,19,187,8,2.5936,18.155,2.4843,10.854
1636,1156,13,46,6,2.2284,8.0199,1.0382,6.9495
1637,1312,17,16,4,5.7204,30.195,4.6384,29.879
1638,886,10,121,9,2.9194,10.438,2.0001,11.811
1639,1476,19,19,4,11.239,31.123,10.525,25.772
1640,884,10,117,8,2.1318,19.953,2.0319,16.682000000000002
1641,381,4,205,11,2.2999,18.128,2.7303,15.88
1642,1663,19,330,8,0.78673,7.582000000000001,0.53857,7.0547
1643,433,5,72,6,1.1426,8.4257,2.2836,12.332
1644,2350,41,143,8,0.8237200000000001,5.9988,0.5622699999999999,6.0389
1645,1412,18,107,7,2.3202,9.95,0.8375,6.5303
1646,2356,41,155,10,5.4974,14.326,3.7185,12.479
1647,1468,18,171,9,3.1791,10.43,2.4739,9.9657
1648,1759,21,19,4,2.7168,12.723,2.4145,11.77
1649,711,8,16,4,0.8897700000000001,8.5253,0.53625,5.7685
1650,1902,25,36,5,9.8773,27.515,7.8638,18.799
1651,1444,18,142,8,1.2159,5.4547,0.91002,5.2948
1652,858,10,89,7,2.6358,12.602,1.7862,9.9535
1653,1906,25,42,6,14.816,34.57,14.599,30.042
1654,1243,13,150,8,1.5372,9.0328,0.87224,7.8069
1655,143,2,92,8,2.0566,10.824000000000002,2.1826,13.86
1656,14,1,29,5,4.6189,18.528,4.3712,17.430999999999997
1657,2213,28,173,9,1.4306,7.4639,3.2753,11.98
1658,1309,16,58,6,3.9469,10.583,2.1369,10.505999999999998
1659,273,4,73,7,3.195,18.128,2.0872,10.823
1660,1261,13,173,10,3.2532,13.108,1.0516,9.4298
1661,239,4,32,6,6.7185,26.058000000000003,6.9312,22.228
1662,1945,25,86,7,8.4662,23.988000000000003,8.0436,22.102
1663,1303,16,52,6,2.2354,13.970999999999998,1.4433,10.633
1664,991,11,82,6,16.999000000000002,42.498000000000005,17.624000000000002,37.924
1665,695,7,192,7,4.6145,14.309,3.6894,13.115
1666,690,7,187,8,5.0438,17.886,4.3621,13.488
1667,201,3,57,6,3.5344,17.203,3.489,15.541
1668,148,2,101,7,2.3922,10.824000000000002,0.8699600000000001,12.011
1669,798,10,18,4,3.4444,25.203000000000003,3.7898,19.16
1670,529,6,81,9,6.8359,19.933,5.946000000000001,17.194000000000003
1671,2013,26,44,7,2.548,16.987000000000002,2.2981,12.134
1672,583,7,70,6,4.7815,19.078,4.1271,14.409
1673,966,11,55,6,2.3071,12.142,1.4645,9.0655
1674,2357,41,156,7,2.3548,10.744000000000002,2.134,8.5933
1675,1000,11,92,7,2.2828,9.2646,1.7501,8.8142
1676,99,2,43,6,2.9225,16.236,3.6071,14.787
1677,1142,13,30,5,6.0298,19.067,5.0222,16.5
1678,1837,23,30,5,10.323,30.97,11.004,25.496
1679,861,10,92,7,2.4363,10.029,1.6446,8.647
1680,1315,17,20,5,3.3215,20.13,1.02,17.402
1681,2212,28,172,9,4.1466,11.403,3.667,16.202
1682,2067,27,72,7,4.9139,12.913,3.1645,9.7374
1683,422,5,51,5,2.4028,12.815,2.8712,14.863
1684,1700,19,390,10,1.2795,7.6339,0.80706,6.8715
1685,1506,19,67,6,3.242,15.562,2.6531,10.991
1686,75,1,104,10,2.1705,8.7348,1.7717,8.9228
1687,549,7,32,5,3.1241,13.116,2.8198,11.454
1688,26,1,43,5,2.1308,12.732,1.4805,10.353
1689,998,11,90,7,13.357,30.356,11.55,27.926
1690,1967,25,110,9,2.6104,11.288,2.8637,9.3323
1691,2079,27,87,7,5.9538,15.632,1.6912,7.4072
1692,38,1,57,6,1.4558,8.2187,1.3563,7.7463
1693,2240,41,16,4,5.1482,17.907,5.4859,16.122
1694,315,4,120,7,3.195,21.526,3.2179,13.932
1695,932,10,174,10,1.7327,6.7209,0.7269899999999999,6.7736
1696,1570,19,170,8,2.1354,9.5099,1.4539,7.7195
1697,1338,18,23,5,9.7269,34.58,7.5175,21.353
1698,499,6,49,6,5.382000000000001,12.898,2.6815,10.906
1699,412,5,38,6,2.36,12.815,1.248,8.7731
1700,180,3,31,5,6.3025,23.458,6.1370000000000005,22.743
1701,2047,27,47,5,12.234000000000002,27.866,11.116,22.184
1702,2064,27,68,6,5.9538,15.632,4.2651,11.428
1703,477,6,19,5,8.7823,23.451,7.9009,21.357
1704,1186,13,80,7,13.108,39.325,7.2786,23.368
1705,119,2,65,7,1.4505,5.8992,0.48666,6.0925
1706,2137,28,77,6,3.7527,14.513,2.7109,10.852
1707,2284,41,64,6,4.4499,23.279,1.8107,8.4583
1708,1157,13,47,6,5.8868,22.642,5.6296,19.004
1709,1259,13,171,10,1.5849,10.058,1.1225,8.0441
1710,1659,19,320,9,5.1959,19.884,6.4878,16.038
1711,2205,28,165,9,2.3117,9.9,1.4983,8.7519
1712,1689,19,372,10,0.98557,5.4552,0.54206,5.5202
1713,382,4,208,8,1.3029,7.387,2.1579,9.9058
1714,0,1,8,3,9.7671,30.439,6.8638,19.231
1715,370,4,190,9,2.0054,11.205,1.5885,9.9579
1716,823,10,50,6,2.2158,12.602,1.8906,11.282
1717,1036,11,135,8,2.9385,8.014,1.9309,9.6679
1718,2088,28,12,4,7.0181,25.916,6.4686,19.574
1719,1299,16,48,6,4.2729,13.970999999999998,3.502,13.313
1720,1141,13,29,5,2.9315,15.492,1.99,12.661
1721,577,7,63,6,3.6964,10.111,3.256,12.723
1722,269,4,69,7,1.7334,6.6959,0.59027,5.7889
1723,2152,28,93,7,1.1922,7.3291,0.79132,5.337999999999999
1724,1950,25,93,7,8.4662,23.988000000000003,8.0436,22.102
1725,1655,19,308,8,2.8703,12.968,1.9878,9.5087
1726,1760,21,20,4,2.8964,15.717,3.0506,10.467
1727,1357,18,46,6,2.1975,8.1987,1.2067,7.4622
1728,2019,26,50,10,3.0885,11.288,2.2913,11.887
1729,969,11,58,6,3.3513,12.142,1.4633,11.567
1730,1013,11,106,7,9.3982,24.285,7.587999999999999,22.159
1731,1538,19,120,7,1.4957,12.104,1.2819,8.0377
1732,913,10,150,9,4.2846,10.501,2.5326,13.026
1733,2131,28,68,6,6.7797,20.733,6.3818,19.049
1734,368,4,188,8,2.164,12.463,3.431,15.373
1735,543,7,22,5,4.9723,19.078,4.747,14.96
1736,941,11,25,5,1.9185,10.625,1.1098,7.8368
1737,824,10,51,6,2.5518,27.304,2.0725,19.877
1738,1982,25,127,10,1.8908,9.1717,1.5361,7.0976
1739,1775,21,38,5,1.8337,8.9812,1.4239,7.2831
1740,1876,24,36,6,3.3085,12.134,2.9247,11.319
1741,2202,28,160,8,5.8986,20.733,6.4886,19.37
1742,1047,11,152,9,4.687,13.357,3.5003,14.179
1743,1172,13,65,6,2.4548,10.117,0.72756,8.3581
1744,1548,19,140,7,8.5503,28.53,9.7745,22.909
1745,572,7,58,5,6.2243,20.271,6.9752,23.059
1746,1820,23,13,4,8.7279,25.339,9.0919,24.367
1747,2157,28,98,7,12.44,35.246,11.331,27.82
1748,1961,25,104,8,4.8399,16.227,5.2234,13.95
1749,1120,12,97,8,1.737,6.0317,1.7904,7.7339
1750,40,1,59,6,1.7073,8.9466,1.2469,9.2757
1751,2231,28,198,9,1.866,8.9463,1.361,8.3991
1752,2170,28,114,7,5.1314,20.733,4.4189,14.622
1753,1821,23,14,4,10.323,22.524,8.8682,22.4
1754,943,11,27,5,5.6341,21.856,5.0911,18.108
1755,1640,19,275,8,1.9711,12.104,1.5932,8.8243
1756,128,2,74,5,9.2764,28.143,7.9522,19.981
1757,1829,23,22,5,6.7758,17.831,6.0259,17.58
1758,155,2,112,7,2.2406,10.37,2.155,9.7928
1759,834,10,62,6,2.6148,14.702,1.414,9.0473
1760,1853,23,53,7,5.4338,15.954,4.5506,15.142
1761,1370,18,61,6,2.7998,13.386,2.6517,12.474
1762,688,7,185,8,6.6178,16.692999999999998,5.9022,16.212
1763,2127,28,63,6,2.7782,8.2518,2.2929,9.339
1764,267,4,66,7,3.7275,21.526,4.6269,9.463
1765,526,6,78,9,12.898,28.141,11.758,24.262
1766,496,6,46,6,3.0017,6.0738,2.5747,15.162
1767,238,4,31,4,4.2373,19.261,3.9168,13.542
1768,53,1,73,6,2.8322,11.091,2.4051,11.666
1769,1110,12,85,7,1.6481,7.5225,1.6777,7.119
1770,1863,24,17,4,8.0165,23.459,7.5494,18.688
1771,178,3,28,5,2.7212,17.203,2.39,11.555
1772,1610,19,224,8,6.631,20.749,5.9344,15.050999999999998
1773,1089,12,52,6,2.0653,7.5225,1.7676,7.5207
1774,1224,13,129,8,1.7517,10.999,1.2737,9.8391
1775,270,4,70,7,2.7191,16.995,2.4334,10.868
1776,501,6,52,6,15.243,35.176,14.757,30.486
1777,2032,27,31,5,3.976,11.554,2.4121,10.014
1778,1249,13,157,8,2.0735,9.7717,1.0769,8.4095
1779,104,2,50,6,3.0849,14.072,1.9236,10.978
1780,1247,13,154,8,2.7051,11.845,1.4177,10.127
1781,1470,18,173,9,1.082,6.1909,0.58746,6.9766
1782,1076,12,39,5,2.6671,10.258,2.0379,7.983
1783,2232,28,200,11,1.7105,8.738999999999999,0.6633,6.8173
1784,1614,19,237,8,4.6599,18.155,4.5565,14.152
1785,310,4,114,6,1.4389,9.2111,1.3431,9.0019
1786,1808,21,88,8,0.8532200000000001,5.2989,0.50315,3.7576
1787,271,4,71,7,4.2373,22.659,2.9083,12.037
1788,248,4,41,6,6.4806,26.058000000000003,7.1611,20.586
1789,574,7,60,5,17.886,48.888000000000005,16.157,37.825
1790,1062,12,23,4,6.8386,19.832,5.8917,15.86
1791,808,10,30,5,1.6067,18.902,1.4935,14.831
1792,2080,27,88,8,1.1622,6.0014,0.79676,5.1286
1793,2011,26,42,10,1.7141,8.2463,1.2895,8.086
1794,1131,13,14,4,1.7637,8.8302,0.8475799999999999,9.214
1795,592,7,80,5,10.278,32.195,10.286,30.795
1796,164,2,125,11,1.0283,5.7477,0.63777,5.484
1797,150,2,104,6,3.6045,15.154000000000002,2.2033,11.979
1798,548,7,31,5,1.6932,6.7966,0.93778,7.3275
1799,588,7,75,6,3.7083,13.116,3.439,12.128
1800,1695,19,383,10,5.6973,14.697,5.1422,15.809
1801,722,8,31,5,0.9415,8.7529,0.6138899999999999,5.8924
1802,19,1,35,5,3.9704,18.528,4.14,15.466
1803,395,5,12,4,2.3173,11.747,2.4909,17.101
1804,1472,18,176,10,2.3648,7.1837,1.4362,8.1056
1805,686,7,183,8,2.1821,10.517,1.4466,7.2751
1806,327,4,134,7,10.752,27.191,9.4685,26.206
1807,591,7,78,5,17.886,48.888000000000005,16.641,36.628
1808,1432,18,130,7,2.1529,12.27,1.1658,11.698
1809,565,7,51,6,4.5549,19.078,3.0797,10.514
1810,2129,28,65,6,1.7727,7.5779,1.7956,8.9304
1811,1531,19,106,7,3.8472,12.104,3.0472,9.8579
1812,1668,19,337,9,5.1699,18.155,4.6951,13.895
1813,1313,17,17,5,2.0466,23.485,2.7103,19.518
1814,386,4,213,10,1.5522,8.5313,0.70095,5.894
1815,1264,16,7,3,17.464000000000002,54.721,9.1367,32.799
1816,1298,16,47,6,2.7710000000000004,8.604,2.2363,9.5735
1817,1849,23,49,6,2.3837,6.9448,1.8621,10.109
1818,1499,19,57,6,3.2334,15.562,3.2971,11.8
1819,1205,13,102,7,1.6564,14.3,1.2808,9.192
1820,1769,21,31,5,1.7888,12.723,1.8657,9.8166
1821,1866,24,23,5,8.0893,24.268,6.7909,15.574000000000002
1822,2242,41,18,4,8.2909,35.814,8.2921,26.569000000000003
1823,1481,19,33,5,11.239,31.123,6.154,15.792
1824,2352,41,146,10,1.531,8.6669,1.217,6.9982
1825,2184,28,129,8,3.6905,13.477,3.4726,16.03
1826,709,8,14,4,1.9554,9.6633,1.8006,8.3536
1827,2243,41,19,3,10.744000000000002,31.337,10.915,24.926
1828,2320,41,105,7,0.68942,7.4403,0.48862,4.588
1829,1599,19,205,8,4.3227,17.291,3.7925,13.333
1830,1330,18,12,4,8.3772,26.771,7.6528,18.796
1831,1536,19,116,7,4.7117,17.291,5.037,16.652
1832,1678,19,354,10,2.3083,12.104,2.6904,10.362
1833,2277,41,57,6,3.3844,14.326,3.2768,11.148
1834,1856,23,56,8,2.1304,8.1554,1.1737,7.9037
1835,2333,41,123,6,5.6675,19.698,5.7845,16.245
1836,2244,41,21,5,3.5724,14.326,3.6616,11.833
1837,898,10,134,8,2.1108,13.652,2.3397,11.616
1838,283,4,84,6,4.8038,24.925,7.3757,20.051
1839,1529,19,103,7,2.7060000000000004,13.833,1.8724,10.617
1840,1973,25,116,8,1.2135,9.1717,0.81494,5.8972
1841,1549,19,141,7,11.239,30.259,12.358,30.148000000000003
1842,446,5,90,10,3.6095,20.29,4.5363,15.148
1843,2038,27,38,5,2.841,12.234000000000002,2.4037,11.533
1844,1846,23,45,6,1.5673,8.8687,1.7579,8.4362
1845,27,1,44,5,2.2631,9.5554,1.4918,9.7656
1846,820,10,47,5,3.2659,21.003,2.8713,14.773
1847,569,7,55,6,2.0032,6.1647,1.3961,7.9374
1848,2010,26,41,6,1.1582,8.863999999999999,0.91291,5.7917
1849,82,2,22,5,3.6586,18.401,2.9028,15.202
1850,1541,19,123,7,1.9279,9.5099,1.944,10.062
1851,1072,12,35,5,4.2331,17.097,3.8407,11.865
1852,1598,19,201,8,2.559,16.426,2.1554,8.8102
1853,410,5,36,6,1.2067,9.6858,0.8900600000000001,6.7595
1854,882,10,115,8,5.0932,19.953,4.7422,15.703
1855,539,7,18,4,6.4151,22.655,6.132999999999999,16.461
1856,2256,41,35,5,4.4499,23.279,3.5981,18.314
1857,2068,27,73,7,4.5061,14.273,4.441,12.164
1858,1355,18,44,6,5.2204,21.194000000000003,4.14,15.538
1859,430,5,64,8,1.3349,7.0267,0.71345,12.013
1860,922,10,164,9,0.99763,7.2039,0.92605,7.1434
1861,319,4,124,7,2.7078,13.595999999999998,2.7684,13.212
1862,1894,25,22,5,9.1717,29.632,8.8712,23.558000000000003
1863,971,11,60,6,3.9341,13.357,2.8752,13.964
1864,372,4,192,9,2.8551,10.752,1.6397,10.377
1865,125,2,71,5,1.2773,9.7851,1.0245,7.8366
1866,346,4,160,7,4.0107,21.526,4.2643,14.873
1867,416,5,42,6,5.7346,19.222,5.4864,15.467
1868,728,8,39,5,2.7314,19.658,3.2301,13.137
1869,1698,19,387,10,4.9365,17.291,5.1119,16.898
1870,681,7,176,8,3.0287,10.028,2.3385,9.2294
1871,2012,26,43,7,9.1882,27.796,7.6313,23.284
1872,1878,24,38,6,2.4511,9.7072,2.5104,8.3836
1873,1666,19,334,9,4.2881,14.697,4.257,14.681
1874,1310,16,60,8,1.9793,8.6157,1.2412,9.1129
1875,528,6,80,9,6.5193,16.416,5.6898,15.536
1876,920,10,160,9,2.5833,14.702,2.4268,12.167
1877,21,1,37,5,5.0424,14.558,4.4375,16.886
1878,1349,18,36,5,9.08,26.771,7.5824,21.005
1879,899,10,135,6,0.56707,5.8073,0.5579,4.5562
1880,1667,19,335,9,5.8616,22.478,5.2346,15.701
1881,1977,25,122,9,4.3107,14.11,4.4475,11.732
1882,1498,19,55,6,4.3573,17.291,3.7778,12.376
1883,404,5,27,5,3.4493,19.222,3.0601,15.167
1884,2255,41,34,5,3.841,17.012,3.204,12.284
1885,736,8,49,5,4.1178,21.727,4.6068,15.877
1886,776,8,100,7,1.5209,10.015,1.2884,8.7973
1887,761,8,78,6,1.6244,10.345999999999998,1.8032,8.2715
1888,511,6,62,7,11.725,31.659,12.892,31.506
1889,1550,19,142,7,13.833,39.769,9.305,23.413
1890,1952,25,95,8,4.8399,16.227,5.2234,13.95
1891,1928,25,64,6,6.7236,19.049,2.0262,9.1567
1892,1440,18,138,7,2.8556,14.501,3.1587,10.401
1893,1200,13,96,7,4.0755,16.683,2.3456,10.959
1894,1730,19,447,11,1.5648,7.046,1.4303,8.7934
1895,2332,41,122,6,0.7431399999999999,5.8824,0.4002199999999999,4.3666
1896,1908,25,44,6,2.5328,10.583,2.1806,10.478
1897,530,6,82,10,2.0871,7.0001,2.1401,9.9351
1898,1944,25,85,7,2.1871,9.1717,0.75773,6.9009
1899,608,7,98,6,3.6010000000000004,13.116,3.2867,12.084
1900,1124,12,102,10,1.9558,6.8386,0.99441,6.4924
1901,829,10,56,6,2.1843,18.902,2.1448,15.099
1902,1847,23,46,6,2.1679,9.3848,1.325,7.0643
1903,1285,16,32,5,4.1914,15.136,2.3431,12.348
1904,939,11,22,5,6.7026,21.856,4.5415,17.458
1905,66,1,91,9,2.0249,9.5156,5.3749,15.659
1906,1092,12,56,6,1.5182,10.258,1.3166,7.612999999999999
1907,775,8,99,7,2.0382,12.415,1.5659,9.2565
1908,1195,13,90,6,2.7051,15.492,2.4376,10.655
1909,2031,27,29,5,3.4730000000000003,11.554,2.6854,10.144
1910,773,8,95,7,1.7589,9.2909,1.3812,8.9875
1911,1556,19,149,7,2.4985,12.104,2.7557,11.369000000000002
1912,1187,13,81,7,3.3724,15.492,3.3293,13.739
1913,1171,13,64,6,4.8024,19.067,4.3255,17.458
1914,883,10,116,8,3.9695,26.253,4.2812,18.81
1915,582,7,69,6,4.1734,15.501,3.0742,12.043
1916,1983,25,128,9,2.0742,9.8773,1.3736,6.9606
1917,2197,28,150,9,1.4306,7.4639,3.2753,11.98
1918,320,4,125,7,3.1723,13.595999999999998,2.6097,14.455
1919,2272,41,52,6,2.0772,16.116,1.6527,12.509
1920,571,7,57,5,6.4389,20.271,5.7503,18.703
1921,411,5,37,6,3.2678,9.9421,2.3385,11.06
1922,2058,27,60,6,2.6303,10.195,1.9921,7.707999999999999
1923,1373,18,65,6,3.7926,13.386,2.7147,12.035
1924,2207,28,167,9,6.645,21.77,6.2273,17.984
1925,161,2,122,8,1.7319,9.3197,1.0408,7.9103
1926,344,4,158,7,1.3822,9.9475,1.5408,8.5566
1927,497,6,47,6,6.6483,22.278,6.7664,19.483
1928,2026,27,23,4,3.5954,8.8355,3.0127,8.8145
1929,1009,11,102,6,2.3313,9.5318,0.72248,8.3805
1930,878,10,111,7,4.7256,30.454,5.8608,22.912
1931,984,11,73,6,3.6549,13.357,3.6604,15.079
1932,1316,17,21,5,4.1099,18.453,3.24,15.782
1933,1672,19,343,10,2.7579,14.697,2.7643,10.991
1934,937,11,20,5,9.5075,27.927,9.4831,25.012
1935,584,7,71,6,3.7083,13.116,3.439,12.128
1936,2087,28,11,4,6.2199,23.843000000000004,6.3621,21.095
1937,2074,27,80,7,0.97191,4.9411,0.36082,4.8177
1938,30,1,47,5,6.1011,19.852,5.3965,17.081
1939,1372,18,64,6,2.3202,9.5038,1.7527,9.4281
1940,892,10,127,8,2.5413,13.652,1.1851,10.501
1941,2286,41,66,6,1.1013,17.012,1.4541,12.707
1942,1289,16,36,5,2.7011,10.735,2.6732,11.255999999999998
1943,533,6,85,11,2.1809,10.412,1.717,7.412000000000001
1944,1824,23,17,4,18.77,40.355,17.88,36.264
1945,693,7,190,8,4.698,17.886,3.85,14.118
1946,1197,13,93,7,1.3704,11.917,1.5411,10.765
1947,2298,41,79,7,1.2535,5.8735,0.8789,5.934
1948,2295,41,76,7,2.4174,10.744000000000002,1.4117,6.8168
1949,901,10,138,9,2.9194,10.438,2.0001,11.811
1950,296,4,98,6,3.5349,16.995,2.8669,16.006
1951,831,10,58,6,6.4268,32.554,7.1055,23.073
1952,818,10,44,5,1.7222,10.501,0.89612,8.939
1953,1578,19,178,8,6.5618,22.478,7.1225,17.605999999999998
1954,450,5,95,9,6.5462,22.426,4.2579,14.484000000000002
1955,425,5,54,7,20.29,45.919,20.007,42.795
1956,1320,17,27,5,2.4324,20.13,2.1668,16.629
1957,495,6,45,6,6.2027,15.243,5.3292,17.641
1958,1957,25,100,7,3.4711,9.1717,2.0472,9.2611
1959,1070,12,33,5,2.6671,15.045,2.1489,10.369000000000002
1960,80,2,15,4,4.0483,21.649,3.6459,21.953000000000003
1961,860,10,91,7,1.3967,8.9367,1.1995,8.8193
1962,1669,19,339,9,2.2997,8.6454,1.5879,7.9339
1963,1844,23,43,6,1.9427,6.9917,1.3746,7.0867
1964,503,6,54,6,4.8543,17.588,3.7504,13.537
1965,139,2,87,8,1.4937,10.824000000000002,0.65818,6.8863
1966,1443,18,141,8,1.1266,5.6889,0.89235,6.5219
1967,1267,16,10,3,7.2186,27.943,8.0358,23.024
1968,2343,41,136,9,2.5249,10.744000000000002,1.4786,7.2468
1969,1617,19,240,8,5.2391,17.291,4.5084,13.22
1970,680,7,175,8,4.2807,15.501,3.9163,14.202
1971,1693,19,376,8,1.1758,8.6454,1.9209,8.5726
1972,428,5,60,7,3.7697,12.815,2.1154,13.111
1973,961,11,50,6,3.5091,18.214,3.3224,13.23
1974,1871,24,29,5,4.8617,16.179000000000002,4.3666,14.093
1975,367,4,185,8,1.8467,6.7525,2.7242,10.554
1976,317,4,122,7,10.752,27.191,9.4685,26.206
1977,60,1,83,8,2.8851,7.901,1.3254,8.5662
1978,2159,28,103,7,7.1944,19.696,4.9686,15.458
1979,867,10,98,7,1.3757,8.6531,0.6463300000000001,7.2132
1980,1848,23,48,6,5.9594,15.954,4.2813,14.519
1981,16,1,32,5,4.8836,21.175,4.3908,16.783
1982,743,8,57,6,2.39,16.554000000000002,2.653,11.514
1983,994,11,85,7,13.357,30.356,11.55,27.926
1984,839,10,67,6,1.4597,8.2541,0.8812,9.2546
1985,1367,18,58,6,4.54,15.617,3.6352,13.415
1986,24,1,41,5,5.585,22.499,4.8472,19.775
1987,1584,19,184,7,2.7319,12.104,1.9662,8.9785
1988,1934,25,70,6,1.919,7.7607,1.7833,9.1724
1989,1520,19,93,7,6.8212,22.478,7.053999999999999,17.476
1990,826,10,53,6,2.8144,15.752,1.969,15.401
1991,2138,28,79,7,2.1355,9.1744,1.4408,7.7313
1992,965,11,54,6,3.8856,12.142,2.6337,11.696
1993,2223,28,185,8,1.1403,8.3036,1.2882,12.537
1994,242,4,35,6,1.4389,12.463,2.2840000000000003,11.638
1995,1095,12,60,6,1.5729,5.9633,0.66896,4.7712
1996,1721,19,430,10,1.4697,9.5099,1.056,6.372000000000001
1997,414,5,40,6,13.883,38.444,14.494000000000002,33.835
1998,2117,28,52,6,0.8293200000000001,8.7597,0.53795,5.3657
1999,2334,41,124,6,3.3665,14.326,2.9193,10.915
2000,581,7,68,6,3.911,15.501,3.4331,15.672
2001,782,8,110,8,0.7863100000000001,9.5185,1.7703,7.8687
2002,2351,41,144,7,2.2294,11.639,2.1346,7.664
2003,1113,12,89,11,2.4893,4.2399,0.5956,4.3101
2004,2208,28,168,10,2.094,8.3762,1.0851,8.69
2005,620,7,112,7,2.5279,7.834,1.4783,8.1478
2006,536,7,15,4,7.4047,27.425,8.0145,22.85
2007,2094,28,25,5,1.9282,8.625,1.7249,8.0136
2008,357,4,173,7,3.2403,16.995,1.8212,9.3153
2009,1405,18,99,6,3.1679,12.27,1.994,11.647
2010,2025,27,21,4,3.7653,12.913,2.6771,10.579
2011,970,11,59,6,2.6956,8.5725,1.6268,10.155
2012,1712,19,413,10,2.9394,10.374,2.7999,13.422
2013,1155,13,45,6,2.8719,13.108,2.7698,13.416
2014,1214,13,116,7,2.5859,9.9027,2.4928,11.037
2015,2104,28,37,5,5.6498,25.916,8.022,22.875
2016,669,7,164,9,1.6693,9.0741,1.1915,7.0079
2017,1812,21,94,9,1.7214,8.2328,0.96928,6.431
2018,1651,19,304,8,2.2046,10.374,1.6022,9.226
2019,672,7,167,8,3.7322,13.116,3.2171,10.536
2020,923,10,165,10,2.0898,25.203000000000003,2.0933,20.154
2021,349,4,164,6,1.8467,11.33,2.3582,10.373
2022,1761,21,21,4,2.5522,12.723,2.1746,8.6629
2023,541,7,20,5,7.7625,25.04,7.6679,21.727
2024,445,5,89,9,1.3455,7.8917,1.0119,6.5037
2025,1532,19,107,7,5.7665,22.478,5.2799,17.259
2026,224,3,84,8,1.3762,8.0072,0.6069399999999999,7.4282
2027,1508,19,74,6,1.7031,8.6454,1.248,7.8046
2028,1297,16,46,6,4.1099,11.630999999999998,2.0568,13.279000000000002
2029,1535,19,114,7,4.1844,17.291,3.9998,14.304
2030,1516,19,85,6,4.6685,18.155,4.8301,15.2
2031,2151,28,92,7,1.4202,8.5628,0.79801,6.0041
2032,1180,13,73,5,2.5382,11.917,1.4621,9.2775
2033,2186,28,135,8,1.3995,8.3347,0.8508700000000001,6.0159
2034,1673,19,349,9,1.7723,10.374,1.0490000000000002,7.3547
2035,1715,19,421,11,1.4524,8.0056,1.0571,6.9167
2036,1068,12,31,5,1.6618,6.0453,0.74078,5.1304
2037,1417,18,112,7,1.8628,8.8123,1.3454,7.8983
2038,793,10,12,4,3.2029,18.902,3.4371,14.518
2039,1728,19,445,11,5.4293,19.884,6.6687,19.624
2040,1336,18,21,5,9.7716,32.349000000000004,10.213,28.588
2041,2373,41,183,11,1.9608,10.744000000000002,1.7499,7.2966
2042,1332,18,14,4,3.1456,14.501,2.8953,13.786
2043,1342,18,27,5,4.4954,14.501,2.5824,11.898
2044,1606,19,214,8,6.2679,21.613000000000003,5.8955,16.102999999999998
2045,2341,41,133,6,1.2356,8.8997,1.1187,6.6286
2046,2121,28,56,6,2.799,13.477,2.457,9.2016
2047,1979,25,124,9,3.2595,15.521,3.5675,11.648
2048,1593,19,195,7,1.6945,9.5099,1.7696,7.9204
2049,895,10,131,8,5.0932,19.953,4.7422,15.703
2050,842,10,70,7,6.4688,23.103,5.8669,17.665
2051,1794,21,64,6,1.4369999999999998,8.2328,1.6586,7.7508
2052,2154,28,95,7,2.6227,9.8275,2.2348,9.2633
2053,214,3,73,8,7.7882,20.331,6.6843,21.749
2054,708,8,13,4,1.8416,10.345999999999998,0.8491299999999999,7.9706
2055,958,11,44,5,20.642,48.569,20.549,45.372
2056,2181,28,125,8,3.4624,12.44,2.846,10.24
2057,1682,19,360,9,2.9394,9.5099,2.3207,10.625
2058,86,2,26,5,4.2648,18.401,3.4045,14.531
2059,2203,28,161,7,0.97445,9.7445,0.81663,6.1342
2060,1941,25,79,7,0.93128,6.8083,0.6277699999999999,4.4872
2061,2191,28,143,8,2.2288,10.367,1.4736,7.9065
2062,506,6,57,6,5.382000000000001,12.898,2.6815,10.906
2063,2224,28,186,8,1.2129,9.361,1.3598,8.2115
2064,455,5,103,7,2.029,9.7392,1.4779,9.2029
2065,2210,28,170,9,1.5342,7.4432,0.72619,5.723
2066,2245,41,22,5,6.5360000000000005,21.488000000000003,7.3734,17.601
2067,1002,11,95,6,4.0677,13.357,2.5941,12.034
2068,284,4,85,6,2.4585,13.595999999999998,1.899,10.491
2069,2043,27,43,5,1.5019999999999998,6.7966,1.6409,8.0535
2070,1872,24,30,5,7.5473,20.223,7.3028,19.344
2071,2200,28,158,8,0.91226,6.6968,2.0525,10.585
2072,2342,41,135,9,2.113,9.8488,1.1547,6.4819
2073,1600,19,206,8,1.0634,5.533,2.1987,11.661
2074,151,2,105,11,1.0283,5.7477,0.63777,5.484
2075,2123,28,58,6,1.0056,10.284,1.3644,7.8196
2076,827,10,54,6,1.6697,7.8445,0.86651,6.4772
2077,2090,28,21,4,5.4735,21.77,5.183,15.932
2078,1753,21,11,3,9.7296,31.434,8.9472,24.219
2079,103,2,49,6,2.9225,16.236,3.6071,14.787
2080,2112,28,47,5,3.4728,15.55,3.1382,11.517
2081,637,7,129,7,2.7425,10.265999999999998,2.211,10.626
2082,967,11,56,6,8.0747,27.927,8.7147,26.025
2083,2299,41,80,7,1.0386,8.8281,1.1543,7.0932
2084,2241,41,17,4,9.8488,34.918,9.4766,30.079
2085,2035,27,34,5,2.841,10.875,2.1229,9.4824
2086,257,4,54,5,5.5629,26.058000000000003,5.0039,17.372
2087,2044,27,44,5,1.9982,7.4762,1.8105,7.0844
2088,1302,16,51,6,3.097,11.643,2.0851,9.6939
2089,876,10,109,8,1.2812,9.5247,1.2005,9.7709
2090,554,7,38,5,3.6368,14.309,3.2475,11.906
2091,1671,19,342,10,1.4784,9.5099,1.446,8.7101
2092,140,2,89,7,1.2231,6.6461,0.90957,6.7047
2093,812,10,37,5,2.1213,17.852,2.4714,13.122
2094,2303,41,84,7,5.7571,23.279,5.0391,20.711
2095,1992,26,14,4,8.1227,38.606,9.9793,29.524
2096,1936,25,72,7,0.8819,8.4662,0.80894,5.5904
2097,1953,25,96,7,3.7816,14.816,2.9731,11.052
2098,2297,41,78,7,2.301,10.744000000000002,1.8563,9.0832
2099,1981,25,126,9,4.6353,16.227,4.0197,12.488
2100,2083,27,91,8,2.8002,10.195,2.1903,8.9582
2101,2118,28,53,6,3.0167,11.403,2.0682,8.5753
2102,1281,16,28,5,2.2121,9.1862,0.98837,7.7697
2103,64,1,89,8,5.2144,14.558,4.0761,14.281
2104,1492,19,45,5,17.291,41.498000000000005,16.714000000000002,33.026
2105,1027,11,124,8,6.1562,19.428,4.6017,15.798
2106,785,8,113,9,0.58973,7.0147,0.84191,6.2927
2107,2310,41,92,7,1.6206,14.326,1.3149,12.712
2108,1642,19,279,9,6.1036,20.749,2.6502,12.407
2109,1523,19,96,7,1.7118,13.833,1.8318,8.6765
2110,2100,28,31,5,4.5094,15.55,3.6633,12.32
2111,1740,19,466,11,1.4524,8.0056,1.0571,6.9167
2112,1189,13,84,7,2.9077,9.7836,1.3751,10.269
2113,2360,41,159,6,1.2356,8.8997,1.1187,6.6286
2114,1585,19,185,7,1.6945,9.5099,1.7696,7.9204
2115,2317,41,100,8,1.4236,7.9507,1.3030000000000002,6.2302
2116,671,7,166,8,3.8872,11.924,2.5803,10.23
2117,2325,41,113,8,4.7543,17.907,4.8724,14.435
2118,1524,19,97,7,2.1959,15.562,2.2824,11.716
2119,1932,25,68,6,1.3546,4.9034,0.50988,5.564
2120,176,3,25,5,12.433,37.534,11.448,30.098000000000003
2121,487,6,34,5,7.4456,18.761,5.8773,17.03
2122,118,2,64,6,2.3272,17.319000000000003,2.0456,12.45
2123,1082,12,45,6,2.7628,8.8902,2.2522,9.2648
2124,586,7,73,6,2.1701,6.105,1.7639,9.8492
2125,129,2,76,6,2.3272,17.319000000000003,2.0456,12.45
2126,1090,12,54,6,4.5408,16.413,5.0477,14.075
2127,1130,13,9,3,10.558,35.75,13.661,35.669000000000004
2128,597,7,85,7,4.3522,14.309,3.3171,11.897
2129,2280,41,60,6,1.2445,7.6642,1.3469,6.4959
2130,1710,19,407,9,1.7031,8.4033,0.48707,5.3721
2131,1084,12,47,6,1.6002,4.6639,0.40669,4.9014
2132,359,4,175,9,2.8551,10.752,1.6397,10.377
2133,2073,27,79,7,2.2429,8.1559,1.952,6.8012
2134,290,4,91,6,0.8270700000000001,7.0811,0.56591,6.777
2135,186,3,39,5,12.496,42.225,11.233,31.904
2136,1954,25,97,7,1.3969,7.7607,1.2364,6.0163
2137,1955,25,98,8,5.6653,18.343,6.0543,15.151
2138,1868,24,25,5,5.1933,14.561,5.065,13.633
2139,1733,19,453,10,1.9366,6.3889,0.41301,5.0884
2140,448,5,92,9,3.5454,16.018,3.2006,13.862
2141,1706,19,402,8,1.072,7.0373,1.0984,11.894
2142,1803,21,80,7,2.3052,17.214000000000002,3.1928,10.859000000000002
2143,78,2,11,4,6.2781,20.566,5.7037,16.713
2144,1308,16,57,7,2.5032,6.4967,1.1935,7.8315
2145,1268,16,11,3,11.352,40.75,11.242,32.488
2146,1091,12,55,6,1.7986,8.2063,1.2678,6.0727
2147,1910,25,46,6,1.538,11.994000000000002,1.5403,6.8695
2148,1464,18,165,8,1.5728,10.742,1.2866,8.4908
2149,1784,21,50,6,1.7813,10.478,1.6268,7.0948
2150,2370,41,180,7,0.77895,6.5092,0.54405,4.5343
2151,81,2,19,4,4.0483,21.649,3.6459,21.953000000000003
2152,1233,13,140,8,3.7776,17.875,2.774,13.78
2153,2347,41,140,9,3.9574,15.220999999999998,3.5996,11.589
2154,1566,19,165,8,1.2622,6.4322,0.81818,5.5285
2155,2040,27,40,5,4.0575,12.234000000000002,3.9291,11.411
2156,115,2,61,7,1.4396,9.8392,0.96426,8.3228
2157,819,10,46,5,2.0583,11.550999999999998,1.4174,10.219
2158,147,2,98,7,0.99583,10.51,1.4605,8.709
2159,807,10,29,5,1.9848,11.550999999999998,1.2828,9.2243
2160,2142,28,83,7,1.1922,7.3291,0.79132,5.337999999999999
2161,734,8,47,5,2.5969,14.485,3.386,14.831
2162,908,10,145,9,2.4468,19.953,2.733,13.361
2163,350,4,165,6,1.7901,12.463,1.5202,9.6417
2164,1326,17,36,6,2.5163,25.163,1.9306,20.087
2165,1707,19,403,11,2.1873,7.9624,1.7438,8.5863
2166,657,7,150,8,3.2552,10.779000000000002,2.0077,8.9745
2167,1519,19,92,7,17.291,41.498000000000005,16.692,32.613
2168,2180,28,124,7,7.184,22.806,6.1607,18.993
2169,1901,25,35,5,1.4534,9.1717,1.0971,7.1169
2170,522,6,74,8,4.2094,16.416,3.2742,11.473
2171,1446,18,144,7,1.7625,6.0236,0.5443899999999999,6.6754
2172,1804,21,81,8,3.1883,14.969,3.2341,10.838
2173,1369,18,60,6,4.8412,14.501,3.3685,13.299
2174,915,10,152,9,0.86111,7.561,0.58526,5.051
2175,20,1,36,5,10.932,30.439,8.8037,23.639
2176,2262,41,42,6,5.0318,17.012,4.7552,13.958
2177,647,7,139,7,7.5717,20.271,6.6372,17.807000000000002
2178,306,4,110,8,3.3423,19.261,2.3333,9.9371
2179,1507,19,72,6,15.562,44.956,15.532,28.389
2180,1833,23,26,4,14.077,34.724000000000004,10.011,22.475
2181,1215,13,118,8,3.2175,11.917,1.9881,10.512
2182,1039,11,138,8,3.7156,11.742,2.0904,9.9467
2183,1704,19,399,10,1.8933,9.5099,1.4393,6.9634
2184,854,10,83,7,5.7442,29.404,5.8344,22.962
2185,928,10,170,10,9.1152,26.253,6.9403,22.423
2186,1324,17,33,7,2.5666,23.485,2.8718,20.028
2187,2062,27,66,7,1.203,6.5927,1.1903,5.6275
2188,1885,25,12,4,7.7607,32.454,8.7767,23.299
2189,7,1,22,4,5.8894,19.852,5.8599,18.861
2190,2305,41,86,6,5.2467,17.012,4.938,13.85
2191,1742,19,473,12,5.8356,16.426,5.945,16.81
2192,1104,12,77,6,4.9648,19.148,4.8979,14.341
2193,1368,18,59,6,2.2086,9.2473,1.198,7.9665
2194,614,7,104,6,2.6471,11.423,1.9477,8.7041
2195,1862,24,16,4,6.5038,20.223,6.4607,17.148
2196,167,3,10,3,9.2583,31.278,10.712,32.463
2197,715,8,20,4,8.2356,27.935,9.2492,26.892
2198,1495,19,52,6,5.2737,28.53,5.5719,18.203
2199,1711,19,408,10,2.2478,6.1469,1.3754,9.7994
2200,249,4,42,6,3.2969,14.729,4.3543,17.561
2201,8,1,23,4,17.205,39.704,18.252,43.12
2202,1030,11,127,8,8.7546,20.642,6.5658,17.913
2203,1790,21,60,6,1.0852,6.4291,0.67247,5.522
2204,1467,18,169,9,2.0079,10.062,1.4389,8.4003
2205,2377,41,193,8,1.6027,7.6821,1.5183,4.8112
2206,949,11,33,5,6.2169,25.499,5.1679,16.95
2207,2053,27,53,6,3.5206,11.554,2.2289,8.1795
2208,2069,27,74,7,1.203,6.5927,1.1903,5.6275
2209,1685,19,368,11,1.5475,6.3544,1.0202,12.552
2210,2018,26,49,9,4.0459,15.412,3.0366,12.475
2211,777,8,103,8,3.3522,17.589000000000002,4.7387,16.91
2212,524,6,76,9,1.8995,7.2228,1.1191,7.5273
2213,562,7,48,6,2.1701,8.6687,1.2763,7.2097
2214,1066,12,27,5,3.7134,12.993,3.8929,12.845999999999998
2215,567,7,53,6,2.5159,8.9906,2.1098,9.4277
2216,1987,25,133,10,1.8908,9.1717,1.5361,7.0976
2217,2120,28,55,6,1.9904,11.403,1.9428,8.4383
2218,335,4,143,9,2.0507,21.526,2.1638,13.753
2219,2076,27,82,8,2.6439,9.5152,1.6345,7.9917
2220,1887,25,14,4,6.9141,24.693,7.4216,21.475
2221,960,11,49,6,4.9662,16.999000000000002,4.5639,17.285999999999998
2222,193,3,48,6,6.7873,18.767,6.142,23.996
2223,402,5,24,5,4.4318,25.629,5.0697,19.77
2224,1897,25,28,5,3.2172,12.699000000000002,3.828,12.133
2225,2259,41,38,5,2.7666,11.639,2.7525,8.924
2226,1485,19,37,5,8.6454,28.53,8.6079,22.227
2227,253,4,46,5,9.8002,29.457,8.9422,31.789
2228,890,10,125,9,1.9638,10.291,1.3783,12.074000000000002
2229,667,7,160,8,2.2894,10.314,2.9286,10.544
2230,2110,28,45,5,3.0996,9.9104,2.0343,9.3771
2231,1263,13,175,11,3.4439,13.108,1.7429,9.2136
2232,707,7,210,10,3.0287,9.9088,1.8511,9.3976
2233,1696,19,384,10,2.438,13.833,2.1358,9.389
2234,879,10,112,7,2.3628,22.053,2.5493,15.984000000000002
2235,1739,19,465,11,1.4351,12.104,1.5677,8.963
2236,726,8,36,5,3.9626,15.519,0.8904799999999999,6.3412
2237,394,5,11,4,1.3669,9.5577,1.6716,13.223
2238,2168,28,112,7,7.1944,19.696,4.9686,15.458
2239,981,11,70,6,7.5283,24.285,5.1953,16.829
2240,1445,18,143,7,3.1233,10.519,2.3528,9.5879
2241,1295,16,44,6,3.8188,15.136,2.4926,12.845
2242,1103,12,75,7,2.5029,8.8902,1.4308,6.9944
2243,2041,27,41,5,4.3566,11.554,3.6966,13.927
2244,1483,19,35,5,12.104,34.582,11.885,27.151
2245,1547,19,139,7,8.1267,24.207,6.787000000000001,19.834
2246,2007,26,37,6,3.2275,13.914,1.9784,10.325
2247,146,2,95,7,2.2406,10.37,2.155,9.7928
2248,479,6,21,5,4.8309,14.07,4.2523,14.92
2249,1915,25,51,6,1.5733,7.7607,0.7458600000000001,5.7578
2250,1154,13,44,6,2.4072,11.202,1.2799,8.3878
2251,1917,25,53,6,3.2454,13.405,2.514,8.8869
2252,230,4,17,5,6.4693,37.388000000000005,8.37,35.336
2253,1834,23,27,5,2.6653,8.9813,1.4186,7.8996
2254,297,4,99,6,4.5885,33.989000000000004,4.5235,22.737
2255,2130,28,66,6,3.0063,12.44,1.6319,7.9834
2256,316,4,121,7,2.6851,19.261,2.5475,14.767
2257,1450,18,150,7,1.6286,6.7709,1.1874,8.3946
2258,1552,19,145,7,0.8904700000000001,6.6656,0.62105,6.0161
2259,1816,21,98,9,4.6104,16.465999999999998,4.7251,12.443
2260,1921,25,57,6,1.5804,6.3497,0.8859999999999999,5.8225
2261,2114,28,49,5,4.4369,18.66,4.4334,15.03
2262,792,10,11,4,3.3604,21.003,3.3541,15.871
2263,2267,41,47,6,1.0386,8.8281,2.0918,13.855
2264,1650,19,303,9,1.5043,8.6454,1.2137,6.1770000000000005
2265,702,7,202,9,3.1241,11.34,2.1319,9.6727
2266,245,4,38,6,2.5152,12.463,1.9095,8.631
2267,1592,19,194,7,2.7319,12.104,1.9662,8.9785
2268,1144,13,33,5,3.1341,19.067,3.4645,14.757
2269,429,5,63,7,7.3044,24.562,7.4102,21.884
2270,950,11,34,5,11.875,30.356,8.7226,24.109
2271,938,11,21,5,7.7104,25.499,6.2184,17.887999999999998
2272,1708,19,404,10,2.7665,9.5099,1.767,7.3715
2273,1922,25,58,6,2.3635,10.583,1.8469,9.3197
2274,780,8,108,8,1.8002,12.415,1.619,9.2086
2275,1192,13,87,6,3.8372,14.3,2.1881,10.733
2276,1756,21,14,4,4.1763,17.214000000000002,4.2882,15.165
2277,1993,26,15,4,9.5589,27.796,8.2354,23.295
2278,1797,21,71,7,1.1077,5.9276,0.89086,6.1353
2279,1938,25,75,7,4.218999999999999,16.227,3.7772,13.669
2280,752,8,69,6,0.9415,9.115,1.0187,8.7301
2281,1618,19,241,8,13.833,39.769,12.768,28.324
2282,896,10,132,8,3.2239,15.752,3.1958,14.808
2283,232,4,19,5,7.0811,21.526,7.463999999999999,19.579
2284,617,7,108,7,1.8959,8.454,0.97495,8.5285
2285,512,6,63,8,10.553,26.968000000000004,10.983,25.312
2286,2304,41,85,7,9.8488,25.965,9.2138,21.621
2287,1714,19,420,11,1.4351,12.104,1.5677,8.963
2288,1978,25,123,9,1.5945,8.4662,0.88575,7.2705
2289,114,2,60,7,1.9375,15.154000000000002,1.7654,11.187
2290,1358,18,47,6,4.038,16.732,3.7548,14.145
2291,1572,19,172,8,9.5099,25.936,8.5906,20.26
2292,2189,28,140,8,1.13,7.9097,1.5735,8.2101
2293,1238,13,145,7,1.5134,9.5929,1.0644,8.0435
2294,1003,11,96,6,2.3313,9.5318,0.72248,8.3805
2295,209,3,67,7,2.5804,12.105,2.2076,12.816
2296,465,5,113,11,1.5591,10.679,0.93147,8.378
2297,89,2,31,5,3.5179,18.401,6.2721,18.15
2298,697,7,195,9,2.8498,7.9175,1.9998,9.2258
2299,919,10,157,9,0.81911,5.7547,0.77805,5.2045
2300,490,6,38,5,1.9347,10.037,1.4168,8.1672
2301,1474,19,11,3,15.562,49.279,17.328,35.164
2302,112,2,58,5,11.907,38.967,11.311,29.345
2303,325,4,132,7,2.5379,18.128,1.7475,11.42
2304,407,5,33,6,2.5629,11.747,2.1002,10.739
2305,1397,18,90,7,1.1266,8.1876,1.0218,7.7991
2306,1012,11,105,7,11.499,30.356,11.129,25.993
2307,687,7,184,8,4.1018,13.116,3.2665,12.243
2308,841,10,69,6,2.9089,12.602,2.174,10.858
2309,553,7,37,5,8.9429,32.195,8.1367,26.922
2310,1553,19,146,7,1.8069,6.1382,1.3730000000000002,9.0814
2311,1591,19,193,7,0.86454,6.6569,1.103,6.4632
2312,292,4,93,6,6.8205,46.452,5.723,24.976
2313,1802,21,78,7,3.6973,17.962,4.1707,13.58
2314,1930,25,66,6,5.6794,17.637999999999998,5.7224,15.288
2315,927,10,169,10,3.4234,15.752,1.3479,10.079
2316,862,10,93,7,3.0874,12.602,2.8078,13.082
2317,475,6,17,4,4.9598,16.416,5.2158,15.606
2318,2005,26,33,6,2.3936,10.161,1.8304,10.889
2319,2175,28,119,8,1.5861,9.8378,1.7537,9.3076
2320,1414,18,109,6,2.3202,7.8306,2.0245,10.885
2321,467,6,7,3,14.07,37.521,13.462,31.724
2322,137,2,85,6,2.9875,12.989,2.7914,12.937
2323,2165,28,109,7,5.8156,16.586,5.1421,14.031
2324,391,4,226,9,1.9487,10.287,1.4946,7.9361
2325,1718,19,426,11,2.0576,8.4465,1.4688,7.6833
2326,1159,13,49,6,13.108,39.325,10.206,28.463
2327,108,2,54,5,2.8035,11.907,1.7372,9.8725
2328,92,2,34,4,2.3164,11.907,2.3042,13.904000000000002
2329,240,4,33,6,5.4043,16.995,4.7895,17.945
2330,406,5,32,6,10.412,29.901,10.954,28.522
2331,2367,41,175,10,5.4974,14.326,3.7185,12.479
2332,399,5,21,4,1.73,16.018,2.2811,12.646
2333,1018,11,114,7,5.0512,16.999000000000002,3.6167,17.775
2334,1845,23,44,6,1.1731,6.072,1.2589,8.0798
2335,745,8,59,6,2.3486,12.415,2.1489,10.2
2336,1135,13,21,5,4.0993,21.45,5.0749,17.539
2337,1793,21,63,6,1.8636,11.227,1.3419,7.4983
2338,1161,13,53,6,1.2036,9.2473,1.2272,7.942
2339,2315,41,98,7,1.9966,7.0106,1.6662,7.6166
2340,603,7,93,6,2.6471,11.423,1.9477,8.7041
2341,1786,21,52,6,3.7422,17.214000000000002,4.5036,14.906
2342,9,1,24,5,11.871,27.793000000000003,10.845999999999998,26.34
2343,1735,19,457,11,1.2795,8.1785,0.8379,6.5583
2344,1674,19,350,8,1.7377,11.239,1.3681,8.1724
2345,942,11,26,5,5.0755,13.357,4.0517,15.598
2346,207,3,63,7,2.5804,12.105,2.2076,12.816
2347,1331,18,13,4,6.3805,22.31,5.3317,16.47
2348,1350,18,37,5,4.0603,15.617,3.3096,14.113
2349,1501,19,62,6,2.17,12.968,2.2991,8.9175
2350,57,1,77,7,2.0249,11.527,1.1448,8.9306
2351,1294,16,43,6,2.7128,8.8602,1.3252,10.241
2352,1861,24,15,4,11.325,26.695,10.056,23.703000000000003
2353,45,1,64,6,10.932,30.439,3.39,14.622
2354,1581,19,181,8,1.7896,10.374,1.3202,6.8591
2355,2248,41,25,5,6.151,17.012,5.0221,13.944
2356,609,7,99,6,2.8617,15.501,3.1909,13.809
2357,934,11,14,4,8.9004,27.927,8.6381,23.699
2358,423,5,52,7,6.2472,20.29,6.1155,19.183
2359,1132,13,16,4,3.6584,19.067,4.1459,14.033
2360,2230,28,196,9,3.9186,19.696,2.9494,15.328
2361,2316,41,99,7,2.6234,10.744000000000002,1.8789,8.7268
2362,843,10,71,7,2.6463,15.752,2.3561,10.92
2363,918,10,156,10,1.7327,6.7209,0.7269899999999999,6.7736
2364,90,2,32,5,4.0483,18.401,3.3972,17.07
2365,1008,11,101,7,3.3756,15.785,2.4554,12.355
2366,2166,28,110,8,1.6586,6.872999999999999,0.9483,6.992000000000001
2367,1903,25,38,5,6.7236,19.755,6.8771,17.845
2368,1007,11,100,7,3.3756,10.552,2.1426,9.8867
2369,389,4,220,13,1.6881,9.2904,1.0409,6.6343
2370,963,11,52,6,5.2576,19.428,4.2385,15.629
2371,613,7,103,6,13.116,33.387,11.591,30.681
2372,1958,25,101,7,1.7919999999999998,7.7607,1.4751,8.0006
2373,1633,19,262,8,1.8328,8.6454,1.2303,7.7629
2374,1995,26,17,4,8.863999999999999,27.796,5.7629,21.438
2375,1079,12,42,5,1.8396,10.942,2.3952,8.8147
2376,803,10,25,5,1.3232,9.8188,1.1705,8.6552
2377,215,3,74,7,3.8159,17.203,3.5458,13.916
2378,1276,16,22,4,4.9366,17.464000000000002,7.2896,20.911
2379,500,6,50,6,7.8677,21.106,6.2883,17.723
